[2025-10-09 05:16:48] [model] Rebuilt full-feature model input_dim=361
[2025-10-09 05:16:50] [replay] loaded existing shared buffer size=33039
[2025-10-09 05:16:54] [init] initial checkpoint saved
[2025-10-09 05:18:18] [snapshot] pool_size=1
[2025-10-09 05:20:55] [TRAIN] step=200 loss=1.3098 pl=0.8402 vl=0.4704 ent=0.842 kl=0.5215 top1=0.616 v_acc=0.752 v_brier=0.1558 pos=0.248 samples=242
[2025-10-09 05:22:13] [status] ep_done=130 train_it=250 new_since_train=0 replay_size=48094 workers=10 io_sizes=events:0.0MB,ckpt:0.4MB
[2025-10-09 05:27:14] [status] ep_done=231 train_it=350 new_since_train=2903 replay_size=56997 workers=10 io_sizes=events:0.0MB,ckpt:0.4MB
[2025-10-09 05:27:51] [TRAIN] step=400 loss=1.1568 pl=0.7635 vl=0.3941 ent=0.765 kl=0.4972 top1=0.698 v_acc=0.802 v_brier=0.1322 pos=0.226 samples=248
[2025-10-09 05:28:06] [worker-restart] mark wid=8 gen=0 reason=high_rss
[2025-10-09 05:30:06] [worker-restart] done wid=8 gen=1 new_pid=31820
[2025-10-09 05:30:21] [worker-restart] mark wid=9 gen=0 reason=high_rss
[2025-10-09 05:32:22] [worker-restart] done wid=9 gen=1 new_pid=10984
[2025-10-09 05:32:22] [status] ep_done=258 train_it=400 new_since_train=2369 replay_size=59464 workers=10 io_sizes=events:0.0MB,ckpt:0.4MB
[2025-10-09 05:34:04] [worker-restart] mark wid=1 gen=0 reason=high_rss
[2025-10-09 05:36:04] [worker-restart] done wid=1 gen=1 new_pid=28128
[2025-10-09 05:36:04] [worker-restart] mark wid=0 gen=0 reason=high_rss
[2025-10-09 05:36:04] [worker-restart] mark wid=6 gen=0 reason=high_rss
[2025-10-09 05:38:05] [worker-restart] done wid=0 gen=1 new_pid=19820
[2025-10-09 05:38:05] [worker-restart] done wid=6 gen=1 new_pid=32228
[2025-10-09 05:38:05] [status] ep_done=294 train_it=500 new_since_train=27 replay_size=63129 workers=10 io_sizes=events:0.0MB,ckpt:0.4MB
[2025-10-09 05:38:05] [objtypes] wid=4 ep=50 top=list:243614,tuple:168995,dict:57074,function:26087,set:17900,cell:13065,builtin_function_or_method:10878,getset_descriptor:7972 (top_sum=545585)
[2025-10-09 05:38:05] [objtypes] wid=2 ep=50 top=list:218170,tuple:174612,dict:56544,function:26087,set:17497,cell:13065,builtin_function_or_method:10878,getset_descriptor:7972 (top_sum=524825)
[2025-10-09 05:39:15] [snapshot] pool_size=2
[2025-10-09 05:39:15] [worker-restart] mark wid=5 gen=0 reason=high_rss
[2025-10-09 05:41:15] [worker-restart] done wid=5 gen=1 new_pid=23232
[2025-10-09 05:41:15] [worker-restart] mark wid=3 gen=0 reason=high_rss
[2025-10-09 05:43:16] [worker-restart] done wid=3 gen=1 new_pid=11012
[2025-10-09 05:43:16] [status] ep_done=358 train_it=550 new_since_train=31 replay_size=66154 workers=10 io_sizes=events:0.0MB,ckpt:0.4MB
[2025-10-09 05:44:08] [TRAIN] step=600 loss=1.0455 pl=0.7378 vl=0.3085 ent=0.747 kl=0.3980 top1=0.713 v_acc=0.862 v_brier=0.0957 pos=0.182 samples=247
[2025-10-09 05:44:08] [worker-restart] mark wid=7 gen=0 reason=high_rss
[2025-10-09 05:46:08] [worker-restart] done wid=7 gen=1 new_pid=31792
[2025-10-09 05:47:10] [objtypes] wid=8 ep=50 top=list:223573,tuple:158851,dict:59947,function:26087,set:17114,cell:13065,builtin_function_or_method:10878,getset_descriptor:7972 (top_sum=517487)
[2025-10-09 05:48:40] [status] ep_done=522 train_it=750 new_since_train=0 replay_size=78168 workers=10 io_sizes=events:0.0MB,ckpt:0.4MB
[2025-10-09 05:49:28] [TRAIN] step=800 loss=1.0745 pl=0.7846 vl=0.2908 ent=0.795 kl=0.4902 top1=0.713 v_acc=0.876 v_brier=0.0892 pos=0.135 samples=251
[2025-10-09 05:51:13] [worker-restart] mark wid=9 gen=1 reason=high_rss
[2025-10-09 05:53:13] [worker-restart] done wid=9 gen=2 new_pid=23940
[2025-10-09 05:54:07] [status] ep_done=611 train_it=950 new_since_train=0 replay_size=90196 workers=10 io_sizes=events:0.0MB,ckpt:0.4MB
[2025-10-09 05:54:07] [worker-restart] mark wid=0 gen=1 reason=high_rss
[2025-10-09 05:56:07] [worker-restart] done wid=0 gen=2 new_pid=17632
[2025-10-09 05:56:57] [TRAIN] step=1000 loss=0.9686 pl=0.7327 vl=0.2367 ent=0.750 kl=0.4570 top1=0.750 v_acc=0.907 v_brier=0.0689 pos=0.121 samples=248
[2025-10-09 05:58:39] [worker-restart] mark wid=1 gen=1 reason=high_rss
[2025-10-09 06:00:39] [worker-restart] done wid=1 gen=2 new_pid=32112
[2025-10-09 06:00:39] [status] ep_done=692 train_it=1100 new_since_train=16 replay_size=99239 workers=10 io_sizes=events:0.0MB,ckpt:0.4MB
[2025-10-09 06:00:39] [objtypes] wid=4 ep=100 top=list:499598,tuple:315394,dict:102729,set:36087,function:26087,cell:13065,builtin_function_or_method:10878,getset_descriptor:7972 (top_sum=1011810)
[2025-10-09 06:00:39] [objtypes] wid=2 ep=100 top=list:449509,tuple:319363,dict:101524,set:35760,function:26087,cell:13065,builtin_function_or_method:10878,getset_descriptor:7972 (top_sum=964158)
[2025-10-09 06:00:39] [objtypes] wid=5 ep=50 top=list:241978,tuple:162111,dict:61311,function:26087,set:18433,cell:13065,builtin_function_or_method:10878,getset_descriptor:7972 (top_sum=541835)
[2025-10-09 06:01:47] [snapshot] pool_size=2
[2025-10-09 06:01:47] [objtypes] wid=3 ep=50 top=list:197831,tuple:162849,dict:52910,function:26087,set:14952,cell:13065,builtin_function_or_method:10878,getset_descriptor:7972 (top_sum=486544)
[2025-10-09 06:02:39] [TRAIN] step=1200 loss=0.8111 pl=0.6624 vl=0.1493 ent=0.632 kl=0.4142 top1=0.750 v_acc=0.937 v_brier=0.0430 pos=0.091 samples=252
[2025-10-09 06:02:39] [worker-restart] mark wid=6 gen=1 reason=high_rss
[2025-10-09 06:04:39] [worker-restart] done wid=6 gen=2 new_pid=8860
[2025-10-09 06:05:39] [status] ep_done=846 train_it=1250 new_since_train=1548 replay_size=109793 workers=10 io_sizes=events:0.0MB,ckpt:0.4MB
[2025-10-09 06:08:05] [TRAIN] step=1400 loss=0.8928 pl=0.7512 vl=0.1424 ent=0.783 kl=0.4879 top1=0.770 v_acc=0.937 v_brier=0.0453 pos=0.127 samples=252
[2025-10-09 06:08:05] [objtypes] wid=7 ep=50 top=list:234018,tuple:161223,dict:62009,function:26087,set:18857,cell:13065,builtin_function_or_method:10878,getset_descriptor:7972 (top_sum=534109)
[2025-10-09 06:10:45] [status] ep_done=944 train_it=1550 new_since_train=0 replay_size=126332 workers=10 io_sizes=events:0.0MB,ckpt:0.4MB
[2025-10-09 06:10:52] [objtypes] wid=8 ep=100 top=list:463756,tuple:296929,dict:104561,set:34618,function:26087,cell:13065,builtin_function_or_method:10878,getset_descriptor:7972 (top_sum=957866)
[2025-10-09 06:11:43] [TRAIN] step=1600 loss=0.8987 pl=0.7935 vl=0.1060 ent=0.800 kl=0.5093 top1=0.734 v_acc=0.956 v_brier=0.0313 pos=0.083 samples=252
[2025-10-09 06:11:43] [objtypes] wid=9 ep=50 top=list:217043,tuple:160846,dict:52421,function:26087,set:15590,cell:13065,builtin_function_or_method:10878,getset_descriptor:7972 (top_sum=503902)
[2025-10-09 06:13:13] [snapshot] pool_size=2
[2025-10-09 06:13:13] [mix-multi] assigned past models to players=[1, 3] (pool=2)
[2025-10-09 06:14:15] [objtypes] wid=0 ep=50 top=list:248232,tuple:169622,dict:56714,function:26087,set:17944,cell:13065,builtin_function_or_method:10878,getset_descriptor:7972 (top_sum=550514)
[2025-10-09 06:15:45] [status] ep_done=1051 train_it=1700 new_since_train=1889 replay_size=137263 workers=10 io_sizes=events:0.0MB,ckpt:0.4MB
[2025-10-09 06:19:56] [TRAIN] step=1800 loss=0.9680 pl=0.8540 vl=0.1148 ent=0.820 kl=0.5524 top1=0.714 v_acc=0.964 v_brier=0.0308 pos=0.075 samples=252
[2025-10-09 06:20:45] [status] ep_done=1131 train_it=1800 new_since_train=1538 replay_size=142919 workers=10 io_sizes=events:0.0MB,ckpt:0.4MB
[2025-10-09 06:23:03] [replay] autopurge_append_saved path=checkpoints\replay_autopurge_append.joblib added=94107 total=94107 remove_count=94107 target=50270
[2025-10-09 06:23:03] [replay] memory_purge after_delete removed=94107 cur=50270 target=50270 ratio_before=0.4452
[2025-10-09 06:23:04] [replay] memory_purge after_gc total=14.46GB freed≈-0.28GB
[2025-10-09 06:23:04] [replay] auto_memory_purge ratio=0.45 removed=94107 cur=50270 cap=200000 parent=1.46GB children=12.72GB high=0.65 low=0.50
[2025-10-09 06:23:51] [snapshot] pool_size=2
[2025-10-09 06:23:51] [objtypes] wid=5 ep=100 top=list:474210,tuple:300981,dict:100785,set:34018,function:26087,cell:13065,builtin_function_or_method:10878,getset_descriptor:7972 (top_sum=967996)
[2025-10-09 06:24:21] [worker-restart] mark wid=1 gen=2 reason=high_rss
[2025-10-09 06:26:21] [worker-restart] done wid=1 gen=3 new_pid=28744
[2025-10-09 06:26:21] [status] ep_done=1172 train_it=1850 new_since_train=1248 replay_size=51530 workers=10 io_sizes=events:0.0MB,ckpt:0.4MB
[2025-10-09 06:26:21] [worker-restart] mark wid=4 gen=0 reason=high_rss
[2025-10-09 06:28:21] [worker-restart] done wid=4 gen=1 new_pid=26416
[2025-10-09 06:28:21] [objtypes] wid=3 ep=100 top=list:429843,tuple:309627,dict:97248,set:32531,function:26087,cell:13065,builtin_function_or_method:10878,getset_descriptor:7972 (top_sum=927251)
[2025-10-09 06:30:21] [worker-restart] mark wid=7 gen=1 reason=high_rss
[2025-10-09 06:32:22] [worker-restart] done wid=7 gen=2 new_pid=22360
[2025-10-09 06:32:22] [status] ep_done=1248 train_it=1950 new_since_train=1356 replay_size=57692 workers=10 io_sizes=events:0.0MB,ckpt:0.4MB
[2025-10-09 06:32:22] [worker-restart] mark wid=6 gen=2 reason=high_rss
[2025-10-09 06:34:22] [worker-restart] done wid=6 gen=3 new_pid=17276
[2025-10-09 06:35:08] [TRAIN] step=2000 loss=0.8028 pl=0.8029 vl=0.0008 ent=0.793 kl=0.5424 top1=0.781 v_acc=1.000 v_brier=0.0001 pos=0.000 samples=256
[2025-10-09 06:36:55] [objtypes] wid=9 ep=100 top=list:430256,tuple:299860,dict:91404,set:30756,function:26087,cell:13065,builtin_function_or_method:10878,getset_descriptor:7972 (top_sum=910278)
[2025-10-09 06:37:22] [status] ep_done=1364 train_it=2100 new_since_train=2107 replay_size=67569 workers=10 io_sizes=events:0.0MB,ckpt:0.4MB
[2025-10-09 06:38:41] [objtypes] wid=0 ep=100 top=list:469216,tuple:313107,dict:97701,set:33814,function:26087,cell:13065,builtin_function_or_method:10878,getset_descriptor:7972 (top_sum=971840)
[2025-10-09 06:38:54] [objtypes] wid=2 ep=150 top=list:650429,tuple:461998,dict:139448,set:50577,function:26087,cell:13065,builtin_function_or_method:10878,getset_descriptor:7972 (top_sum=1360454)
[2025-10-09 06:40:52] [TRAIN] step=2200 loss=0.7259 pl=0.7266 vl=0.0000 ent=0.750 kl=0.5101 top1=0.812 v_acc=1.000 v_brier=0.0000 pos=0.000 samples=256
[2025-10-09 06:42:22] [status] ep_done=1449 train_it=2200 new_since_train=2062 replay_size=73531 workers=10 io_sizes=events:0.0MB,ckpt:0.4MB
[2025-10-09 06:44:09] [snapshot] pool_size=2
[2025-10-09 06:44:34] [objtypes] wid=1 ep=50 top=list:219754,tuple:160438,dict:55760,function:26087,set:17430,cell:13065,builtin_function_or_method:10878,getset_descriptor:7972 (top_sum=511384)
[2025-10-09 06:47:08] [objtypes] wid=4 ep=50 top=list:270887,tuple:172349,dict:59575,function:26087,set:19083,cell:13065,builtin_function_or_method:10878,getset_descriptor:7972 (top_sum=579896)
[2025-10-09 06:47:46] [status] ep_done=1514 train_it=2300 new_since_train=0 replay_size=77472 workers=10 io_sizes=events:0.0MB,ckpt:0.4MB
[2025-10-09 06:49:31] [worker-restart] mark wid=6 gen=3 reason=high_rss
[2025-10-09 06:51:32] [worker-restart] done wid=6 gen=4 new_pid=26308
[2025-10-09 06:51:32] [objtypes] wid=8 ep=150 top=list:665699,tuple:434566,dict:142332,set:49221,function:26087,cell:13065,builtin_function_or_method:10878,getset_descriptor:7972 (top_sum=1349820)
[2025-10-09 06:52:46] [status] ep_done=1586 train_it=2350 new_since_train=1363 replay_size=81838 workers=10 io_sizes=events:0.0MB,ckpt:0.4MB
[2025-10-09 06:55:17] [replay] autopurge_append_saved path=checkpoints\replay_autopurge_append.joblib added=54169 total=148276 remove_count=54169 target=28936
[2025-10-09 06:55:17] [replay] memory_purge after_delete removed=54169 cur=28936 target=28936 ratio_before=0.4416
[2025-10-09 06:55:18] [replay] memory_purge after_gc total=15.07GB freed≈-1.00GB
[2025-10-09 06:55:18] [replay] auto_memory_purge ratio=0.44 removed=54169 cur=28936 cap=200000 parent=1.37GB children=12.69GB high=0.65 low=0.50
[2025-10-09 06:55:57] [TRAIN] step=2400 loss=1.1525 pl=1.1530 vl=0.0006 ent=1.164 kl=0.7620 top1=0.727 v_acc=1.000 v_brier=0.0000 pos=0.000 samples=256
[2025-10-09 06:57:40] [replay] autopurge_append_saved path=checkpoints\replay_autopurge_append.joblib added=19419 total=167695 remove_count=19419 target=10373
[2025-10-09 06:57:40] [replay] memory_purge after_delete removed=19419 cur=10373 target=10373 ratio_before=0.4722
[2025-10-09 06:57:40] [replay] memory_purge after_gc total=16.47GB freed≈-1.43GB
[2025-10-09 06:57:40] [replay] auto_memory_purge ratio=0.47 removed=19419 cur=10373 cap=200000 parent=1.25GB children=13.79GB high=0.65 low=0.50
[2025-10-09 06:57:41] [worker-restart] mark wid=5 gen=1 reason=high_rss
[2025-10-09 06:59:41] [worker-restart] done wid=5 gen=2 new_pid=24304
[2025-10-09 07:00:57] [replay] autopurge_append_saved path=checkpoints\replay_autopurge_append.joblib added=6770 total=174465 remove_count=6770 target=3616
[2025-10-09 07:00:57] [replay] memory_purge after_delete removed=6770 cur=3616 target=3616 ratio_before=0.4673
[2025-10-09 07:00:57] [replay] memory_purge after_gc total=17.00GB freed≈-2.12GB
[2025-10-09 07:00:57] [replay] auto_memory_purge ratio=0.47 removed=6770 cur=3616 cap=200000 parent=1.22GB children=13.66GB high=0.65 low=0.50
[2025-10-09 07:00:57] [status] ep_done=1622 train_it=2400 new_since_train=499 replay_size=3616 workers=10 io_sizes=events:0.0MB,ckpt:0.4MB
[2025-10-09 07:00:57] [objtypes] wid=7 ep=50 top=list:407338,tuple:209042,dict:80540,set:28553,function:26087,cell:13065,builtin_function_or_method:10878,getset_descriptor:7972 (top_sum=783475)
[2025-10-09 07:01:27] [worker-restart] mark wid=0 gen=2 reason=high_rss
[2025-10-09 07:03:28] [worker-restart] done wid=0 gen=3 new_pid=30776
[2025-10-09 07:04:45] [replay] autopurge_append_saved path=checkpoints\replay_autopurge_append.joblib added=3542 total=178007 remove_count=3542 target=1891
[2025-10-09 07:04:45] [replay] memory_purge after_delete removed=3542 cur=1891 target=1891 ratio_before=0.4815
[2025-10-09 07:04:46] [replay] memory_purge after_gc total=17.34GB freed≈-2.01GB
[2025-10-09 07:04:46] [replay] auto_memory_purge ratio=0.48 removed=3542 cur=1891 cap=200000 parent=1.20GB children=14.13GB high=0.65 low=0.50
[2025-10-09 07:04:46] [worker-restart] mark wid=9 gen=2 reason=high_rss
[2025-10-09 07:06:46] [worker-restart] done wid=9 gen=3 new_pid=23696
[2025-10-09 07:08:05] [replay] autopurge_append_saved path=checkpoints\replay_autopurge_append.joblib added=1242 total=179249 remove_count=1242 target=662
[2025-10-09 07:08:05] [replay] memory_purge after_delete removed=1242 cur=662 target=662 ratio_before=0.4720
[2025-10-09 07:08:06] [replay] memory_purge after_gc total=17.08GB freed≈-2.05GB
[2025-10-09 07:08:06] [replay] auto_memory_purge ratio=0.47 removed=1242 cur=662 cap=200000 parent=1.18GB children=13.85GB high=0.65 low=0.50
[2025-10-09 07:08:06] [status] ep_done=1656 train_it=2400 new_since_train=2329 replay_size=662 workers=10 io_sizes=events:0.0MB,ckpt:0.4MB
[2025-10-09 07:08:46] [snapshot] pool_size=2
[2025-10-09 07:10:05] [replay] autopurge_append_saved path=checkpoints\replay_autopurge_append.joblib added=903 total=180152 remove_count=903 target=481
[2025-10-09 07:10:05] [replay] memory_purge after_delete removed=903 cur=481 target=481 ratio_before=0.5181
[2025-10-09 07:10:05] [replay] memory_purge after_gc total=18.41GB freed≈-1.91GB
[2025-10-09 07:10:05] [replay] auto_memory_purge ratio=0.52 removed=903 cur=481 cap=200000 parent=1.17GB children=15.33GB high=0.65 low=0.50
[2025-10-09 07:10:06] [worker-restart] mark wid=6 gen=4 reason=high_rss
[2025-10-09 07:12:06] [worker-restart] done wid=6 gen=5 new_pid=25972
[2025-10-09 07:13:24] [replay] autopurge_append_saved path=checkpoints\replay_autopurge_append.joblib added=323 total=180475 remove_count=323 target=172
[2025-10-09 07:13:24] [replay] memory_purge after_delete removed=323 cur=172 target=172 ratio_before=0.4877
[2025-10-09 07:13:24] [replay] memory_purge after_gc total=17.69GB freed≈-2.15GB
[2025-10-09 07:13:24] [replay] auto_memory_purge ratio=0.49 removed=323 cur=172 cap=200000 parent=1.15GB children=14.38GB high=0.65 low=0.50
[2025-10-09 07:13:24] [status] ep_done=1703 train_it=2450 new_since_train=54 replay_size=172 workers=10 io_sizes=events:0.0MB,ckpt:0.4MB
[2025-10-09 07:13:24] [worker-restart] mark wid=4 gen=1 reason=high_rss
[2025-10-09 07:13:24] [worker-restart] mark wid=7 gen=2 reason=high_rss
[2025-10-09 07:15:25] [worker-restart] done wid=4 gen=2 new_pid=2692
[2025-10-09 07:15:25] [worker-restart] done wid=7 gen=3 new_pid=7508
[2025-10-09 07:15:25] [objtypes] wid=1 ep=100 top=list:504420,tuple:313359,dict:99818,set:34945,function:26087,cell:13065,builtin_function_or_method:10878,getset_descriptor:7972 (top_sum=1010544)
[2025-10-09 07:15:40] [worker-restart] mark wid=3 gen=1 reason=high_rss
[2025-10-09 07:17:41] [worker-restart] done wid=3 gen=2 new_pid=26692
[2025-10-09 07:18:24] [status] ep_done=1755 train_it=2500 new_since_train=582 replay_size=3707 workers=10 io_sizes=events:0.0MB,ckpt:0.4MB
[2025-10-09 07:20:10] [TRAIN] step=2600 loss=0.7528 pl=0.7535 vl=0.0000 ent=0.722 kl=0.5629 top1=0.875 v_acc=1.000 v_brier=0.0000 pos=0.000 samples=256
[2025-10-09 07:21:45] [replay] autopurge_append_saved path=checkpoints\replay_autopurge_append.joblib added=7313 total=187788 remove_count=7313 target=3906
[2025-10-09 07:21:45] [replay] memory_purge after_delete removed=7313 cur=3906 target=3906 ratio_before=0.4428
[2025-10-09 07:21:45] [replay] memory_purge after_gc total=15.55GB freed≈-1.45GB
[2025-10-09 07:21:45] [replay] auto_memory_purge ratio=0.44 removed=7313 cur=3906 cap=200000 parent=1.16GB children=12.94GB high=0.65 low=0.50
[2025-10-09 07:22:26] [worker-restart] mark wid=9 gen=3 reason=high_rss
[2025-10-09 07:24:27] [worker-restart] done wid=9 gen=4 new_pid=2104
[2025-10-09 07:24:27] [status] ep_done=1775 train_it=2650 new_since_train=15 replay_size=4885 workers=10 io_sizes=events:0.0MB,ckpt:0.4MB
[2025-10-09 07:24:27] [worker-restart] mark wid=8 gen=1 reason=high_rss
[2025-10-09 07:26:27] [worker-restart] done wid=8 gen=2 new_pid=10484
[2025-10-09 07:28:19] [objtypes] wid=2 ep=200 top=list:865516,tuple:602339,dict:179857,set:66186,function:26087,cell:13065,builtin_function_or_method:10878,getset_descriptor:7972 (top_sum=1771900)
[2025-10-09 07:29:20] [TRAIN] step=2800 loss=0.4135 pl=0.4133 vl=0.0008 ent=0.595 kl=0.2894 top1=0.945 v_acc=1.000 v_brier=0.0000 pos=0.000 samples=256
[2025-10-09 07:29:23] [snapshot] pool_size=2
[2025-10-09 07:29:27] [status] ep_done=1818 train_it=2800 new_since_train=464 replay_size=14364 workers=10 io_sizes=events:0.0MB,ckpt:0.4MB
[2025-10-09 07:34:27] [status] ep_done=1849 train_it=2850 new_since_train=1739 replay_size=18642 workers=10 io_sizes=events:0.0MB,ckpt:0.4MB
[2025-10-09 07:39:27] [status] ep_done=1877 train_it=2900 new_since_train=1856 replay_size=21760 workers=10 io_sizes=events:0.0MB,ckpt:0.4MB
[2025-10-09 07:44:27] [status] ep_done=1907 train_it=2950 new_since_train=1073 replay_size=23980 workers=10 io_sizes=events:0.0MB,ckpt:0.4MB
[2025-10-09 07:49:53] [TRAIN] step=3000 loss=0.5459 pl=0.5427 vl=0.0038 ent=0.630 kl=0.4078 top1=0.898 v_acc=1.000 v_brier=0.0009 pos=0.012 samples=256
[2025-10-09 07:49:58] [snapshot] pool_size=2
[2025-10-09 07:49:58] [status] ep_done=1934 train_it=3000 new_since_train=0 replay_size=25908 workers=10 io_sizes=events:0.0MB,ckpt:0.4MB
[2025-10-09 07:52:03] [objtypes] wid=1 ep=150 top=list:714751,tuple:457101,dict:137696,set:49436,function:26087,cell:13065,builtin_function_or_method:10878,getset_descriptor:7972 (top_sum=1416986)
[2025-10-09 07:54:58] [status] ep_done=1962 train_it=3000 new_since_train=2267 replay_size=28175 workers=10 io_sizes=events:0.0MB,ckpt:0.4MB
[2025-10-09 07:59:58] [status] ep_done=1987 train_it=3050 new_since_train=1023 replay_size=29934 workers=10 io_sizes=events:0.0MB,ckpt:0.4MB
[2025-10-09 08:03:10] [snapshot] pool_size=2
[2025-10-09 08:03:10] [mix-multi] assigned past models to players=[2, 1] (pool=2)
[2025-10-09 08:04:58] [status] ep_done=2007 train_it=3050 new_since_train=2342 replay_size=31253 workers=10 io_sizes=events:0.0MB,ckpt:0.4MB
[2025-10-09 08:06:59] [replay] autopurge_append_saved path=checkpoints\replay_autopurge_append.joblib added=20476 total=208264 remove_count=20476 target=10937
[2025-10-09 08:06:59] [replay] memory_purge after_delete removed=20476 cur=10937 target=10937 ratio_before=0.4405
[2025-10-09 08:07:00] [replay] memory_purge after_gc total=15.36GB freed≈-1.33GB
[2025-10-09 08:07:00] [replay] auto_memory_purge ratio=0.44 removed=20476 cur=10937 cap=200000 parent=1.16GB children=12.87GB high=0.65 low=0.50
[2025-10-09 08:09:13] [replay] autopurge_append_saved path=checkpoints\replay_autopurge_append.joblib added=7317 total=215581 remove_count=7317 target=3908
[2025-10-09 08:09:13] [replay] memory_purge after_delete removed=7317 cur=3908 target=3908 ratio_before=0.4477
[2025-10-09 08:09:14] [replay] memory_purge after_gc total=15.67GB freed≈-1.41GB
[2025-10-09 08:09:14] [replay] auto_memory_purge ratio=0.45 removed=7317 cur=3908 cap=200000 parent=1.15GB children=13.11GB high=0.65 low=0.50
[2025-10-09 08:10:04] [snapshot] pool_size=2
[2025-10-09 08:10:04] [status] ep_done=2023 train_it=3100 new_since_train=0 replay_size=4121 workers=10 io_sizes=events:0.0MB,ckpt:0.4MB
[2025-10-09 08:11:43] [replay] autopurge_append_saved path=checkpoints\replay_autopurge_append.joblib added=2692 total=218273 remove_count=2692 target=1438
[2025-10-09 08:11:43] [replay] memory_purge after_delete removed=2692 cur=1438 target=1438 ratio_before=0.4587
[2025-10-09 08:11:44] [replay] memory_purge after_gc total=15.96GB freed≈-1.36GB
[2025-10-09 08:11:44] [replay] auto_memory_purge ratio=0.46 removed=2692 cur=1438 cap=200000 parent=1.14GB children=13.47GB high=0.65 low=0.50
[2025-10-09 08:13:44] [replay] autopurge_append_saved path=checkpoints\replay_autopurge_append.joblib added=1450 total=219723 remove_count=1450 target=774
[2025-10-09 08:13:44] [replay] memory_purge after_delete removed=1450 cur=774 target=774 ratio_before=0.4627
[2025-10-09 08:13:44] [replay] memory_purge after_gc total=16.10GB freed≈-1.37GB
[2025-10-09 08:13:44] [replay] auto_memory_purge ratio=0.46 removed=1450 cur=774 cap=200000 parent=1.13GB children=13.61GB high=0.65 low=0.50
[2025-10-09 08:15:45] [replay] autopurge_append_saved path=checkpoints\replay_autopurge_append.joblib added=866 total=220589 remove_count=866 target=462
[2025-10-09 08:15:45] [replay] memory_purge after_delete removed=866 cur=462 target=462 ratio_before=0.4666
[2025-10-09 08:15:45] [replay] memory_purge after_gc total=16.41GB freed≈-1.55GB
[2025-10-09 08:15:45] [replay] auto_memory_purge ratio=0.47 removed=866 cur=462 cap=200000 parent=1.12GB children=13.74GB high=0.65 low=0.50
[2025-10-09 08:15:46] [status] ep_done=2041 train_it=3100 new_since_train=1349 replay_size=462 workers=10 io_sizes=events:0.0MB,ckpt:0.4MB
[2025-10-09 08:16:01] [worker-restart] mark wid=0 gen=3 reason=high_rss
[2025-10-09 08:18:01] [worker-restart] done wid=0 gen=4 new_pid=10424
[2025-10-09 08:20:46] [status] ep_done=2065 train_it=3150 new_since_train=578 replay_size=2693 workers=10 io_sizes=events:0.0MB,ckpt:0.4MB
[2025-10-09 08:24:05] [replay] autopurge_append_saved path=checkpoints\replay_autopurge_append.joblib added=2023 total=222612 remove_count=2023 target=1080
[2025-10-09 08:24:05] [replay] memory_purge after_delete removed=2023 cur=1080 target=1080 ratio_before=0.4409
[2025-10-09 08:24:06] [replay] memory_purge after_gc total=15.38GB freed≈-1.34GB
[2025-10-09 08:24:06] [replay] auto_memory_purge ratio=0.44 removed=2023 cur=1080 cap=200000 parent=1.12GB children=12.92GB high=0.65 low=0.50
[2025-10-09 08:26:11] [replay] autopurge_append_saved path=checkpoints\replay_autopurge_append.joblib added=1424 total=224036 remove_count=1424 target=760
[2025-10-09 08:26:11] [replay] memory_purge after_delete removed=1424 cur=760 target=760 ratio_before=0.4433
[2025-10-09 08:26:12] [replay] memory_purge after_gc total=15.75GB freed≈-1.63GB
[2025-10-09 08:26:12] [replay] auto_memory_purge ratio=0.44 removed=1424 cur=760 cap=200000 parent=1.12GB children=13.00GB high=0.65 low=0.50
[2025-10-09 08:26:12] [status] ep_done=2081 train_it=3150 new_since_train=2092 replay_size=760 workers=10 io_sizes=events:0.0MB,ckpt:0.4MB
[2025-10-09 08:26:12] [objtypes] wid=2 ep=250 top=list:1072850,tuple:745551,dict:217207,set:80883,function:26087,cell:13065,builtin_function_or_method:10878,getset_descriptor:7972 (top_sum=2174493)
[2025-10-09 08:28:12] [replay] autopurge_append_saved path=checkpoints\replay_autopurge_append.joblib added=927 total=224963 remove_count=927 target=495
[2025-10-09 08:28:12] [replay] memory_purge after_delete removed=927 cur=495 target=495 ratio_before=0.4535
[2025-10-09 08:28:13] [replay] memory_purge after_gc total=15.77GB freed≈-1.33GB
[2025-10-09 08:28:13] [replay] auto_memory_purge ratio=0.45 removed=927 cur=495 cap=200000 parent=1.12GB children=13.32GB high=0.65 low=0.50
[2025-10-09 08:28:45] [TRAIN] step=3200 loss=0.4421 pl=0.4422 vl=0.0004 ent=0.488 kl=0.2164 top1=0.926 v_acc=1.000 v_brier=0.0000 pos=0.000 samples=204
[2025-10-09 08:30:25] [replay] autopurge_append_saved path=checkpoints\replay_autopurge_append.joblib added=489 total=225452 remove_count=489 target=261
[2025-10-09 08:30:25] [replay] memory_purge after_delete removed=489 cur=261 target=261 ratio_before=0.4546
[2025-10-09 08:30:26] [replay] memory_purge after_gc total=15.82GB freed≈-1.34GB
[2025-10-09 08:30:26] [replay] auto_memory_purge ratio=0.45 removed=489 cur=261 cap=200000 parent=1.13GB children=13.35GB high=0.65 low=0.50
[2025-10-09 08:31:12] [status] ep_done=2104 train_it=3200 new_since_train=547 replay_size=799 workers=10 io_sizes=events:0.0MB,ckpt:0.4MB
[2025-10-09 08:33:14] [replay] autopurge_append_saved path=checkpoints\replay_autopurge_append.joblib added=527 total=225979 remove_count=527 target=280
[2025-10-09 08:33:14] [replay] memory_purge after_delete removed=527 cur=280 target=280 ratio_before=0.4580
[2025-10-09 08:33:14] [replay] memory_purge after_gc total=15.94GB freed≈-1.36GB
[2025-10-09 08:33:14] [replay] auto_memory_purge ratio=0.46 removed=527 cur=280 cap=200000 parent=1.12GB children=13.47GB high=0.65 low=0.50
[2025-10-09 08:33:15] [objtypes] wid=5 ep=50 top=list:1189308,tuple:253840,dict:235632,set:95833,function:26087,cell:13065,builtin_function_or_method:10878,getset_descriptor:7972 (top_sum=1832615)
[2025-10-09 08:35:41] [replay] autopurge_append_saved path=checkpoints\replay_autopurge_append.joblib added=609 total=226588 remove_count=609 target=324
[2025-10-09 08:35:41] [replay] memory_purge after_delete removed=609 cur=324 target=324 ratio_before=0.4608
[2025-10-09 08:35:42] [replay] memory_purge after_gc total=16.18GB freed≈-1.50GB
[2025-10-09 08:35:42] [replay] auto_memory_purge ratio=0.46 removed=609 cur=324 cap=200000 parent=1.13GB children=13.55GB high=0.65 low=0.50
[2025-10-09 08:36:12] [status] ep_done=2121 train_it=3200 new_since_train=1547 replay_size=663 workers=10 io_sizes=events:0.0MB,ckpt:0.4MB
[2025-10-09 08:38:05] [replay] autopurge_append_saved path=checkpoints\replay_autopurge_append.joblib added=438 total=227026 remove_count=438 target=233
[2025-10-09 08:38:05] [replay] memory_purge after_delete removed=438 cur=233 target=233 ratio_before=0.4681
[2025-10-09 08:38:06] [replay] memory_purge after_gc total=16.34GB freed≈-1.43GB
[2025-10-09 08:38:06] [replay] auto_memory_purge ratio=0.47 removed=438 cur=233 cap=200000 parent=1.13GB children=13.78GB high=0.65 low=0.50
[2025-10-09 08:40:09] [replay] autopurge_append_saved path=checkpoints\replay_autopurge_append.joblib added=353 total=227379 remove_count=353 target=188
[2025-10-09 08:40:09] [replay] memory_purge after_delete removed=353 cur=188 target=188 ratio_before=0.4728
[2025-10-09 08:40:10] [replay] memory_purge after_gc total=16.48GB freed≈-1.42GB
[2025-10-09 08:40:10] [replay] auto_memory_purge ratio=0.47 removed=353 cur=188 cap=200000 parent=1.12GB children=13.93GB high=0.65 low=0.50
[2025-10-09 08:42:38] [replay] autopurge_append_saved path=checkpoints\replay_autopurge_append.joblib added=345 total=227724 remove_count=345 target=183
[2025-10-09 08:42:38] [replay] memory_purge after_delete removed=345 cur=183 target=183 ratio_before=0.4802
[2025-10-09 08:42:38] [replay] memory_purge after_gc total=16.98GB freed≈-1.69GB
[2025-10-09 08:42:38] [replay] auto_memory_purge ratio=0.48 removed=345 cur=183 cap=200000 parent=1.12GB children=14.17GB high=0.65 low=0.50
[2025-10-09 08:42:39] [status] ep_done=2135 train_it=3200 new_since_train=2203 replay_size=183 workers=10 io_sizes=events:0.0MB,ckpt:0.4MB
[2025-10-09 08:42:54] [worker-restart] mark wid=6 gen=5 reason=high_rss
[2025-10-09 08:44:54] [worker-restart] done wid=6 gen=6 new_pid=32320
[2025-10-09 08:47:12] [replay] autopurge_append_saved path=checkpoints\replay_autopurge_append.joblib added=611 total=228335 remove_count=611 target=326
[2025-10-09 08:47:12] [replay] memory_purge after_delete removed=611 cur=326 target=326 ratio_before=0.4490
[2025-10-09 08:47:12] [replay] memory_purge after_gc total=16.01GB freed≈-1.71GB
[2025-10-09 08:47:12] [replay] auto_memory_purge ratio=0.45 removed=611 cur=326 cap=200000 parent=1.13GB children=13.17GB high=0.65 low=0.50
[2025-10-09 08:47:13] [objtypes] wid=1 ep=200 top=list:946662,tuple:601232,dict:175632,set:64144,function:26087,cell:13065,builtin_function_or_method:10878,getset_descriptor:7972 (top_sum=1845672)
[2025-10-09 08:47:27] [snapshot] pool_size=2
[2025-10-09 08:49:13] [replay] autopurge_append_saved path=checkpoints\replay_autopurge_append.joblib added=332 total=228667 remove_count=332 target=176
[2025-10-09 08:49:13] [replay] memory_purge after_delete removed=332 cur=176 target=176 ratio_before=0.4615
[2025-10-09 08:49:13] [replay] memory_purge after_gc total=16.04GB freed≈-1.35GB
[2025-10-09 08:49:13] [replay] auto_memory_purge ratio=0.46 removed=332 cur=176 cap=200000 parent=1.12GB children=13.57GB high=0.65 low=0.50
[2025-10-09 08:49:13] [status] ep_done=2158 train_it=3250 new_since_train=125 replay_size=176 workers=10 io_sizes=events:0.0MB,ckpt:0.4MB
[2025-10-09 08:51:36] [replay] autopurge_append_saved path=checkpoints\replay_autopurge_append.joblib added=882 total=229549 remove_count=882 target=471
[2025-10-09 08:51:36] [replay] memory_purge after_delete removed=882 cur=471 target=471 ratio_before=0.4625
[2025-10-09 08:51:36] [replay] memory_purge after_gc total=16.06GB freed≈-1.33GB
[2025-10-09 08:51:36] [replay] auto_memory_purge ratio=0.46 removed=882 cur=471 cap=200000 parent=1.13GB children=13.60GB high=0.65 low=0.50
[2025-10-09 08:53:47] [replay] autopurge_append_saved path=checkpoints\replay_autopurge_append.joblib added=708 total=230257 remove_count=708 target=377
[2025-10-09 08:53:47] [replay] memory_purge after_delete removed=708 cur=377 target=377 ratio_before=0.4640
[2025-10-09 08:53:48] [replay] memory_purge after_gc total=16.27GB freed≈-1.49GB
[2025-10-09 08:53:48] [replay] auto_memory_purge ratio=0.46 removed=708 cur=377 cap=200000 parent=1.12GB children=13.66GB high=0.65 low=0.50
[2025-10-09 08:55:54] [replay] autopurge_append_saved path=checkpoints\replay_autopurge_append.joblib added=533 total=230790 remove_count=533 target=284
[2025-10-09 08:55:54] [replay] memory_purge after_delete removed=533 cur=284 target=284 ratio_before=0.4699
[2025-10-09 08:55:55] [replay] memory_purge after_gc total=16.41GB freed≈-1.44GB
[2025-10-09 08:55:55] [replay] auto_memory_purge ratio=0.47 removed=533 cur=284 cap=200000 parent=1.13GB children=13.84GB high=0.65 low=0.50
[2025-10-09 08:55:55] [status] ep_done=2179 train_it=3250 new_since_train=2356 replay_size=284 workers=10 io_sizes=events:0.0MB,ckpt:0.4MB
[2025-10-09 08:58:14] [replay] autopurge_append_saved path=checkpoints\replay_autopurge_append.joblib added=614 total=231404 remove_count=614 target=327
[2025-10-09 08:58:14] [replay] memory_purge after_delete removed=614 cur=327 target=327 ratio_before=0.4733
[2025-10-09 08:58:15] [replay] memory_purge after_gc total=16.41GB freed≈-1.34GB
[2025-10-09 08:58:15] [replay] auto_memory_purge ratio=0.47 removed=614 cur=327 cap=200000 parent=1.14GB children=13.94GB high=0.65 low=0.50
[2025-10-09 09:00:17] [replay] autopurge_append_saved path=checkpoints\replay_autopurge_append.joblib added=751 total=232155 remove_count=751 target=401
[2025-10-09 09:00:17] [replay] memory_purge after_delete removed=751 cur=401 target=401 ratio_before=0.4734
[2025-10-09 09:00:18] [replay] memory_purge after_gc total=16.41GB freed≈-1.34GB
[2025-10-09 09:00:18] [replay] auto_memory_purge ratio=0.47 removed=751 cur=401 cap=200000 parent=1.13GB children=13.95GB high=0.65 low=0.50
[2025-10-09 09:00:55] [status] ep_done=2199 train_it=3300 new_since_train=1053 replay_size=617 workers=10 io_sizes=events:0.0MB,ckpt:0.4MB
[2025-10-09 09:02:48] [replay] autopurge_append_saved path=checkpoints\replay_autopurge_append.joblib added=404 total=232559 remove_count=404 target=215
[2025-10-09 09:02:48] [replay] memory_purge after_delete removed=404 cur=215 target=215 ratio_before=0.4749
[2025-10-09 09:02:48] [replay] memory_purge after_gc total=16.47GB freed≈-1.35GB
[2025-10-09 09:02:48] [replay] auto_memory_purge ratio=0.47 removed=404 cur=215 cap=200000 parent=1.13GB children=13.99GB high=0.65 low=0.50
[2025-10-09 09:04:54] [replay] autopurge_append_saved path=checkpoints\replay_autopurge_append.joblib added=445 total=233004 remove_count=445 target=237
[2025-10-09 09:04:54] [replay] memory_purge after_delete removed=445 cur=237 target=237 ratio_before=0.4749
[2025-10-09 09:04:54] [replay] memory_purge after_gc total=16.55GB freed≈-1.42GB
[2025-10-09 09:04:54] [replay] auto_memory_purge ratio=0.47 removed=445 cur=237 cap=200000 parent=1.14GB children=13.99GB high=0.65 low=0.50
[2025-10-09 09:07:08] [replay] autopurge_append_saved path=checkpoints\replay_autopurge_append.joblib added=456 total=233460 remove_count=456 target=243
[2025-10-09 09:07:08] [replay] memory_purge after_delete removed=456 cur=243 target=243 ratio_before=0.4777
[2025-10-09 09:07:08] [replay] memory_purge after_gc total=16.58GB freed≈-1.36GB
[2025-10-09 09:07:08] [replay] auto_memory_purge ratio=0.48 removed=456 cur=243 cap=200000 parent=1.14GB children=14.08GB high=0.65 low=0.50
[2025-10-09 09:07:09] [status] ep_done=2215 train_it=3300 new_since_train=1984 replay_size=243 workers=10 io_sizes=events:0.0MB,ckpt:0.4MB
[2025-10-09 09:09:49] [replay] autopurge_append_saved path=checkpoints\replay_autopurge_append.joblib added=423 total=233883 remove_count=423 target=225
[2025-10-09 09:09:49] [replay] memory_purge after_delete removed=423 cur=225 target=225 ratio_before=0.4797
[2025-10-09 09:09:50] [replay] memory_purge after_gc total=16.91GB freed≈-1.63GB
[2025-10-09 09:09:50] [replay] auto_memory_purge ratio=0.48 removed=423 cur=225 cap=200000 parent=1.14GB children=14.14GB high=0.65 low=0.50
[2025-10-09 09:11:54] [replay] autopurge_append_saved path=checkpoints\replay_autopurge_append.joblib added=373 total=234256 remove_count=373 target=199
[2025-10-09 09:11:54] [replay] memory_purge after_delete removed=373 cur=199 target=199 ratio_before=0.4888
[2025-10-09 09:11:54] [replay] memory_purge after_gc total=16.94GB freed≈-1.37GB
[2025-10-09 09:11:54] [replay] auto_memory_purge ratio=0.49 removed=373 cur=199 cap=200000 parent=1.14GB children=14.43GB high=0.65 low=0.50
[2025-10-09 09:12:09] [status] ep_done=2234 train_it=3300 new_since_train=2848 replay_size=311 workers=10 io_sizes=events:0.0MB,ckpt:0.4MB
[2025-10-09 09:14:35] [replay] autopurge_append_saved path=checkpoints\replay_autopurge_append.joblib added=205 total=234461 remove_count=205 target=108
[2025-10-09 09:14:35] [replay] memory_purge after_delete removed=205 cur=108 target=108 ratio_before=0.4886
[2025-10-09 09:14:35] [replay] memory_purge after_gc total=16.98GB freed≈-1.42GB
[2025-10-09 09:14:35] [replay] auto_memory_purge ratio=0.49 removed=205 cur=108 cap=200000 parent=1.14GB children=14.42GB high=0.65 low=0.50
[2025-10-09 09:14:54] [snapshot] pool_size=2
[2025-10-09 09:16:45] [replay] autopurge_append_saved path=checkpoints\replay_autopurge_append.joblib added=182 total=234643 remove_count=182 target=97
[2025-10-09 09:16:45] [replay] memory_purge after_delete removed=182 cur=97 target=97 ratio_before=0.4899
[2025-10-09 09:16:46] [replay] memory_purge after_gc total=17.00GB freed≈-1.40GB
[2025-10-09 09:16:46] [replay] auto_memory_purge ratio=0.49 removed=182 cur=97 cap=200000 parent=1.14GB children=14.46GB high=0.65 low=0.50
[2025-10-09 09:18:55] [replay] autopurge_append_saved path=checkpoints\replay_autopurge_append.joblib added=386 total=235029 remove_count=386 target=205
[2025-10-09 09:18:55] [replay] memory_purge after_delete removed=386 cur=205 target=205 ratio_before=0.4908
[2025-10-09 09:18:56] [replay] memory_purge after_gc total=17.01GB freed≈-1.37GB
[2025-10-09 09:18:56] [replay] auto_memory_purge ratio=0.49 removed=386 cur=205 cap=200000 parent=1.13GB children=14.50GB high=0.65 low=0.50
[2025-10-09 09:18:56] [status] ep_done=2248 train_it=3350 new_since_train=507 replay_size=205 workers=10 io_sizes=events:0.0MB,ckpt:0.4MB
[2025-10-09 09:21:20] [replay] autopurge_append_saved path=checkpoints\replay_autopurge_append.joblib added=447 total=235476 remove_count=447 target=238
[2025-10-09 09:21:20] [replay] memory_purge after_delete removed=447 cur=238 target=238 ratio_before=0.4923
[2025-10-09 09:21:20] [replay] memory_purge after_gc total=17.03GB freed≈-1.35GB
[2025-10-09 09:21:20] [replay] auto_memory_purge ratio=0.49 removed=447 cur=238 cap=200000 parent=1.14GB children=14.54GB high=0.65 low=0.50
[2025-10-09 09:23:37] [replay] autopurge_append_saved path=checkpoints\replay_autopurge_append.joblib added=311 total=235787 remove_count=311 target=165
[2025-10-09 09:23:37] [replay] memory_purge after_delete removed=311 cur=165 target=165 ratio_before=0.4926
[2025-10-09 09:23:37] [replay] memory_purge after_gc total=17.05GB freed≈-1.36GB
[2025-10-09 09:23:37] [replay] auto_memory_purge ratio=0.49 removed=311 cur=165 cap=200000 parent=1.14GB children=14.54GB high=0.65 low=0.50
[2025-10-09 09:25:41] [replay] autopurge_append_saved path=checkpoints\replay_autopurge_append.joblib added=642 total=236429 remove_count=642 target=342
[2025-10-09 09:25:41] [replay] memory_purge after_delete removed=642 cur=342 target=342 ratio_before=0.4921
[2025-10-09 09:25:41] [replay] memory_purge after_gc total=17.05GB freed≈-1.38GB
[2025-10-09 09:25:41] [replay] auto_memory_purge ratio=0.49 removed=642 cur=342 cap=200000 parent=1.14GB children=14.53GB high=0.65 low=0.50
[2025-10-09 09:25:42] [status] ep_done=2270 train_it=3350 new_since_train=2044 replay_size=342 workers=10 io_sizes=events:0.0MB,ckpt:0.4MB
[2025-10-09 09:28:13] [replay] autopurge_append_saved path=checkpoints\replay_autopurge_append.joblib added=311 total=236740 remove_count=311 target=165
[2025-10-09 09:28:13] [replay] memory_purge after_delete removed=311 cur=165 target=165 ratio_before=0.4989
[2025-10-09 09:28:14] [replay] memory_purge after_gc total=17.55GB freed≈-1.66GB
[2025-10-09 09:28:14] [replay] auto_memory_purge ratio=0.50 removed=311 cur=165 cap=200000 parent=1.15GB children=14.74GB high=0.65 low=0.50
[2025-10-09 09:28:29] [worker-restart] mark wid=2 gen=0 reason=high_rss
[2025-10-09 09:30:29] [worker-restart] done wid=2 gen=1 new_pid=9636
[2025-10-09 09:32:21] [replay] autopurge_append_saved path=checkpoints\replay_autopurge_append.joblib added=356 total=237096 remove_count=356 target=189
[2025-10-09 09:32:21] [replay] memory_purge after_delete removed=356 cur=189 target=189 ratio_before=0.4416
[2025-10-09 09:32:21] [replay] memory_purge after_gc total=16.28GB freed≈-2.22GB
[2025-10-09 09:32:21] [replay] auto_memory_purge ratio=0.44 removed=356 cur=189 cap=200000 parent=1.14GB children=12.92GB high=0.65 low=0.50
[2025-10-09 09:32:22] [status] ep_done=2278 train_it=3350 new_since_train=2558 replay_size=189 workers=10 io_sizes=events:0.0MB,ckpt:0.4MB
[2025-10-09 09:33:04] [TRAIN] step=3400 loss=0.4368 pl=0.4370 vl=0.0003 ent=0.464 kl=0.2064 top1=0.887 v_acc=1.000 v_brier=0.0000 pos=0.000 samples=256
[2025-10-09 09:34:54] [replay] autopurge_append_saved path=checkpoints\replay_autopurge_append.joblib added=420 total=237516 remove_count=420 target=224
[2025-10-09 09:34:54] [replay] memory_purge after_delete removed=420 cur=224 target=224 ratio_before=0.4719
[2025-10-09 09:34:54] [replay] memory_purge after_gc total=16.85GB freed≈-1.83GB
[2025-10-09 09:34:54] [replay] auto_memory_purge ratio=0.47 removed=420 cur=224 cap=200000 parent=1.15GB children=13.88GB high=0.65 low=0.50
[2025-10-09 09:37:04] [replay] autopurge_append_saved path=checkpoints\replay_autopurge_append.joblib added=375 total=237891 remove_count=375 target=199
[2025-10-09 09:37:04] [replay] memory_purge after_delete removed=375 cur=199 target=199 ratio_before=0.4866
[2025-10-09 09:37:05] [replay] memory_purge after_gc total=17.06GB freed≈-1.57GB
[2025-10-09 09:37:05] [replay] auto_memory_purge ratio=0.49 removed=375 cur=199 cap=200000 parent=1.15GB children=14.35GB high=0.65 low=0.50
[2025-10-09 09:37:20] [worker-restart] mark wid=1 gen=3 reason=high_rss
[2025-10-09 09:39:21] [worker-restart] done wid=1 gen=4 new_pid=32196
[2025-10-09 09:39:21] [status] ep_done=2292 train_it=3400 new_since_train=781 replay_size=620 workers=10 io_sizes=events:0.0MB,ckpt:0.4MB
[2025-10-09 09:42:53] [replay] autopurge_append_saved path=checkpoints\replay_autopurge_append.joblib added=869 total=238760 remove_count=869 target=463
[2025-10-09 09:42:53] [replay] memory_purge after_delete removed=869 cur=463 target=463 ratio_before=0.4563
[2025-10-09 09:42:54] [replay] memory_purge after_gc total=15.98GB freed≈-1.45GB
[2025-10-09 09:42:54] [replay] auto_memory_purge ratio=0.46 removed=869 cur=463 cap=200000 parent=1.15GB children=13.38GB high=0.65 low=0.50
[2025-10-09 09:44:51] [replay] autopurge_append_saved path=checkpoints\replay_autopurge_append.joblib added=773 total=239533 remove_count=773 target=412
[2025-10-09 09:44:51] [replay] memory_purge after_delete removed=773 cur=412 target=412 ratio_before=0.4589
[2025-10-09 09:44:52] [replay] memory_purge after_gc total=16.14GB freed≈-1.52GB
[2025-10-09 09:44:52] [replay] auto_memory_purge ratio=0.46 removed=773 cur=412 cap=200000 parent=1.15GB children=13.46GB high=0.65 low=0.50
[2025-10-09 09:44:52] [status] ep_done=2302 train_it=3400 new_since_train=2215 replay_size=412 workers=10 io_sizes=events:0.0MB,ckpt:0.4MB
[2025-10-09 09:45:35] [snapshot] pool_size=2
[2025-10-09 09:47:40] [replay] autopurge_append_saved path=checkpoints\replay_autopurge_append.joblib added=791 total=240324 remove_count=791 target=422
[2025-10-09 09:47:40] [replay] memory_purge after_delete removed=791 cur=422 target=422 ratio_before=0.4712
[2025-10-09 09:47:41] [replay] memory_purge after_gc total=16.48GB freed≈-1.47GB
[2025-10-09 09:47:41] [replay] auto_memory_purge ratio=0.47 removed=791 cur=422 cap=200000 parent=1.15GB children=13.85GB high=0.65 low=0.50
[2025-10-09 09:47:41] [worker-restart] mark wid=4 gen=2 reason=high_rss
[2025-10-09 09:49:42] [worker-restart] done wid=4 gen=3 new_pid=18100
[2025-10-09 09:49:53] [status] ep_done=2315 train_it=3450 new_since_train=1100 replay_size=1520 workers=10 io_sizes=events:0.0MB,ckpt:0.4MB
[2025-10-09 09:54:53] [status] ep_done=2326 train_it=3500 new_since_train=515 replay_size=3942 workers=10 io_sizes=events:0.0MB,ckpt:0.4MB
[2025-10-09 09:58:08] [replay] autopurge_append_saved path=checkpoints\replay_autopurge_append.joblib added=2659 total=242983 remove_count=2659 target=1420
[2025-10-09 09:58:08] [replay] memory_purge after_delete removed=2659 cur=1420 target=1420 ratio_before=0.4408
[2025-10-09 09:58:09] [replay] memory_purge after_gc total=15.47GB freed≈-1.43GB
[2025-10-09 09:58:09] [replay] auto_memory_purge ratio=0.44 removed=2659 cur=1420 cap=200000 parent=1.15GB children=12.88GB high=0.65 low=0.50
[2025-10-09 10:00:46] [replay] autopurge_append_saved path=checkpoints\replay_autopurge_append.joblib added=1334 total=244317 remove_count=1334 target=712
[2025-10-09 10:00:46] [replay] memory_purge after_delete removed=1334 cur=712 target=712 ratio_before=0.4424
[2025-10-09 10:00:46] [replay] memory_purge after_gc total=15.59GB freed≈-1.51GB
[2025-10-09 10:00:46] [replay] auto_memory_purge ratio=0.44 removed=1334 cur=712 cap=200000 parent=1.15GB children=12.93GB high=0.65 low=0.50
[2025-10-09 10:00:47] [status] ep_done=2334 train_it=3500 new_since_train=1278 replay_size=712 workers=10 io_sizes=events:0.0MB,ckpt:0.4MB
[2025-10-09 10:02:46] [replay] autopurge_append_saved path=checkpoints\replay_autopurge_append.joblib added=729 total=245046 remove_count=729 target=388
[2025-10-09 10:02:46] [replay] memory_purge after_delete removed=729 cur=388 target=388 ratio_before=0.4455
[2025-10-09 10:02:47] [replay] memory_purge after_gc total=15.66GB freed≈-1.48GB
[2025-10-09 10:02:47] [replay] auto_memory_purge ratio=0.45 removed=729 cur=388 cap=200000 parent=1.16GB children=13.03GB high=0.65 low=0.50
[2025-10-09 10:05:38] [replay] autopurge_append_saved path=checkpoints\replay_autopurge_append.joblib added=421 total=245467 remove_count=421 target=224
[2025-10-09 10:05:38] [replay] memory_purge after_delete removed=421 cur=224 target=224 ratio_before=0.4491
[2025-10-09 10:05:38] [replay] memory_purge after_gc total=15.81GB freed≈-1.51GB
[2025-10-09 10:05:38] [replay] auto_memory_purge ratio=0.45 removed=421 cur=224 cap=200000 parent=1.15GB children=13.15GB high=0.65 low=0.50
[2025-10-09 10:07:39] [replay] autopurge_append_saved path=checkpoints\replay_autopurge_append.joblib added=154 total=245621 remove_count=154 target=82
[2025-10-09 10:07:39] [replay] memory_purge after_delete removed=154 cur=82 target=82 ratio_before=0.4530
[2025-10-09 10:07:39] [replay] memory_purge after_gc total=15.91GB freed≈-1.48GB
[2025-10-09 10:07:39] [replay] auto_memory_purge ratio=0.45 removed=154 cur=82 cap=200000 parent=1.18GB children=13.24GB high=0.65 low=0.50
[2025-10-09 10:07:40] [status] ep_done=2344 train_it=3500 new_since_train=1952 replay_size=82 workers=10 io_sizes=events:0.0MB,ckpt:0.4MB
[2025-10-09 10:09:37] [replay] autopurge_append_saved path=checkpoints\replay_autopurge_append.joblib added=63 total=245684 remove_count=63 target=33
[2025-10-09 10:09:37] [replay] memory_purge after_delete removed=63 cur=33 target=33 ratio_before=0.4608
[2025-10-09 10:09:37] [replay] memory_purge after_gc total=16.01GB freed≈-1.33GB
[2025-10-09 10:09:37] [replay] auto_memory_purge ratio=0.46 removed=63 cur=33 cap=200000 parent=1.35GB children=13.33GB high=0.65 low=0.50
[2025-10-09 10:11:38] [replay] autopurge_append_saved path=checkpoints\replay_autopurge_append.joblib added=193 total=245877 remove_count=193 target=102
[2025-10-09 10:11:38] [replay] memory_purge after_delete removed=193 cur=102 target=102 ratio_before=0.4585
[2025-10-09 10:11:38] [replay] memory_purge after_gc total=16.15GB freed≈-1.55GB
[2025-10-09 10:11:38] [replay] auto_memory_purge ratio=0.46 removed=193 cur=102 cap=200000 parent=1.15GB children=13.45GB high=0.65 low=0.50
[2025-10-09 10:13:37] [replay] autopurge_append_saved path=checkpoints\replay_autopurge_append.joblib added=180 total=246057 remove_count=180 target=95
[2025-10-09 10:13:37] [replay] memory_purge after_delete removed=180 cur=95 target=95 ratio_before=0.4629
[2025-10-09 10:13:37] [replay] memory_purge after_gc total=16.22GB freed≈-1.48GB
[2025-10-09 10:13:37] [replay] auto_memory_purge ratio=0.46 removed=180 cur=95 cap=200000 parent=1.15GB children=13.59GB high=0.65 low=0.50
[2025-10-09 10:13:38] [status] ep_done=2356 train_it=3500 new_since_train=2401 replay_size=95 workers=10 io_sizes=events:0.0MB,ckpt:0.4MB
[2025-10-09 10:15:36] [replay] autopurge_append_saved path=checkpoints\replay_autopurge_append.joblib added=253 total=246310 remove_count=253 target=134
[2025-10-09 10:15:36] [replay] memory_purge after_delete removed=253 cur=134 target=134 ratio_before=0.4649
[2025-10-09 10:15:37] [replay] memory_purge after_gc total=16.38GB freed≈-1.57GB
[2025-10-09 10:15:37] [replay] auto_memory_purge ratio=0.46 removed=253 cur=134 cap=200000 parent=1.15GB children=13.65GB high=0.65 low=0.50
[2025-10-09 10:17:36] [replay] autopurge_append_saved path=checkpoints\replay_autopurge_append.joblib added=251 total=246561 remove_count=251 target=134
[2025-10-09 10:17:36] [replay] memory_purge after_delete removed=251 cur=134 target=134 ratio_before=0.4695
[2025-10-09 10:17:36] [replay] memory_purge after_gc total=16.45GB freed≈-1.50GB
[2025-10-09 10:17:36] [replay] auto_memory_purge ratio=0.47 removed=251 cur=134 cap=200000 parent=1.16GB children=13.79GB high=0.65 low=0.50
[2025-10-09 10:17:37] [worker-restart] mark wid=7 gen=3 reason=high_rss
[2025-10-09 10:19:37] [worker-restart] done wid=7 gen=4 new_pid=21884
[2025-10-09 10:19:37] [status] ep_done=2361 train_it=3500 new_since_train=2957 replay_size=147 workers=10 io_sizes=events:0.0MB,ckpt:0.4MB
[2025-10-09 10:19:47] [snapshot] pool_size=2
[2025-10-09 10:24:37] [status] ep_done=2376 train_it=3550 new_since_train=1939 replay_size=2143 workers=10 io_sizes=events:0.0MB,ckpt:0.4MB
[2025-10-09 10:29:03] [TRAIN] step=3600 loss=0.3648 pl=0.3651 vl=0.0001 ent=0.462 kl=0.1794 top1=0.930 v_acc=1.000 v_brier=0.0000 pos=0.000 samples=256
[2025-10-09 10:29:37] [status] ep_done=2387 train_it=3600 new_since_train=93 replay_size=3299 workers=10 io_sizes=events:0.0MB,ckpt:0.4MB
[2025-10-09 10:34:37] [status] ep_done=2397 train_it=3600 new_since_train=851 replay_size=4057 workers=10 io_sizes=events:0.0MB,ckpt:0.4MB
[2025-10-09 10:39:37] [status] ep_done=2405 train_it=3600 new_since_train=1638 replay_size=4844 workers=10 io_sizes=events:0.0MB,ckpt:0.4MB
[2025-10-09 10:44:37] [status] ep_done=2414 train_it=3600 new_since_train=2524 replay_size=5730 workers=10 io_sizes=events:0.0MB,ckpt:0.4MB
[2025-10-09 10:50:06] [snapshot] pool_size=2
[2025-10-09 10:50:06] [status] ep_done=2422 train_it=3650 new_since_train=0 replay_size=6206 workers=10 io_sizes=events:0.0MB,ckpt:0.4MB
[2025-10-09 10:53:37] [objtypes] wid=3 ep=50 top=list:1582352,dict:328912,tuple:221156,set:132225,function:26087,cell:13065,builtin_function_or_method:10878,getset_descriptor:7972 (top_sum=2322647)
[2025-10-09 10:55:06] [status] ep_done=2431 train_it=3650 new_since_train=567 replay_size=6773 workers=10 io_sizes=events:0.0MB,ckpt:0.4MB
[2025-10-09 11:00:06] [status] ep_done=2439 train_it=3650 new_since_train=1166 replay_size=7372 workers=10 io_sizes=events:0.0MB,ckpt:0.4MB
[2025-10-09 11:05:06] [status] ep_done=2449 train_it=3650 new_since_train=1734 replay_size=7940 workers=10 io_sizes=events:0.0MB,ckpt:0.4MB
[2025-10-09 11:12:04] [replay] autopurge_append_saved path=checkpoints\replay_autopurge_append.joblib added=5302 total=251863 remove_count=5302 target=2832
[2025-10-09 11:12:04] [replay] memory_purge after_delete removed=5302 cur=2832 target=2832 ratio_before=0.4419
[2025-10-09 11:12:04] [replay] memory_purge after_gc total=15.81GB freed≈-1.73GB
[2025-10-09 11:12:04] [replay] auto_memory_purge ratio=0.44 removed=5302 cur=2832 cap=200000 parent=1.16GB children=12.92GB high=0.65 low=0.50
[2025-10-09 11:12:05] [status] ep_done=2454 train_it=3650 new_since_train=1928 replay_size=2832 workers=10 io_sizes=events:0.0MB,ckpt:0.4MB
[2025-10-09 11:14:07] [replay] autopurge_append_saved path=checkpoints\replay_autopurge_append.joblib added=1854 total=253717 remove_count=1854 target=989
[2025-10-09 11:14:07] [replay] memory_purge after_delete removed=1854 cur=989 target=989 ratio_before=0.4534
[2025-10-09 11:14:07] [replay] memory_purge after_gc total=16.11GB freed≈-1.67GB
[2025-10-09 11:14:07] [replay] auto_memory_purge ratio=0.45 removed=1854 cur=989 cap=200000 parent=1.24GB children=13.20GB high=0.65 low=0.50
[2025-10-09 11:16:11] [replay] autopurge_append_saved path=checkpoints\replay_autopurge_append.joblib added=654 total=254371 remove_count=654 target=348
[2025-10-09 11:16:11] [replay] memory_purge after_delete removed=654 cur=348 target=348 ratio_before=0.4603
[2025-10-09 11:16:12] [replay] memory_purge after_gc total=16.08GB freed≈-1.42GB
[2025-10-09 11:16:12] [replay] auto_memory_purge ratio=0.46 removed=654 cur=348 cap=200000 parent=1.21GB children=13.45GB high=0.65 low=0.50
[2025-10-09 11:18:19] [replay] autopurge_append_saved path=checkpoints\replay_autopurge_append.joblib added=238 total=254609 remove_count=238 target=126
[2025-10-09 11:18:19] [replay] memory_purge after_delete removed=238 cur=126 target=126 ratio_before=0.4625
[2025-10-09 11:18:19] [replay] memory_purge after_gc total=16.10GB freed≈-1.37GB
[2025-10-09 11:18:19] [replay] auto_memory_purge ratio=0.46 removed=238 cur=126 cap=200000 parent=1.25GB children=13.48GB high=0.65 low=0.50
[2025-10-09 11:18:20] [status] ep_done=2457 train_it=3650 new_since_train=1968 replay_size=126 workers=10 io_sizes=events:0.1MB,ckpt:0.4MB
[2025-10-09 11:18:20] [objtypes] wid=8 ep=50 top=list:718445,tuple:244217,dict:153725,set:44528,function:26087,cell:13065,builtin_function_or_method:10878,getset_descriptor:7972 (top_sum=1218917)
[2025-10-09 11:20:27] [replay] autopurge_append_saved path=checkpoints\replay_autopurge_append.joblib added=93 total=254702 remove_count=93 target=49
[2025-10-09 11:20:27] [replay] memory_purge after_delete removed=93 cur=49 target=49 ratio_before=0.4627
[2025-10-09 11:20:28] [replay] memory_purge after_gc total=16.10GB freed≈-1.37GB
[2025-10-09 11:20:28] [replay] auto_memory_purge ratio=0.46 removed=93 cur=49 cap=200000 parent=1.27GB children=13.47GB high=0.65 low=0.50
[2025-10-09 11:22:31] [replay] autopurge_append_saved path=checkpoints\replay_autopurge_append.joblib added=43 total=254745 remove_count=43 target=22
[2025-10-09 11:22:31] [replay] memory_purge after_delete removed=43 cur=22 target=22 ratio_before=0.4626
[2025-10-09 11:22:32] [replay] memory_purge after_gc total=16.15GB freed≈-1.42GB
[2025-10-09 11:22:32] [replay] auto_memory_purge ratio=0.46 removed=43 cur=22 cap=200000 parent=1.25GB children=13.48GB high=0.65 low=0.50
[2025-10-09 11:24:37] [replay] autopurge_append_saved path=checkpoints\replay_autopurge_append.joblib added=25 total=254770 remove_count=25 target=13
[2025-10-09 11:24:37] [replay] memory_purge after_delete removed=25 cur=13 target=13 ratio_before=0.4637
[2025-10-09 11:24:38] [replay] memory_purge after_gc total=16.27GB freed≈-1.50GB
[2025-10-09 11:24:38] [replay] auto_memory_purge ratio=0.46 removed=25 cur=13 cap=200000 parent=1.25GB children=13.52GB high=0.65 low=0.50
[2025-10-09 11:24:38] [status] ep_done=2459 train_it=3650 new_since_train=2016 replay_size=13 workers=10 io_sizes=events:0.1MB,ckpt:0.4MB
[2025-10-09 11:26:39] [replay] autopurge_append_saved path=checkpoints\replay_autopurge_append.joblib added=19 total=254789 remove_count=19 target=10
[2025-10-09 11:26:39] [replay] memory_purge after_delete removed=19 cur=10 target=10 ratio_before=0.4674
[2025-10-09 11:26:39] [replay] memory_purge after_gc total=16.33GB freed≈-1.45GB
[2025-10-09 11:26:39] [replay] auto_memory_purge ratio=0.47 removed=19 cur=10 cap=200000 parent=1.26GB children=13.62GB high=0.65 low=0.50
[2025-10-09 11:28:40] [replay] autopurge_append_saved path=checkpoints\replay_autopurge_append.joblib added=21 total=254810 remove_count=21 target=11
[2025-10-09 11:28:40] [replay] memory_purge after_delete removed=21 cur=11 target=11 ratio_before=0.4701
[2025-10-09 11:28:41] [replay] memory_purge after_gc total=16.37GB freed≈-1.40GB
[2025-10-09 11:28:41] [replay] auto_memory_purge ratio=0.47 removed=21 cur=11 cap=200000 parent=1.26GB children=13.71GB high=0.65 low=0.50
[2025-10-09 11:30:44] [replay] autopurge_append_saved path=checkpoints\replay_autopurge_append.joblib added=17 total=254827 remove_count=17 target=9
[2025-10-09 11:30:44] [replay] memory_purge after_delete removed=17 cur=9 target=9 ratio_before=0.4712
[2025-10-09 11:30:44] [replay] memory_purge after_gc total=16.47GB freed≈-1.46GB
[2025-10-09 11:30:44] [replay] auto_memory_purge ratio=0.47 removed=17 cur=9 cap=200000 parent=1.26GB children=13.75GB high=0.65 low=0.50
[2025-10-09 11:30:45] [status] ep_done=2462 train_it=3650 new_since_train=2069 replay_size=9 workers=10 io_sizes=events:0.1MB,ckpt:0.4MB
[2025-10-09 11:32:45] [replay] autopurge_append_saved path=checkpoints\replay_autopurge_append.joblib added=16 total=254843 remove_count=16 target=8
[2025-10-09 11:32:45] [replay] memory_purge after_delete removed=16 cur=8 target=8 ratio_before=0.4735
[2025-10-09 11:32:45] [replay] memory_purge after_gc total=16.54GB freed≈-1.46GB
[2025-10-09 11:32:45] [replay] auto_memory_purge ratio=0.47 removed=16 cur=8 cap=200000 parent=1.24GB children=13.84GB high=0.65 low=0.50
[2025-10-09 11:32:46] [worker-restart] mark wid=9 gen=4 reason=high_rss
[2025-10-09 11:34:46] [worker-restart] done wid=9 gen=5 new_pid=30604
[2025-10-09 11:35:29] [snapshot] pool_size=2
[2025-10-09 11:35:45] [status] ep_done=2485 train_it=3700 new_since_train=642 replay_size=1578 workers=10 io_sizes=events:0.1MB,ckpt:0.4MB
[2025-10-09 11:40:45] [status] ep_done=2492 train_it=3700 new_since_train=1624 replay_size=2560 workers=10 io_sizes=events:0.1MB,ckpt:0.4MB
[2025-10-09 11:46:29] [replay] autopurge_append_saved path=checkpoints\replay_autopurge_append.joblib added=1979 total=256822 remove_count=1979 target=1057
[2025-10-09 11:46:29] [replay] memory_purge after_delete removed=1979 cur=1057 target=1057 ratio_before=0.4436
[2025-10-09 11:46:30] [replay] memory_purge after_gc total=15.77GB freed≈-1.65GB
[2025-10-09 11:46:30] [replay] auto_memory_purge ratio=0.44 removed=1979 cur=1057 cap=200000 parent=1.17GB children=12.96GB high=0.65 low=0.50
[2025-10-09 11:46:30] [status] ep_done=2496 train_it=3700 new_since_train=2100 replay_size=1057 workers=10 io_sizes=events:0.1MB,ckpt:0.4MB
[2025-10-09 11:48:36] [replay] autopurge_append_saved path=checkpoints\replay_autopurge_append.joblib added=697 total=257519 remove_count=697 target=372
[2025-10-09 11:48:36] [replay] memory_purge after_delete removed=697 cur=372 target=372 ratio_before=0.4513
[2025-10-09 11:48:36] [replay] memory_purge after_gc total=15.80GB freed≈-1.43GB
[2025-10-09 11:48:36] [replay] auto_memory_purge ratio=0.45 removed=697 cur=372 cap=200000 parent=1.24GB children=13.13GB high=0.65 low=0.50
[2025-10-09 11:50:42] [replay] autopurge_append_saved path=checkpoints\replay_autopurge_append.joblib added=253 total=257772 remove_count=253 target=134
[2025-10-09 11:50:42] [replay] memory_purge after_delete removed=253 cur=134 target=134 ratio_before=0.4524
[2025-10-09 11:50:42] [replay] memory_purge after_gc total=15.77GB freed≈-1.37GB
[2025-10-09 11:50:42] [replay] auto_memory_purge ratio=0.45 removed=253 cur=134 cap=200000 parent=1.25GB children=13.16GB high=0.65 low=0.50
[2025-10-09 11:52:51] [replay] autopurge_append_saved path=checkpoints\replay_autopurge_append.joblib added=100 total=257872 remove_count=100 target=52
[2025-10-09 11:52:51] [replay] memory_purge after_delete removed=100 cur=52 target=52 ratio_before=0.4544
[2025-10-09 11:52:51] [replay] memory_purge after_gc total=15.85GB freed≈-1.38GB
[2025-10-09 11:52:51] [replay] auto_memory_purge ratio=0.45 removed=100 cur=52 cap=200000 parent=1.30GB children=13.17GB high=0.65 low=0.50
[2025-10-09 11:52:52] [status] ep_done=2499 train_it=3700 new_since_train=2145 replay_size=52 workers=10 io_sizes=events:0.1MB,ckpt:0.4MB
[2025-10-09 11:55:02] [replay] autopurge_append_saved path=checkpoints\replay_autopurge_append.joblib added=75 total=257947 remove_count=75 target=40
[2025-10-09 11:55:02] [replay] memory_purge after_delete removed=75 cur=40 target=40 ratio_before=0.4534
[2025-10-09 11:55:03] [replay] memory_purge after_gc total=15.82GB freed≈-1.38GB
[2025-10-09 11:55:03] [replay] auto_memory_purge ratio=0.45 removed=75 cur=40 cap=200000 parent=1.28GB children=13.16GB high=0.65 low=0.50
[2025-10-09 11:57:12] [replay] autopurge_append_saved path=checkpoints\replay_autopurge_append.joblib added=38 total=257985 remove_count=38 target=19
[2025-10-09 11:57:12] [replay] memory_purge after_delete removed=38 cur=19 target=19 ratio_before=0.4535
[2025-10-09 11:57:13] [replay] memory_purge after_gc total=15.82GB freed≈-1.38GB
[2025-10-09 11:57:13] [replay] auto_memory_purge ratio=0.45 removed=38 cur=19 cap=200000 parent=1.29GB children=13.15GB high=0.65 low=0.50
[2025-10-09 11:59:22] [replay] autopurge_append_saved path=checkpoints\replay_autopurge_append.joblib added=24 total=258009 remove_count=24 target=12
[2025-10-09 11:59:22] [replay] memory_purge after_delete removed=24 cur=12 target=12 ratio_before=0.4547
[2025-10-09 11:59:23] [replay] memory_purge after_gc total=15.84GB freed≈-1.36GB
[2025-10-09 11:59:23] [replay] auto_memory_purge ratio=0.45 removed=24 cur=12 cap=200000 parent=1.29GB children=13.19GB high=0.65 low=0.50
[2025-10-09 11:59:24] [status] ep_done=2502 train_it=3700 new_since_train=2242 replay_size=12 workers=10 io_sizes=events:0.1MB,ckpt:0.4MB
[2025-10-09 12:01:34] [replay] autopurge_append_saved path=checkpoints\replay_autopurge_append.joblib added=19 total=258028 remove_count=19 target=10
[2025-10-09 12:01:34] [replay] memory_purge after_delete removed=19 cur=10 target=10 ratio_before=0.4537
[2025-10-09 12:01:34] [replay] memory_purge after_gc total=15.86GB freed≈-1.41GB
[2025-10-09 12:01:34] [replay] auto_memory_purge ratio=0.45 removed=19 cur=10 cap=200000 parent=1.27GB children=13.18GB high=0.65 low=0.50
[2025-10-09 12:03:42] [replay] autopurge_append_saved path=checkpoints\replay_autopurge_append.joblib added=19 total=258047 remove_count=19 target=9
[2025-10-09 12:03:42] [replay] memory_purge after_delete removed=19 cur=9 target=9 ratio_before=0.4548
[2025-10-09 12:03:42] [replay] memory_purge after_gc total=15.86GB freed≈-1.38GB
[2025-10-09 12:03:42] [replay] auto_memory_purge ratio=0.45 removed=19 cur=9 cap=200000 parent=1.30GB children=13.18GB high=0.65 low=0.50
[2025-10-09 12:05:50] [replay] autopurge_append_saved path=checkpoints\replay_autopurge_append.joblib added=17 total=258064 remove_count=17 target=9
[2025-10-09 12:05:50] [replay] memory_purge after_delete removed=17 cur=9 target=9 ratio_before=0.4551
[2025-10-09 12:05:50] [replay] memory_purge after_gc total=15.91GB freed≈-1.41GB
[2025-10-09 12:05:51] [replay] auto_memory_purge ratio=0.46 removed=17 cur=9 cap=200000 parent=1.28GB children=13.22GB high=0.65 low=0.50
[2025-10-09 12:05:51] [status] ep_done=2505 train_it=3700 new_since_train=2294 replay_size=9 workers=10 io_sizes=events:0.1MB,ckpt:0.4MB
[2025-10-09 12:07:58] [replay] autopurge_append_saved path=checkpoints\replay_autopurge_append.joblib added=17 total=258081 remove_count=17 target=9
[2025-10-09 12:07:58] [replay] memory_purge after_delete removed=17 cur=9 target=9 ratio_before=0.4559
[2025-10-09 12:07:59] [replay] memory_purge after_gc total=15.92GB freed≈-1.40GB
[2025-10-09 12:07:59] [replay] auto_memory_purge ratio=0.46 removed=17 cur=9 cap=200000 parent=1.29GB children=13.22GB high=0.65 low=0.50
[2025-10-09 12:10:03] [replay] autopurge_append_saved path=checkpoints\replay_autopurge_append.joblib added=18 total=258099 remove_count=18 target=9
[2025-10-09 12:10:03] [replay] memory_purge after_delete removed=18 cur=9 target=9 ratio_before=0.4549
[2025-10-09 12:10:03] [replay] memory_purge after_gc total=15.90GB freed≈-1.41GB
[2025-10-09 12:10:03] [replay] auto_memory_purge ratio=0.45 removed=18 cur=9 cap=200000 parent=1.26GB children=13.23GB high=0.65 low=0.50
[2025-10-09 12:12:08] [replay] autopurge_append_saved path=checkpoints\replay_autopurge_append.joblib added=17 total=258116 remove_count=17 target=9
[2025-10-09 12:12:08] [replay] memory_purge after_delete removed=17 cur=9 target=9 ratio_before=0.4566
[2025-10-09 12:12:09] [replay] memory_purge after_gc total=15.94GB freed≈-1.40GB
[2025-10-09 12:12:09] [replay] auto_memory_purge ratio=0.46 removed=17 cur=9 cap=200000 parent=1.29GB children=13.25GB high=0.65 low=0.50
[2025-10-09 12:12:10] [status] ep_done=2508 train_it=3700 new_since_train=2346 replay_size=9 workers=10 io_sizes=events:0.1MB,ckpt:0.4MB
[2025-10-09 12:14:14] [replay] autopurge_append_saved path=checkpoints\replay_autopurge_append.joblib added=17 total=258133 remove_count=17 target=9
[2025-10-09 12:14:14] [replay] memory_purge after_delete removed=17 cur=9 target=9 ratio_before=0.4581
[2025-10-09 12:14:15] [replay] memory_purge after_gc total=15.95GB freed≈-1.37GB
[2025-10-09 12:14:15] [replay] auto_memory_purge ratio=0.46 removed=17 cur=9 cap=200000 parent=1.30GB children=13.29GB high=0.65 low=0.50
[2025-10-09 12:16:20] [replay] autopurge_append_saved path=checkpoints\replay_autopurge_append.joblib added=17 total=258150 remove_count=17 target=9
[2025-10-09 12:16:20] [replay] memory_purge after_delete removed=17 cur=9 target=9 ratio_before=0.4571
[2025-10-09 12:16:21] [replay] memory_purge after_gc total=15.97GB freed≈-1.42GB
[2025-10-09 12:16:21] [replay] auto_memory_purge ratio=0.46 removed=17 cur=9 cap=200000 parent=1.26GB children=13.29GB high=0.65 low=0.50
[2025-10-09 12:18:29] [replay] autopurge_append_saved path=checkpoints\replay_autopurge_append.joblib added=19 total=258169 remove_count=19 target=9
[2025-10-09 12:18:29] [replay] memory_purge after_delete removed=19 cur=9 target=9 ratio_before=0.4586
[2025-10-09 12:18:30] [replay] memory_purge after_gc total=15.97GB freed≈-1.37GB
[2025-10-09 12:18:30] [replay] auto_memory_purge ratio=0.46 removed=19 cur=9 cap=200000 parent=1.30GB children=13.31GB high=0.65 low=0.50
[2025-10-09 12:18:30] [status] ep_done=2511 train_it=3700 new_since_train=2399 replay_size=9 workers=10 io_sizes=events:0.1MB,ckpt:0.4MB
[2025-10-09 12:20:36] [replay] autopurge_append_saved path=checkpoints\replay_autopurge_append.joblib added=17 total=258186 remove_count=17 target=9
[2025-10-09 12:20:36] [replay] memory_purge after_delete removed=17 cur=9 target=9 ratio_before=0.4594
[2025-10-09 12:20:36] [replay] memory_purge after_gc total=15.98GB freed≈-1.35GB
[2025-10-09 12:20:36] [replay] auto_memory_purge ratio=0.46 removed=17 cur=9 cap=200000 parent=1.30GB children=13.33GB high=0.65 low=0.50
[2025-10-09 12:22:42] [replay] autopurge_append_saved path=checkpoints\replay_autopurge_append.joblib added=17 total=258203 remove_count=17 target=9
[2025-10-09 12:22:42] [replay] memory_purge after_delete removed=17 cur=9 target=9 ratio_before=0.4582
[2025-10-09 12:22:43] [replay] memory_purge after_gc total=16.02GB freed≈-1.43GB
[2025-10-09 12:22:43] [replay] auto_memory_purge ratio=0.46 removed=17 cur=9 cap=200000 parent=1.27GB children=13.32GB high=0.65 low=0.50
[2025-10-09 12:24:51] [replay] autopurge_append_saved path=checkpoints\replay_autopurge_append.joblib added=17 total=258220 remove_count=17 target=9
[2025-10-09 12:24:51] [replay] memory_purge after_delete removed=17 cur=9 target=9 ratio_before=0.4603
[2025-10-09 12:24:51] [replay] memory_purge after_gc total=15.99GB freed≈-1.33GB
[2025-10-09 12:24:51] [replay] auto_memory_purge ratio=0.46 removed=17 cur=9 cap=200000 parent=1.30GB children=13.36GB high=0.65 low=0.50
[2025-10-09 12:24:52] [status] ep_done=2514 train_it=3700 new_since_train=2450 replay_size=9 workers=10 io_sizes=events:0.1MB,ckpt:0.4MB
[2025-10-09 12:26:58] [replay] autopurge_append_saved path=checkpoints\replay_autopurge_append.joblib added=17 total=258237 remove_count=17 target=9
[2025-10-09 12:26:58] [replay] memory_purge after_delete removed=17 cur=9 target=9 ratio_before=0.4613
[2025-10-09 12:26:58] [replay] memory_purge after_gc total=16.01GB freed≈-1.32GB
[2025-10-09 12:26:58] [replay] auto_memory_purge ratio=0.46 removed=17 cur=9 cap=200000 parent=1.30GB children=13.39GB high=0.65 low=0.50
[2025-10-09 12:29:03] [replay] autopurge_append_saved path=checkpoints\replay_autopurge_append.joblib added=17 total=258254 remove_count=17 target=9
[2025-10-09 12:29:03] [replay] memory_purge after_delete removed=17 cur=9 target=9 ratio_before=0.4610
[2025-10-09 12:29:04] [replay] memory_purge after_gc total=16.03GB freed≈-1.34GB
[2025-10-09 12:29:04] [replay] auto_memory_purge ratio=0.46 removed=17 cur=9 cap=200000 parent=1.33GB children=13.35GB high=0.65 low=0.50
[2025-10-09 12:31:08] [replay] autopurge_append_saved path=checkpoints\replay_autopurge_append.joblib added=17 total=258271 remove_count=17 target=9
[2025-10-09 12:31:08] [replay] memory_purge after_delete removed=17 cur=9 target=9 ratio_before=0.4612
[2025-10-09 12:31:08] [replay] memory_purge after_gc total=16.02GB freed≈-1.34GB
[2025-10-09 12:31:08] [replay] auto_memory_purge ratio=0.46 removed=17 cur=9 cap=200000 parent=1.30GB children=13.39GB high=0.65 low=0.50
[2025-10-09 12:31:09] [status] ep_done=2517 train_it=3700 new_since_train=2501 replay_size=9 workers=10 io_sizes=events:0.1MB,ckpt:0.4MB
[2025-10-09 12:33:11] [replay] autopurge_append_saved path=checkpoints\replay_autopurge_append.joblib added=17 total=258288 remove_count=17 target=9
[2025-10-09 12:33:11] [replay] memory_purge after_delete removed=17 cur=9 target=9 ratio_before=0.4594
[2025-10-09 12:33:12] [replay] memory_purge after_gc total=16.04GB freed≈-1.41GB
[2025-10-09 12:33:12] [replay] auto_memory_purge ratio=0.46 removed=17 cur=9 cap=200000 parent=1.26GB children=13.37GB high=0.65 low=0.50
[2025-10-09 12:35:16] [replay] autopurge_append_saved path=checkpoints\replay_autopurge_append.joblib added=23 total=258311 remove_count=23 target=12
[2025-10-09 12:35:16] [replay] memory_purge after_delete removed=23 cur=12 target=12 ratio_before=0.4620
[2025-10-09 12:35:16] [replay] memory_purge after_gc total=16.05GB freed≈-1.33GB
[2025-10-09 12:35:16] [replay] auto_memory_purge ratio=0.46 removed=23 cur=12 cap=200000 parent=1.32GB children=13.40GB high=0.65 low=0.50
[2025-10-09 12:37:22] [replay] autopurge_append_saved path=checkpoints\replay_autopurge_append.joblib added=19 total=258330 remove_count=19 target=10
[2025-10-09 12:37:22] [replay] memory_purge after_delete removed=19 cur=10 target=10 ratio_before=0.4612
[2025-10-09 12:37:23] [replay] memory_purge after_gc total=16.05GB freed≈-1.36GB
[2025-10-09 12:37:23] [replay] auto_memory_purge ratio=0.46 removed=19 cur=10 cap=200000 parent=1.34GB children=13.34GB high=0.65 low=0.50
[2025-10-09 12:37:23] [status] ep_done=2520 train_it=3700 new_since_train=2561 replay_size=10 workers=10 io_sizes=events:0.1MB,ckpt:0.4MB
[2025-10-09 12:39:26] [replay] autopurge_append_saved path=checkpoints\replay_autopurge_append.joblib added=21 total=258351 remove_count=21 target=10
[2025-10-09 12:39:26] [replay] memory_purge after_delete removed=21 cur=10 target=10 ratio_before=0.4627
[2025-10-09 12:39:27] [replay] memory_purge after_gc total=16.05GB freed≈-1.32GB
[2025-10-09 12:39:27] [replay] auto_memory_purge ratio=0.46 removed=21 cur=10 cap=200000 parent=1.33GB children=13.40GB high=0.65 low=0.50
[2025-10-09 12:41:32] [replay] autopurge_append_saved path=checkpoints\replay_autopurge_append.joblib added=19 total=258370 remove_count=19 target=9
[2025-10-09 12:41:32] [replay] memory_purge after_delete removed=19 cur=9 target=9 ratio_before=0.4627
[2025-10-09 12:41:33] [replay] memory_purge after_gc total=16.03GB freed≈-1.29GB
[2025-10-09 12:41:33] [replay] auto_memory_purge ratio=0.46 removed=19 cur=9 cap=200000 parent=1.34GB children=13.40GB high=0.65 low=0.50
[2025-10-09 12:43:37] [replay] autopurge_append_saved path=checkpoints\replay_autopurge_append.joblib added=17 total=258387 remove_count=17 target=9
[2025-10-09 12:43:37] [replay] memory_purge after_delete removed=17 cur=9 target=9 ratio_before=0.4614
[2025-10-09 12:43:38] [replay] memory_purge after_gc total=16.05GB freed≈-1.35GB
[2025-10-09 12:43:38] [replay] auto_memory_purge ratio=0.46 removed=17 cur=9 cap=200000 parent=1.28GB children=13.41GB high=0.65 low=0.50
[2025-10-09 12:43:38] [status] ep_done=2523 train_it=3700 new_since_train=2617 replay_size=9 workers=10 io_sizes=events:0.1MB,ckpt:0.4MB
[2025-10-09 12:45:42] [replay] autopurge_append_saved path=checkpoints\replay_autopurge_append.joblib added=17 total=258404 remove_count=17 target=9
[2025-10-09 12:45:42] [replay] memory_purge after_delete removed=17 cur=9 target=9 ratio_before=0.4611
[2025-10-09 12:45:42] [replay] memory_purge after_gc total=16.05GB freed≈-1.36GB
[2025-10-09 12:45:42] [replay] auto_memory_purge ratio=0.46 removed=17 cur=9 cap=200000 parent=1.30GB children=13.38GB high=0.65 low=0.50
[2025-10-09 12:47:47] [replay] autopurge_append_saved path=checkpoints\replay_autopurge_append.joblib added=17 total=258421 remove_count=17 target=9
[2025-10-09 12:47:47] [replay] memory_purge after_delete removed=17 cur=9 target=9 ratio_before=0.4614
[2025-10-09 12:47:48] [replay] memory_purge after_gc total=16.07GB freed≈-1.38GB
[2025-10-09 12:47:48] [replay] auto_memory_purge ratio=0.46 removed=17 cur=9 cap=200000 parent=1.34GB children=13.35GB high=0.65 low=0.50
[2025-10-09 12:49:54] [replay] autopurge_append_saved path=checkpoints\replay_autopurge_append.joblib added=20 total=258441 remove_count=20 target=10
[2025-10-09 12:49:54] [replay] memory_purge after_delete removed=20 cur=10 target=10 ratio_before=0.4623
[2025-10-09 12:49:54] [replay] memory_purge after_gc total=16.05GB freed≈-1.33GB
[2025-10-09 12:49:54] [replay] auto_memory_purge ratio=0.46 removed=20 cur=10 cap=200000 parent=1.33GB children=13.40GB high=0.65 low=0.50
[2025-10-09 12:49:55] [status] ep_done=2526 train_it=3700 new_since_train=2672 replay_size=10 workers=10 io_sizes=events:0.1MB,ckpt:0.4MB
[2025-10-09 12:52:01] [replay] autopurge_append_saved path=checkpoints\replay_autopurge_append.joblib added=18 total=258459 remove_count=18 target=9
[2025-10-09 12:52:01] [replay] memory_purge after_delete removed=18 cur=9 target=9 ratio_before=0.4621
[2025-10-09 12:52:02] [replay] memory_purge after_gc total=16.13GB freed≈-1.42GB
[2025-10-09 12:52:02] [replay] auto_memory_purge ratio=0.46 removed=18 cur=9 cap=200000 parent=1.33GB children=13.39GB high=0.65 low=0.50
[2025-10-09 12:54:09] [replay] autopurge_append_saved path=checkpoints\replay_autopurge_append.joblib added=17 total=258476 remove_count=17 target=8
[2025-10-09 12:54:09] [replay] memory_purge after_delete removed=17 cur=8 target=8 ratio_before=0.4657
[2025-10-09 12:54:09] [replay] memory_purge after_gc total=16.16GB freed≈-1.33GB
[2025-10-09 12:54:09] [replay] auto_memory_purge ratio=0.47 removed=17 cur=8 cap=200000 parent=1.31GB children=13.52GB high=0.65 low=0.50
[2025-10-09 12:56:16] [replay] autopurge_append_saved path=checkpoints\replay_autopurge_append.joblib added=17 total=258493 remove_count=17 target=8
[2025-10-09 12:56:16] [replay] memory_purge after_delete removed=17 cur=8 target=8 ratio_before=0.4643
[2025-10-09 12:56:16] [replay] memory_purge after_gc total=16.18GB freed≈-1.39GB
[2025-10-09 12:56:16] [replay] auto_memory_purge ratio=0.46 removed=17 cur=8 cap=200000 parent=1.34GB children=13.45GB high=0.65 low=0.50
[2025-10-09 12:56:17] [status] ep_done=2529 train_it=3700 new_since_train=2722 replay_size=8 workers=10 io_sizes=events:0.1MB,ckpt:0.4MB
[2025-10-09 12:58:24] [replay] autopurge_append_saved path=checkpoints\replay_autopurge_append.joblib added=19 total=258512 remove_count=19 target=9
[2025-10-09 12:58:24] [replay] memory_purge after_delete removed=19 cur=9 target=9 ratio_before=0.4665
[2025-10-09 12:58:25] [replay] memory_purge after_gc total=16.17GB freed≈-1.31GB
[2025-10-09 12:58:25] [replay] auto_memory_purge ratio=0.47 removed=19 cur=9 cap=200000 parent=1.36GB children=13.50GB high=0.65 low=0.50
[2025-10-09 13:00:34] [replay] autopurge_append_saved path=checkpoints\replay_autopurge_append.joblib added=17 total=258529 remove_count=17 target=9
[2025-10-09 13:00:34] [replay] memory_purge after_delete removed=17 cur=9 target=9 ratio_before=0.4667
[2025-10-09 13:00:34] [replay] memory_purge after_gc total=16.21GB freed≈-1.35GB
[2025-10-09 13:00:34] [replay] auto_memory_purge ratio=0.47 removed=17 cur=9 cap=200000 parent=1.35GB children=13.51GB high=0.65 low=0.50
[2025-10-09 13:02:42] [replay] autopurge_append_saved path=checkpoints\replay_autopurge_append.joblib added=17 total=258546 remove_count=17 target=9
[2025-10-09 13:02:42] [replay] memory_purge after_delete removed=17 cur=9 target=9 ratio_before=0.4646
[2025-10-09 13:02:42] [replay] memory_purge after_gc total=16.27GB freed≈-1.47GB
[2025-10-09 13:02:42] [replay] auto_memory_purge ratio=0.46 removed=17 cur=9 cap=200000 parent=1.30GB children=13.49GB high=0.65 low=0.50
[2025-10-09 13:02:43] [status] ep_done=2532 train_it=3700 new_since_train=2776 replay_size=9 workers=10 io_sizes=events:0.1MB,ckpt:0.4MB
[2025-10-09 13:04:50] [replay] autopurge_append_saved path=checkpoints\replay_autopurge_append.joblib added=17 total=258563 remove_count=17 target=9
[2025-10-09 13:04:50] [replay] memory_purge after_delete removed=17 cur=9 target=9 ratio_before=0.4698
[2025-10-09 13:04:50] [replay] memory_purge after_gc total=16.28GB freed≈-1.32GB
[2025-10-09 13:04:50] [replay] auto_memory_purge ratio=0.47 removed=17 cur=9 cap=200000 parent=1.35GB children=13.61GB high=0.65 low=0.50
[2025-10-09 13:06:59] [replay] autopurge_append_saved path=checkpoints\replay_autopurge_append.joblib added=17 total=258580 remove_count=17 target=9
[2025-10-09 13:06:59] [replay] memory_purge after_delete removed=17 cur=9 target=9 ratio_before=0.4680
[2025-10-09 13:07:00] [replay] memory_purge after_gc total=16.30GB freed≈-1.40GB
[2025-10-09 13:07:00] [replay] auto_memory_purge ratio=0.47 removed=17 cur=9 cap=200000 parent=1.33GB children=13.57GB high=0.65 low=0.50
[2025-10-09 13:09:08] [replay] autopurge_append_saved path=checkpoints\replay_autopurge_append.joblib added=19 total=258599 remove_count=19 target=9
[2025-10-09 13:09:08] [replay] memory_purge after_delete removed=19 cur=9 target=9 ratio_before=0.4698
[2025-10-09 13:09:09] [replay] memory_purge after_gc total=16.32GB freed≈-1.35GB
[2025-10-09 13:09:09] [replay] auto_memory_purge ratio=0.47 removed=19 cur=9 cap=200000 parent=1.35GB children=13.61GB high=0.65 low=0.50
[2025-10-09 13:09:10] [status] ep_done=2535 train_it=3700 new_since_train=2829 replay_size=9 workers=10 io_sizes=events:0.1MB,ckpt:0.4MB
[2025-10-09 13:11:19] [replay] autopurge_append_saved path=checkpoints\replay_autopurge_append.joblib added=17 total=258616 remove_count=17 target=9
[2025-10-09 13:11:19] [replay] memory_purge after_delete removed=17 cur=9 target=9 ratio_before=0.4685
[2025-10-09 13:11:20] [replay] memory_purge after_gc total=16.32GB freed≈-1.41GB
[2025-10-09 13:11:20] [replay] auto_memory_purge ratio=0.47 removed=17 cur=9 cap=200000 parent=1.33GB children=13.59GB high=0.65 low=0.50
[2025-10-09 13:13:29] [replay] autopurge_append_saved path=checkpoints\replay_autopurge_append.joblib added=29 total=258645 remove_count=29 target=14
[2025-10-09 13:13:29] [replay] memory_purge after_delete removed=29 cur=14 target=14 ratio_before=0.4715
[2025-10-09 13:13:30] [replay] memory_purge after_gc total=16.32GB freed≈-1.30GB
[2025-10-09 13:13:30] [replay] auto_memory_purge ratio=0.47 removed=29 cur=14 cap=200000 parent=1.38GB children=13.64GB high=0.65 low=0.50
[2025-10-09 13:15:40] [replay] autopurge_append_saved path=checkpoints\replay_autopurge_append.joblib added=21 total=258666 remove_count=21 target=10
[2025-10-09 13:15:40] [replay] memory_purge after_delete removed=21 cur=10 target=10 ratio_before=0.4716
[2025-10-09 13:15:41] [replay] memory_purge after_gc total=16.28GB freed≈-1.26GB
[2025-10-09 13:15:41] [replay] auto_memory_purge ratio=0.47 removed=21 cur=10 cap=200000 parent=1.36GB children=13.65GB high=0.65 low=0.50
[2025-10-09 13:15:41] [status] ep_done=2538 train_it=3700 new_since_train=2897 replay_size=10 workers=10 io_sizes=events:0.1MB,ckpt:0.4MB
[2025-10-09 13:17:51] [replay] autopurge_append_saved path=checkpoints\replay_autopurge_append.joblib added=18 total=258684 remove_count=18 target=9
[2025-10-09 13:17:51] [replay] memory_purge after_delete removed=18 cur=9 target=9 ratio_before=0.4718
[2025-10-09 13:17:52] [replay] memory_purge after_gc total=16.36GB freed≈-1.33GB
[2025-10-09 13:17:52] [replay] auto_memory_purge ratio=0.47 removed=18 cur=9 cap=200000 parent=1.36GB children=13.67GB high=0.65 low=0.50
[2025-10-09 13:20:03] [replay] autopurge_append_saved path=checkpoints\replay_autopurge_append.joblib added=17 total=258701 remove_count=17 target=9
[2025-10-09 13:20:03] [replay] memory_purge after_delete removed=17 cur=9 target=9 ratio_before=0.4715
[2025-10-09 13:20:04] [replay] memory_purge after_gc total=16.36GB freed≈-1.34GB
[2025-10-09 13:20:04] [replay] auto_memory_purge ratio=0.47 removed=17 cur=9 cap=200000 parent=1.36GB children=13.65GB high=0.65 low=0.50
[2025-10-09 13:22:14] [replay] autopurge_append_saved path=checkpoints\replay_autopurge_append.joblib added=20 total=258721 remove_count=20 target=10
[2025-10-09 13:22:14] [replay] memory_purge after_delete removed=20 cur=10 target=10 ratio_before=0.4718
[2025-10-09 13:22:14] [replay] memory_purge after_gc total=16.37GB freed≈-1.34GB
[2025-10-09 13:22:14] [replay] auto_memory_purge ratio=0.47 removed=20 cur=10 cap=200000 parent=1.35GB children=13.68GB high=0.65 low=0.50
[2025-10-09 13:22:15] [status] ep_done=2541 train_it=3700 new_since_train=2952 replay_size=10 workers=10 io_sizes=events:0.1MB,ckpt:0.4MB
[2025-10-09 13:24:25] [replay] autopurge_append_saved path=checkpoints\replay_autopurge_append.joblib added=18 total=258739 remove_count=18 target=9
[2025-10-09 13:24:25] [replay] memory_purge after_delete removed=18 cur=9 target=9 ratio_before=0.4739
[2025-10-09 13:24:26] [replay] memory_purge after_gc total=16.41GB freed≈-1.32GB
[2025-10-09 13:24:26] [replay] auto_memory_purge ratio=0.47 removed=18 cur=9 cap=200000 parent=1.35GB children=13.74GB high=0.65 low=0.50
[2025-10-09 13:26:36] [replay] autopurge_append_saved path=checkpoints\replay_autopurge_append.joblib added=17 total=258756 remove_count=17 target=9
[2025-10-09 13:26:36] [replay] memory_purge after_delete removed=17 cur=9 target=9 ratio_before=0.4744
[2025-10-09 13:26:37] [replay] memory_purge after_gc total=16.43GB freed≈-1.32GB
[2025-10-09 13:26:37] [replay] auto_memory_purge ratio=0.47 removed=17 cur=9 cap=200000 parent=1.37GB children=13.73GB high=0.65 low=0.50
[2025-10-09 13:28:45] [replay] autopurge_append_saved path=checkpoints\replay_autopurge_append.joblib added=18 total=258774 remove_count=18 target=9
[2025-10-09 13:28:45] [replay] memory_purge after_delete removed=18 cur=9 target=9 ratio_before=0.4750
[2025-10-09 13:28:46] [replay] memory_purge after_gc total=16.43GB freed≈-1.31GB
[2025-10-09 13:28:46] [replay] auto_memory_purge ratio=0.47 removed=18 cur=9 cap=200000 parent=1.36GB children=13.76GB high=0.65 low=0.50
[2025-10-09 13:28:48] [snapshot] pool_size=2
[2025-10-09 13:28:48] [status] ep_done=2544 train_it=3750 new_since_train=0 replay_size=9 workers=10 io_sizes=events:0.1MB,ckpt:0.4MB
[2025-10-09 13:30:58] [replay] autopurge_append_saved path=checkpoints\replay_autopurge_append.joblib added=17 total=258791 remove_count=17 target=9
[2025-10-09 13:30:58] [replay] memory_purge after_delete removed=17 cur=9 target=9 ratio_before=0.4687
[2025-10-09 13:30:59] [replay] memory_purge after_gc total=16.43GB freed≈-1.50GB
[2025-10-09 13:30:59] [replay] auto_memory_purge ratio=0.47 removed=17 cur=9 cap=200000 parent=1.20GB children=13.73GB high=0.65 low=0.50
[2025-10-09 13:33:07] [replay] autopurge_append_saved path=checkpoints\replay_autopurge_append.joblib added=17 total=258808 remove_count=17 target=9
[2025-10-09 13:33:07] [replay] memory_purge after_delete removed=17 cur=9 target=9 ratio_before=0.4745
[2025-10-09 13:33:08] [replay] memory_purge after_gc total=16.45GB freed≈-1.34GB
[2025-10-09 13:33:08] [replay] auto_memory_purge ratio=0.47 removed=17 cur=9 cap=200000 parent=1.32GB children=13.79GB high=0.65 low=0.50
[2025-10-09 13:35:15] [replay] autopurge_append_saved path=checkpoints\replay_autopurge_append.joblib added=17 total=258825 remove_count=17 target=9
[2025-10-09 13:35:15] [replay] memory_purge after_delete removed=17 cur=9 target=9 ratio_before=0.4781
[2025-10-09 13:35:16] [replay] memory_purge after_gc total=16.52GB freed≈-1.29GB
[2025-10-09 13:35:16] [replay] auto_memory_purge ratio=0.48 removed=17 cur=9 cap=200000 parent=1.39GB children=13.84GB high=0.65 low=0.50
[2025-10-09 13:35:17] [status] ep_done=2547 train_it=3750 new_since_train=51 replay_size=9 workers=10 io_sizes=events:0.1MB,ckpt:0.4MB
[2025-10-09 13:37:24] [replay] autopurge_append_saved path=checkpoints\replay_autopurge_append.joblib added=17 total=258842 remove_count=17 target=9
[2025-10-09 13:37:24] [replay] memory_purge after_delete removed=17 cur=9 target=9 ratio_before=0.4769
[2025-10-09 13:37:24] [replay] memory_purge after_gc total=16.62GB freed≈-1.44GB
[2025-10-09 13:37:24] [replay] auto_memory_purge ratio=0.48 removed=17 cur=9 cap=200000 parent=1.33GB children=13.86GB high=0.65 low=0.50
[2025-10-09 13:39:30] [replay] autopurge_append_saved path=checkpoints\replay_autopurge_append.joblib added=17 total=258859 remove_count=17 target=9
[2025-10-09 13:39:30] [replay] memory_purge after_delete removed=17 cur=9 target=9 ratio_before=0.4802
[2025-10-09 13:39:31] [replay] memory_purge after_gc total=16.67GB freed≈-1.37GB
[2025-10-09 13:39:31] [replay] auto_memory_purge ratio=0.48 removed=17 cur=9 cap=200000 parent=1.35GB children=13.94GB high=0.65 low=0.50
[2025-10-09 13:41:40] [replay] autopurge_append_saved path=checkpoints\replay_autopurge_append.joblib added=18 total=258877 remove_count=18 target=9
[2025-10-09 13:41:40] [replay] memory_purge after_delete removed=18 cur=9 target=9 ratio_before=0.4827
[2025-10-09 13:41:41] [replay] memory_purge after_gc total=16.72GB freed≈-1.35GB
[2025-10-09 13:41:41] [replay] auto_memory_purge ratio=0.48 removed=18 cur=9 cap=200000 parent=1.34GB children=14.03GB high=0.65 low=0.50
[2025-10-09 13:41:42] [status] ep_done=2550 train_it=3750 new_since_train=103 replay_size=9 workers=10 io_sizes=events:0.1MB,ckpt:0.4MB
[2025-10-09 13:43:49] [replay] autopurge_append_saved path=checkpoints\replay_autopurge_append.joblib added=17 total=258894 remove_count=17 target=9
[2025-10-09 13:43:49] [replay] memory_purge after_delete removed=17 cur=9 target=9 ratio_before=0.4829
[2025-10-09 13:43:50] [replay] memory_purge after_gc total=16.72GB freed≈-1.34GB
[2025-10-09 13:43:50] [replay] auto_memory_purge ratio=0.48 removed=17 cur=9 cap=200000 parent=1.34GB children=14.03GB high=0.65 low=0.50
[2025-10-09 13:43:50] [worker-restart] mark wid=3 gen=2 reason=high_rss
[2025-10-09 13:45:51] [worker-restart] done wid=3 gen=3 new_pid=16360
[2025-10-09 13:45:51] [objtypes] wid=5 ep=100 top=list:2243960,tuple:494142,dict:465211,set:190611,function:26087,cell:13065,builtin_function_or_method:10878,getset_descriptor:7972 (top_sum=3451926)
[2025-10-09 13:46:49] [TRAIN] step=3800 loss=0.5120 pl=0.5124 vl=0.0003 ent=0.601 kl=0.1893 top1=0.875 v_acc=1.000 v_brier=0.0000 pos=0.000 samples=256
[2025-10-09 13:46:49] [status] ep_done=2623 train_it=3800 new_since_train=0 replay_size=2890 workers=10 io_sizes=events:0.1MB,ckpt:0.4MB
[2025-10-09 13:50:09] [replay] autopurge_append_saved path=checkpoints\replay_autopurge_append.joblib added=3847 total=262741 remove_count=3847 target=2055
[2025-10-09 13:50:09] [replay] memory_purge after_delete removed=3847 cur=2055 target=2055 ratio_before=0.4443
[2025-10-09 13:50:10] [replay] memory_purge after_gc total=15.71GB freed≈-1.56GB
[2025-10-09 13:50:10] [replay] auto_memory_purge ratio=0.44 removed=3847 cur=2055 cap=200000 parent=1.21GB children=12.94GB high=0.65 low=0.50
[2025-10-09 13:52:21] [replay] autopurge_append_saved path=checkpoints\replay_autopurge_append.joblib added=1346 total=264087 remove_count=1346 target=719
[2025-10-09 13:52:21] [replay] memory_purge after_delete removed=1346 cur=719 target=719 ratio_before=0.4490
[2025-10-09 13:52:22] [replay] memory_purge after_gc total=15.69GB freed≈-1.40GB
[2025-10-09 13:52:22] [replay] auto_memory_purge ratio=0.45 removed=1346 cur=719 cap=200000 parent=1.32GB children=12.98GB high=0.65 low=0.50
[2025-10-09 13:52:22] [status] ep_done=2626 train_it=3850 new_since_train=19 replay_size=719 workers=10 io_sizes=events:0.1MB,ckpt:0.4MB
[2025-10-09 13:54:31] [replay] autopurge_append_saved path=checkpoints\replay_autopurge_append.joblib added=478 total=264565 remove_count=478 target=254
[2025-10-09 13:54:31] [replay] memory_purge after_delete removed=478 cur=254 target=254 ratio_before=0.4499
[2025-10-09 13:54:32] [replay] memory_purge after_gc total=15.74GB freed≈-1.41GB
[2025-10-09 13:54:32] [replay] auto_memory_purge ratio=0.45 removed=478 cur=254 cap=200000 parent=1.31GB children=13.01GB high=0.65 low=0.50
[2025-10-09 13:56:41] [replay] autopurge_append_saved path=checkpoints\replay_autopurge_append.joblib added=175 total=264740 remove_count=175 target=93
[2025-10-09 13:56:41] [replay] memory_purge after_delete removed=175 cur=93 target=93 ratio_before=0.4501
[2025-10-09 13:56:41] [replay] memory_purge after_gc total=15.75GB freed≈-1.42GB
[2025-10-09 13:56:41] [replay] auto_memory_purge ratio=0.45 removed=175 cur=93 cap=200000 parent=1.30GB children=13.04GB high=0.65 low=0.50
[2025-10-09 13:58:50] [replay] autopurge_append_saved path=checkpoints\replay_autopurge_append.joblib added=70 total=264810 remove_count=70 target=37
[2025-10-09 13:58:50] [replay] memory_purge after_delete removed=70 cur=37 target=37 ratio_before=0.4514
[2025-10-09 13:58:50] [replay] memory_purge after_gc total=15.85GB freed≈-1.48GB
[2025-10-09 13:58:50] [replay] auto_memory_purge ratio=0.45 removed=70 cur=37 cap=200000 parent=1.32GB children=13.05GB high=0.65 low=0.50
[2025-10-09 13:58:51] [status] ep_done=2629 train_it=3850 new_since_train=60 replay_size=37 workers=10 io_sizes=events:0.1MB,ckpt:0.4MB
[2025-10-09 14:01:02] [replay] autopurge_append_saved path=checkpoints\replay_autopurge_append.joblib added=34 total=264844 remove_count=34 target=18
[2025-10-09 14:01:02] [replay] memory_purge after_delete removed=34 cur=18 target=18 ratio_before=0.4545
[2025-10-09 14:01:03] [replay] memory_purge after_gc total=15.87GB freed≈-1.39GB
[2025-10-09 14:01:03] [replay] auto_memory_purge ratio=0.45 removed=34 cur=18 cap=200000 parent=1.32GB children=13.15GB high=0.65 low=0.50
[2025-10-09 14:03:15] [replay] autopurge_append_saved path=checkpoints\replay_autopurge_append.joblib added=23 total=264867 remove_count=23 target=12
[2025-10-09 14:03:15] [replay] memory_purge after_delete removed=23 cur=12 target=12 ratio_before=0.4557
[2025-10-09 14:03:16] [replay] memory_purge after_gc total=15.90GB freed≈-1.39GB
[2025-10-09 14:03:16] [replay] auto_memory_purge ratio=0.46 removed=23 cur=12 cap=200000 parent=1.31GB children=13.20GB high=0.65 low=0.50
[2025-10-09 14:05:30] [replay] autopurge_append_saved path=checkpoints\replay_autopurge_append.joblib added=19 total=264886 remove_count=19 target=10
[2025-10-09 14:05:30] [replay] memory_purge after_delete removed=19 cur=10 target=10 ratio_before=0.4554
[2025-10-09 14:05:31] [replay] memory_purge after_gc total=15.98GB freed≈-1.47GB
[2025-10-09 14:05:31] [replay] auto_memory_purge ratio=0.46 removed=19 cur=10 cap=200000 parent=1.34GB children=13.17GB high=0.65 low=0.50
[2025-10-09 14:05:32] [status] ep_done=2632 train_it=3850 new_since_train=109 replay_size=10 workers=10 io_sizes=events:0.1MB,ckpt:0.4MB
[2025-10-09 14:05:32] [worker-restart] mark wid=5 gen=2 reason=high_rss
[2025-10-09 14:07:32] [worker-restart] done wid=5 gen=3 new_pid=1672
[2025-10-09 14:10:11] [snapshot] pool_size=2
[2025-10-09 14:10:32] [status] ep_done=2648 train_it=3900 new_since_train=5 replay_size=2909 workers=10 io_sizes=events:0.1MB,ckpt:0.4MB
[2025-10-09 14:15:32] [status] ep_done=2656 train_it=3900 new_since_train=1106 replay_size=4010 workers=10 io_sizes=events:0.1MB,ckpt:0.4MB
[2025-10-09 14:20:32] [status] ep_done=2661 train_it=3900 new_since_train=1597 replay_size=4501 workers=10 io_sizes=events:0.1MB,ckpt:0.4MB
[2025-10-09 14:25:32] [status] ep_done=2670 train_it=3900 new_since_train=1969 replay_size=4873 workers=10 io_sizes=events:0.1MB,ckpt:0.4MB
[2025-10-09 14:30:32] [status] ep_done=2675 train_it=3900 new_since_train=2566 replay_size=5470 workers=10 io_sizes=events:0.1MB,ckpt:0.4MB
[2025-10-09 14:35:32] [status] ep_done=2680 train_it=3900 new_since_train=2818 replay_size=5722 workers=10 io_sizes=events:0.1MB,ckpt:0.4MB
[2025-10-09 14:39:47] [snapshot] pool_size=2
[2025-10-09 14:40:32] [status] ep_done=2685 train_it=3950 new_since_train=111 replay_size=6018 workers=10 io_sizes=events:0.1MB,ckpt:0.4MB
[2025-10-09 14:45:32] [status] ep_done=2689 train_it=3950 new_since_train=279 replay_size=6186 workers=10 io_sizes=events:0.1MB,ckpt:0.4MB
[2025-10-09 14:48:05] [objtypes] wid=2 ep=50 top=list:891230,dict:224512,tuple:175202,set:72980,function:26087,cell:13065,builtin_function_or_method:10878,getset_descriptor:7972 (top_sum=1421926)
[2025-10-09 14:50:32] [status] ep_done=2697 train_it=3950 new_since_train=607 replay_size=6514 workers=10 io_sizes=events:0.1MB,ckpt:0.4MB
[2025-10-09 14:55:32] [status] ep_done=2700 train_it=3950 new_since_train=762 replay_size=6669 workers=10 io_sizes=events:0.1MB,ckpt:0.4MB
[2025-10-09 15:00:32] [status] ep_done=2706 train_it=3950 new_since_train=1131 replay_size=7038 workers=10 io_sizes=events:0.1MB,ckpt:0.4MB
[2025-10-09 15:05:32] [status] ep_done=2710 train_it=3950 new_since_train=1240 replay_size=7147 workers=10 io_sizes=events:0.1MB,ckpt:0.4MB
[2025-10-09 15:10:32] [status] ep_done=2714 train_it=3950 new_since_train=1553 replay_size=7460 workers=10 io_sizes=events:0.1MB,ckpt:0.4MB
[2025-10-09 15:15:32] [status] ep_done=2723 train_it=3950 new_since_train=1749 replay_size=7656 workers=10 io_sizes=events:0.1MB,ckpt:0.4MB
[2025-10-09 15:22:03] [replay] autopurge_append_saved path=checkpoints\replay_autopurge_append.joblib added=5010 total=269896 remove_count=5010 target=2675
[2025-10-09 15:22:04] [replay] memory_purge after_delete removed=5010 cur=2675 target=2675 ratio_before=0.4408
[2025-10-09 15:22:04] [replay] memory_purge after_gc total=15.20GB freed≈-1.16GB
[2025-10-09 15:22:04] [replay] auto_memory_purge ratio=0.44 removed=5010 cur=2675 cap=200000 parent=1.19GB children=12.84GB high=0.65 low=0.50
[2025-10-09 15:22:05] [status] ep_done=2725 train_it=3950 new_since_train=1778 replay_size=2675 workers=10 io_sizes=events:0.1MB,ckpt:0.4MB
[2025-10-09 15:27:05] [status] ep_done=2731 train_it=3950 new_since_train=2085 replay_size=2982 workers=10 io_sizes=events:0.1MB,ckpt:0.4MB
[2025-10-09 15:32:05] [status] ep_done=2738 train_it=3950 new_since_train=2341 replay_size=3238 workers=10 io_sizes=events:0.1MB,ckpt:0.4MB
[2025-10-09 15:37:05] [status] ep_done=2740 train_it=3950 new_since_train=2404 replay_size=3301 workers=10 io_sizes=events:0.1MB,ckpt:0.4MB
[2025-10-09 15:42:05] [status] ep_done=2745 train_it=3950 new_since_train=2577 replay_size=3474 workers=10 io_sizes=events:0.1MB,ckpt:0.4MB
[2025-10-09 15:47:05] [status] ep_done=2751 train_it=3950 new_since_train=2922 replay_size=3819 workers=10 io_sizes=events:0.1MB,ckpt:0.4MB
[2025-10-09 15:48:48] [TRAIN] step=4000 loss=0.7300 pl=0.7306 vl=0.0002 ent=0.790 kl=0.2821 top1=0.820 v_acc=1.000 v_brier=0.0000 pos=0.000 samples=256
[2025-10-09 15:48:49] [snapshot] pool_size=2
[2025-10-09 15:52:05] [status] ep_done=2752 train_it=4000 new_since_train=79 replay_size=3980 workers=10 io_sizes=events:0.1MB,ckpt:0.4MB
[2025-10-09 15:55:21] [objtypes] wid=6 ep=50 top=list:1039637,dict:249535,tuple:136079,set:79237,function:26087,cell:13065,builtin_function_or_method:10878,getset_descriptor:7972 (top_sum=1562490)
[2025-10-09 15:57:05] [status] ep_done=2757 train_it=4000 new_since_train=391 replay_size=4292 workers=10 io_sizes=events:0.1MB,ckpt:0.4MB
[2025-10-09 16:02:05] [status] ep_done=2760 train_it=4000 new_since_train=572 replay_size=4473 workers=10 io_sizes=events:0.1MB,ckpt:0.4MB
[2025-10-09 16:06:07] [objtypes] wid=0 ep=50 top=list:2451773,dict:451067,set:179195,tuple:135046,function:26087,cell:13065,builtin_function_or_method:10878,getset_descriptor:7972 (top_sum=3275083)
[2025-10-09 16:07:06] [status] ep_done=2764 train_it=4000 new_since_train=656 replay_size=4557 workers=10 io_sizes=events:0.1MB,ckpt:0.4MB
[2025-10-09 16:12:06] [status] ep_done=2769 train_it=4000 new_since_train=859 replay_size=4760 workers=10 io_sizes=events:0.1MB,ckpt:0.4MB
[2025-10-09 16:17:06] [status] ep_done=2773 train_it=4000 new_since_train=1104 replay_size=5005 workers=10 io_sizes=events:0.1MB,ckpt:0.4MB
[2025-10-09 16:22:06] [status] ep_done=2776 train_it=4000 new_since_train=1302 replay_size=5203 workers=10 io_sizes=events:0.1MB,ckpt:0.4MB
[2025-10-09 16:27:06] [status] ep_done=2780 train_it=4000 new_since_train=1423 replay_size=5324 workers=10 io_sizes=events:0.1MB,ckpt:0.4MB
[2025-10-09 16:30:19] [objtypes] wid=1 ep=50 top=list:1530961,dict:325287,tuple:117287,set:116539,function:26087,cell:13065,builtin_function_or_method:10878,getset_descriptor:7972 (top_sum=2148076)
[2025-10-09 16:32:06] [status] ep_done=2784 train_it=4000 new_since_train=1547 replay_size=5448 workers=10 io_sizes=events:0.1MB,ckpt:0.4MB
[2025-10-09 16:37:06] [status] ep_done=2788 train_it=4000 new_since_train=1826 replay_size=5727 workers=10 io_sizes=events:0.1MB,ckpt:0.4MB
[2025-10-09 16:42:06] [status] ep_done=2790 train_it=4000 new_since_train=1969 replay_size=5870 workers=10 io_sizes=events:0.1MB,ckpt:0.4MB
[2025-10-09 16:47:06] [status] ep_done=2793 train_it=4000 new_since_train=2164 replay_size=6065 workers=10 io_sizes=events:0.1MB,ckpt:0.4MB
[2025-10-09 16:47:50] [objtypes] wid=4 ep=50 top=list:1519525,dict:342848,set:125354,tuple:124251,function:26087,cell:13065,builtin_function_or_method:10878,getset_descriptor:7972 (top_sum=2169980)
[2025-10-09 16:52:06] [status] ep_done=2799 train_it=4000 new_since_train=2409 replay_size=6310 workers=10 io_sizes=events:0.1MB,ckpt:0.4MB
[2025-10-09 16:57:06] [status] ep_done=2800 train_it=4000 new_since_train=2430 replay_size=6331 workers=10 io_sizes=events:0.1MB,ckpt:0.4MB
[2025-10-09 17:02:06] [status] ep_done=2802 train_it=4000 new_since_train=2479 replay_size=6380 workers=10 io_sizes=events:0.1MB,ckpt:0.4MB
[2025-10-09 17:07:06] [status] ep_done=2809 train_it=4000 new_since_train=2799 replay_size=6700 workers=10 io_sizes=events:0.1MB,ckpt:0.4MB
[2025-10-09 17:12:06] [status] ep_done=2811 train_it=4000 new_since_train=2892 replay_size=6793 workers=10 io_sizes=events:0.1MB,ckpt:0.4MB
[2025-10-09 17:15:43] [objtypes] wid=7 ep=50 top=list:1330655,dict:313409,tuple:123409,set:110516,function:26087,cell:13065,builtin_function_or_method:10878,getset_descriptor:7972 (top_sum=1935991)
[2025-10-09 17:17:06] [status] ep_done=2813 train_it=4000 new_since_train=2986 replay_size=6887 workers=10 io_sizes=events:0.1MB,ckpt:0.4MB
[2025-10-09 17:18:26] [snapshot] pool_size=2
[2025-10-09 17:22:06] [status] ep_done=2815 train_it=4050 new_since_train=143 replay_size=7050 workers=10 io_sizes=events:0.1MB,ckpt:0.4MB
[2025-10-09 17:27:06] [status] ep_done=2818 train_it=4050 new_since_train=196 replay_size=7103 workers=10 io_sizes=events:0.1MB,ckpt:0.4MB
[2025-10-09 17:32:06] [status] ep_done=2823 train_it=4050 new_since_train=366 replay_size=7273 workers=10 io_sizes=events:0.1MB,ckpt:0.4MB
[2025-10-09 17:37:06] [status] ep_done=2824 train_it=4050 new_since_train=389 replay_size=7296 workers=10 io_sizes=events:0.1MB,ckpt:0.4MB
[2025-10-09 17:42:07] [status] ep_done=2827 train_it=4050 new_since_train=488 replay_size=7395 workers=10 io_sizes=events:0.1MB,ckpt:0.4MB
[2025-10-09 17:47:07] [status] ep_done=2829 train_it=4050 new_since_train=543 replay_size=7450 workers=10 io_sizes=events:0.1MB,ckpt:0.4MB
[2025-10-09 17:52:07] [status] ep_done=2833 train_it=4050 new_since_train=726 replay_size=7633 workers=10 io_sizes=events:0.1MB,ckpt:0.4MB
[2025-10-09 17:57:07] [status] ep_done=2837 train_it=4050 new_since_train=884 replay_size=7791 workers=10 io_sizes=events:0.1MB,ckpt:0.4MB
[2025-10-09 18:02:07] [status] ep_done=2838 train_it=4050 new_since_train=896 replay_size=7803 workers=10 io_sizes=events:0.1MB,ckpt:0.4MB
[2025-10-09 18:07:07] [status] ep_done=2842 train_it=4050 new_since_train=1111 replay_size=8018 workers=10 io_sizes=events:0.1MB,ckpt:0.4MB
[2025-10-09 18:12:07] [status] ep_done=2842 train_it=4050 new_since_train=1111 replay_size=8018 workers=10 io_sizes=events:0.1MB,ckpt:0.4MB
[2025-10-09 18:17:07] [status] ep_done=2847 train_it=4050 new_since_train=1283 replay_size=8190 workers=10 io_sizes=events:0.1MB,ckpt:0.4MB
[2025-10-09 18:22:07] [status] ep_done=2849 train_it=4050 new_since_train=1370 replay_size=8277 workers=10 io_sizes=events:0.1MB,ckpt:0.4MB
