{"header": {"timestamp": 1766079655.8469164, "model": "checkpoints\\policy_value_latest.pt", "episodes": 30, "seed": 12345}}
{"diversity_summary": {"episodes": 30, "unique_initial_hand_patterns": 30, "unique_early_field_patterns": 30}}
{"episode_summary": {"episode": 0, "seed": 12345, "ended": true, "steps_count": 91, "winner": 3}}
{"initial_hands": [["♠Q", "♠4", "♠2", "♥6", "♦8", "♠6", "♣4", "♦Q", "♥7", "♣10", "♦5", "♥8", "♦10", "♦K"], ["♥3", "♠7", "♣6", "♣2", "♣5", "♦4", "♣3", "♠9", "♣9", "♠J", "♦6", "♦9", "♥4"], ["♠A", "♠5", "♦2", "♠3", "♣Q", "♥Q", "♥K", "♣A", "♥2", "JOKER", "♠10", "♦3", "♣K"], ["♦J", "♥10", "♣8", "♥9", "♦A", "♦7", "♣J", "♥5", "♣7", "♠K", "♥J", "♠8", "♥A"]]}
{"step": {"step": 1, "player_id": 2, "played": ["♣A", "JOKER"], "field_after": ["♣A", "JOKER"], "reset_reason": null, "policy": {"♠3": 0.030682583727234782, "♦3": 0.024656064581315598, "♠5": 0.026276571944250787, "♠10": 0.02842403620046506, "♥2": 0.02486698166350578, "♦2": 0.033663486379547095, "♠3|♦3": 0.022200307640973048, "♠3|JOKER": 0.026595075673856116, "♦3|JOKER": 0.030917110579713532, "♠5|JOKER": 0.024013243567232376, "♠10|JOKER": 0.022325472253171382, "♦2|♥2": 0.027119388873768194, "♥2|JOKER": 0.0222540084235492, "♦2|JOKER": 0.03352777513940453, "♠A|JOKER": 0.026182014059726203, "♣A|JOKER": 0.024571527991812118, "♣K|JOKER": 0.03352407428626507, "♣Q|JOKER": 0.022348411357311773, "♥K|JOKER": 0.02189167768566637, "♥Q|JOKER": 0.021813086664328383, "♠A|♣A": 0.03130381132865707, "♥K|♣K": 0.019247996537650917, "♣Q|♥Q": 0.019199755876775738, "♠3|♦3|JOKER": 0.03078413641723076, "♦2|♥2|JOKER": 0.027147305640413497, "♠3|JOKER|♠5": 0.020861008678229567, "♠A|♣A|JOKER": 0.031203652940615226, "JOKER|♣Q|♣K": 0.024884693811105002, "♥K|♣K|JOKER": 0.022744106331776662, "♣Q|♥Q|JOKER": 0.02802777588773851, "JOKER|♥Q|♥K": 0.02861698523420661, "JOKER": 0.028466429038335805, "♠A": 0.02695414193773108, "♣A": 0.01873733416190901, "♣K": 0.02886669456286146, "♣Q": 0.02584059961534079, "♥K": 0.021962773223908136, "♥Q": 0.03729790008241641}, "value": 0.5445115566253662}}
{"step": {"step": 2, "player_id": 3, "played": null, "field_after": ["♣A", "JOKER"], "reset_reason": null, "policy": {"pass": 1.0}, "value": 0.460383802652359}}
{"step": {"step": 3, "player_id": 0, "played": null, "field_after": ["♣A", "JOKER"], "reset_reason": null, "policy": {"pass": 1.0}, "value": 0.45150962471961975}}
{"step": {"step": 4, "player_id": 1, "played": null, "field_after": [], "reset_reason": "all_pass", "policy": {"pass": 1.0}, "value": 0.45839056372642517}}
{"step": {"step": 5, "player_id": 2, "played": ["♠3"], "field_after": ["♠3"], "reset_reason": null, "policy": {"♠3": 0.07603540459428758, "♦3": 0.0634177015191166, "♠5": 0.06367711647073224, "♠10": 0.0686153712724831, "♥2": 0.06126653188506435, "♦2": 0.08287822879066675, "♠3|♦3": 0.05717657456019456, "♦2|♥2": 0.06562578445981228, "♥K|♣K": 0.0788087574352168, "♣Q|♥Q": 0.06125389258758472, "♠A": 0.054647008506189566, "♣K": 0.06643509444799026, "♣Q": 0.053232601727950475, "♥K": 0.08195897350517568, "♥Q": 0.06497095823753497}, "value": 0.5445446372032166}}
{"step": {"step": 6, "player_id": 3, "played": ["♣8"], "field_after": [], "reset_reason": "eight_cut", "policy": {"♥5": 0.07586018850029752, "♣7": 0.07318029747371685, "♦7": 0.06399128370683058, "♠8": 0.07223580650056113, "♣8": 0.06328899469478709, "♥9": 0.09289905846750283, "♥10": 0.0641533097444247, "♠K": 0.07714653422957786, "♣J": 0.08351564298905427, "♥A": 0.06505649935472338, "♥J": 0.0601508897915721, "♦A": 0.07235487280544398, "♦J": 0.05928692997689042, "pass": 0.07687969176461733}, "value": 0.4621802866458893}}
{"step": {"step": 7, "player_id": 3, "played": ["♣J"], "field_after": ["♣J"], "reset_reason": null, "policy": {"♥5": 0.0610104380583557, "♣7": 0.05466775283353889, "♦7": 0.04870478460856237, "♠8": 0.051731946610894135, "♥9": 0.04620112937951322, "♥10": 0.07175825960262126, "♦7|♣7": 0.048558315113450115, "♣J|♥J": 0.0513222837052643, "♦J|♣J": 0.06330005190577694, "♦A|♥A": 0.05020665601612232, "♦J|♥J": 0.042520841525754895, "♦J|♣J|♥J": 0.053979306304464895, "♥9|♥10|♥J": 0.046953498945857486, "♠K": 0.05820149462315984, "♣J": 0.04922728622731753, "♥A": 0.045583709369556864, "♥J": 0.05898988488401127, "♦A": 0.049951185574583196, "♦J": 0.04713117471119489}, "value": 0.4675661623477936}}
{"step": {"step": 8, "player_id": 0, "played": ["♦K"], "field_after": ["♦K"], "reset_reason": null, "policy": {"♠2": 0.21987887081943103, "♠Q": 0.20168547087796232, "♦K": 0.20995477461221998, "♦Q": 0.19617742565980686, "pass": 0.1723034580305799}, "value": 0.44670096039772034}}
{"step": {"step": 9, "player_id": 1, "played": ["♣2"], "field_after": ["♣2"], "reset_reason": null, "policy": {"♣2": 0.5288435236997789, "pass": 0.471156476300221}, "value": 0.47028088569641113}}
{"step": {"step": 10, "player_id": 2, "played": null, "field_after": ["♣2"], "reset_reason": null, "policy": {"pass": 1.0}, "value": 0.5482313632965088}}
{"step": {"step": 11, "player_id": 3, "played": null, "field_after": ["♣2"], "reset_reason": null, "policy": {"pass": 1.0}, "value": 0.47859466075897217}}
{"step": {"step": 12, "player_id": 0, "played": null, "field_after": [], "reset_reason": "all_pass", "policy": {"pass": 1.0}, "value": 0.45760399103164673}}
{"step": {"step": 13, "player_id": 1, "played": ["♣9", "♦9"], "field_after": ["♣9", "♦9"], "reset_reason": null, "policy": {"♣3": 0.059987421278999184, "♥3": 0.0521829299977986, "♥4": 0.056763925755213905, "♦4": 0.055157084428145056, "♣5": 0.054812264118689745, "♣6": 0.06579483250522107, "♦6": 0.044948304347778564, "♠7": 0.05540481209511362, "♠9": 0.05496185280797306, "♣9": 0.04779064812038913, "♦9": 0.04310425176505495, "♥3|♣3": 0.0549826178541964, "♦4|♥4": 0.04446700770948776, "♣6|♦6": 0.05850596267714532, "♠9|♣9": 0.05058954344430684, "♠9|♦9": 0.045469436806549565, "♣9|♦9": 0.06506226589316823, "♠9|♣9|♦9": 0.04565716717653301, "♠J": 0.04435767121823588}, "value": 0.47583523392677307}}
{"step": {"step": 14, "player_id": 2, "played": ["♣Q", "♥Q"], "field_after": ["♣Q", "♥Q"], "reset_reason": null, "policy": {"♦2|♥2": 0.2780425262448449, "♥K|♣K": 0.23394337710636773, "♣Q|♥Q": 0.24766276515192076, "pass": 0.24035133149686663}, "value": 0.5462607145309448}}
{"step": {"step": 15, "player_id": 3, "played": ["♦A", "♥A"], "field_after": ["♦A", "♥A"], "reset_reason": null, "policy": {"♦A|♥A": 0.4911043718250367, "pass": 0.5088956281749634}, "value": 0.47696810960769653}}
{"step": {"step": 16, "player_id": 0, "played": null, "field_after": ["♦A", "♥A"], "reset_reason": null, "policy": {"pass": 1.0}, "value": 0.4401417672634125}}
{"step": {"step": 17, "player_id": 1, "played": null, "field_after": ["♦A", "♥A"], "reset_reason": null, "policy": {"pass": 1.0}, "value": 0.4778003990650177}}
{"step": {"step": 18, "player_id": 2, "played": ["♦2", "♥2"], "field_after": ["♦2", "♥2"], "reset_reason": null, "policy": {"♦2|♥2": 0.5044114190043244, "pass": 0.49558858099567554}, "value": 0.5363724231719971}}
{"step": {"step": 19, "player_id": 3, "played": null, "field_after": ["♦2", "♥2"], "reset_reason": null, "policy": {"pass": 1.0}, "value": 0.48274722695350647}}
{"step": {"step": 20, "player_id": 0, "played": null, "field_after": ["♦2", "♥2"], "reset_reason": null, "policy": {"pass": 1.0}, "value": 0.45885252952575684}}
{"step": {"step": 21, "player_id": 1, "played": null, "field_after": [], "reset_reason": "all_pass", "policy": {"pass": 1.0}, "value": 0.4544559717178345}}
{"step": {"step": 22, "player_id": 2, "played": ["♠10"], "field_after": ["♠10"], "reset_reason": null, "policy": {"♦3": 0.16569841248483602, "♠5": 0.13030016380078135, "♠10": 0.1380968418610006, "♥K|♣K": 0.14181577038035592, "♠A": 0.12834758689002268, "♣K": 0.1735775500211234, "♥K": 0.12216367456188006}, "value": 0.5507487654685974}}
{"step": {"step": 23, "player_id": 3, "played": ["♥J"], "field_after": ["♥J"], "reset_reason": null, "policy": {"♠K": 0.2626939674958707, "♥J": 0.2532601394743278, "♦J": 0.21902688363483078, "pass": 0.26501900939497075}, "value": 0.4756070077419281}}
{"step": {"step": 24, "player_id": 0, "played": ["♠Q"], "field_after": ["♠Q"], "reset_reason": null, "policy": {"♠2": 0.2760610238965387, "♠Q": 0.22918788196180423, "♦Q": 0.25695320357294654, "pass": 0.23779789056871053}, "value": 0.4531354308128357}}
{"step": {"step": 25, "player_id": 1, "played": null, "field_after": ["♠Q"], "reset_reason": null, "policy": {"pass": 1.0}, "value": 0.4537576735019684}}
{"step": {"step": 26, "player_id": 2, "played": ["♠A"], "field_after": ["♠A"], "reset_reason": null, "policy": {"♠A": 0.2711487279435263, "♣K": 0.22933212863070512, "♥K": 0.2723964588582578, "pass": 0.2271226845675107}, "value": 0.5491593480110168}}
{"step": {"step": 27, "player_id": 3, "played": null, "field_after": ["♠A"], "reset_reason": null, "policy": {"pass": 1.0}, "value": 0.460163414478302}}
{"step": {"step": 28, "player_id": 0, "played": ["♠2"], "field_after": ["♠2"], "reset_reason": null, "policy": {"♠2": 0.5505267251285761, "pass": 0.4494732748714238}, "value": 0.4443906545639038}}
{"step": {"step": 29, "player_id": 1, "played": null, "field_after": ["♠2"], "reset_reason": null, "policy": {"pass": 1.0}, "value": 0.43795278668403625}}
{"step": {"step": 30, "player_id": 2, "played": null, "field_after": ["♠2"], "reset_reason": null, "policy": {"pass": 1.0}, "value": 0.5538555383682251}}
{"step": {"step": 31, "player_id": 3, "played": null, "field_after": [], "reset_reason": "all_pass", "policy": {"pass": 1.0}, "value": 0.46605822443962097}}
{"step": {"step": 32, "player_id": 0, "played": ["♦8", "♥8"], "field_after": [], "reset_reason": "eight_cut", "policy": {"♠4": 0.07292482786316984, "♣4": 0.060455465641455264, "♦5": 0.0657652383017194, "♠6": 0.06532966380999923, "♥6": 0.05758298838360174, "♥7": 0.07799009521892349, "♥8": 0.05607208209080018, "♦8": 0.059771478949826734, "♣10": 0.07031025895018553, "♦10": 0.05342571075445373, "♠4|♣4": 0.048126131021361596, "♥6|♠6": 0.06665174125664958, "♦8|♥8": 0.057856435658781145, "♣10|♦10": 0.07098990299067195, "♥6|♥7|♥8": 0.06445596546557918, "♦Q": 0.05229201364282127}, "value": 0.46433380246162415}}
{"step": {"step": 33, "player_id": 0, "played": ["♥7"], "field_after": ["♥7"], "reset_reason": null, "policy": {"♠4": 0.09840544782973801, "♣4": 0.07998927553048532, "♦5": 0.08816096403912763, "♠6": 0.08534240608388377, "♥6": 0.07655701113615374, "♥7": 0.10135395230634817, "♣10": 0.07418469130568857, "♦10": 0.08183839397631244, "♠4|♣4": 0.09321133236928951, "♥6|♠6": 0.07114980137145138, "♣10|♦10": 0.06499792239213215, "♦Q": 0.0848088016593894}, "value": 0.4635191261768341}}
{"step": {"step": 34, "player_id": 1, "played": ["♠9"], "field_after": ["♠9"], "reset_reason": null, "policy": {"♠9": 0.3569674526305494, "♠J": 0.305986054188703, "pass": 0.33704649318074764}, "value": 0.45714107155799866}}
{"step": {"step": 35, "player_id": 2, "played": ["♥K"], "field_after": ["♥K"], "reset_reason": null, "policy": {"♣K": 0.3521194606920196, "♥K": 0.2996009119046648, "pass": 0.34827962740331564}, "value": 0.5433522462844849}}
{"step": {"step": 36, "player_id": 3, "played": null, "field_after": ["♥K"], "reset_reason": null, "policy": {"pass": 1.0}, "value": 0.4663006067276001}}
{"step": {"step": 37, "player_id": 0, "played": null, "field_after": ["♥K"], "reset_reason": null, "policy": {"pass": 1.0}, "value": 0.45632168650627136}}
{"step": {"step": 38, "player_id": 1, "played": null, "field_after": [], "reset_reason": "all_pass", "policy": {"pass": 1.0}, "value": 0.46141090989112854}}
{"step": {"step": 39, "player_id": 2, "played": ["♣K"], "field_after": ["♣K"], "reset_reason": null, "policy": {"♦3": 0.3783478610777058, "♠5": 0.30109421300306655, "♣K": 0.3205579259192277}, "value": 0.5476030111312866}}
{"step": {"step": 40, "player_id": 3, "played": null, "field_after": ["♣K"], "reset_reason": null, "policy": {"pass": 1.0}, "value": 0.4748588800430298}}
{"step": {"step": 41, "player_id": 0, "played": null, "field_after": ["♣K"], "reset_reason": null, "policy": {"pass": 1.0}, "value": 0.4522360563278198}}
{"step": {"step": 42, "player_id": 1, "played": null, "field_after": [], "reset_reason": "all_pass", "policy": {"pass": 1.0}, "value": 0.44953057169914246}}
{"step": {"step": 43, "player_id": 2, "played": ["♦3"], "field_after": ["♦3"], "reset_reason": null, "policy": {"♦3": 0.5531487978075544, "♠5": 0.44685120219244556}, "value": 0.5525357723236084}}
{"step": {"step": 44, "player_id": 3, "played": ["♥9"], "field_after": ["♥9"], "reset_reason": null, "policy": {"♥5": 0.12469584433460128, "♣7": 0.10381792650960853, "♦7": 0.09465181151470622, "♠8": 0.10650284736684838, "♥9": 0.09900270859380962, "♥10": 0.1424227537636068, "♠K": 0.09497063860449086, "♦J": 0.11868353340761167, "pass": 0.1152519359047169}, "value": 0.47081130743026733}}
{"step": {"step": 45, "player_id": 0, "played": ["♦10"], "field_after": ["♦10"], "reset_reason": null, "policy": {"♣10": 0.27111335156079686, "♦10": 0.22618023028783635, "♦Q": 0.27299440694041943, "pass": 0.22971201121094742}, "value": 0.46076104044914246}}
{"step": {"step": 46, "player_id": 1, "played": ["♠J"], "field_after": ["♠J"], "reset_reason": null, "policy": {"♠J": 0.5243887609549105, "pass": 0.4756112390450895}, "value": 0.4696709215641022}}
{"step": {"step": 47, "player_id": 2, "played": null, "field_after": ["♠J"], "reset_reason": null, "policy": {"pass": 1.0}, "value": 0.5508086681365967}}
{"step": {"step": 48, "player_id": 3, "played": ["♠K"], "field_after": ["♠K"], "reset_reason": null, "policy": {"♠K": 0.5263552227368222, "pass": 0.4736447772631778}, "value": 0.47513580322265625}}
{"step": {"step": 49, "player_id": 0, "played": null, "field_after": ["♠K"], "reset_reason": null, "policy": {"pass": 1.0}, "value": 0.44300377368927}}
{"step": {"step": 50, "player_id": 1, "played": null, "field_after": ["♠K"], "reset_reason": null, "policy": {"pass": 1.0}, "value": 0.469331294298172}}
{"step": {"step": 51, "player_id": 2, "played": null, "field_after": [], "reset_reason": "all_pass", "policy": {"pass": 1.0}, "value": 0.5297263264656067}}
{"step": {"step": 52, "player_id": 3, "played": ["♦7", "♣7"], "field_after": ["♦7", "♣7"], "reset_reason": null, "policy": {"♥5": 0.16264824421544966, "♣7": 0.13653862799387592, "♦7": 0.1213202297880109, "♠8": 0.13616399508490895, "♥10": 0.1298452215914096, "♦7|♣7": 0.19168470099342944, "♦J": 0.12179898033291557}, "value": 0.47421419620513916}}
{"step": {"step": 53, "player_id": 0, "played": null, "field_after": ["♦7", "♣7"], "reset_reason": null, "policy": {"pass": 1.0}, "value": 0.4636686146259308}}
{"step": {"step": 54, "player_id": 1, "played": null, "field_after": ["♦7", "♣7"], "reset_reason": null, "policy": {"pass": 1.0}, "value": 0.4898854196071625}}
{"step": {"step": 55, "player_id": 2, "played": null, "field_after": [], "reset_reason": "all_pass", "policy": {"pass": 1.0}, "value": 0.5497027635574341}}
{"step": {"step": 56, "player_id": 3, "played": ["♠8"], "field_after": [], "reset_reason": "eight_cut", "policy": {"♥5": 0.28426454605984086, "♠8": 0.2365988637028035, "♥10": 0.23062802929786874, "♦J": 0.24850856093948687}, "value": 0.4859626889228821}}
{"step": {"step": 57, "player_id": 3, "played": ["♥10"], "field_after": ["♥10"], "reset_reason": null, "policy": {"♥5": 0.37871510673451575, "♥10": 0.31755954400113506, "♦J": 0.3037253492643492}, "value": 0.4858226776123047}}
{"step": {"step": 58, "player_id": 0, "played": ["♦Q"], "field_after": ["♦Q"], "reset_reason": null, "policy": {"♦Q": 0.5169946607439901, "pass": 0.4830053392560098}, "value": 0.4572395384311676}}
{"step": {"step": 59, "player_id": 1, "played": null, "field_after": ["♦Q"], "reset_reason": null, "policy": {"pass": 1.0}, "value": 0.465061217546463}}
{"step": {"step": 60, "player_id": 2, "played": null, "field_after": ["♦Q"], "reset_reason": null, "policy": {"pass": 1.0}, "value": 0.5440720319747925}}
{"step": {"step": 61, "player_id": 3, "played": null, "field_after": [], "reset_reason": "all_pass", "policy": {"pass": 1.0}, "value": 0.47853443026542664}}
{"step": {"step": 62, "player_id": 0, "played": ["♠6"], "field_after": ["♠6"], "reset_reason": null, "policy": {"♠4": 0.14794256216725002, "♣4": 0.1215644058353074, "♦5": 0.12878357415624214, "♠6": 0.11822703506518538, "♥6": 0.11671787550603727, "♣10": 0.14566819270084033, "♠4|♣4": 0.10195892755430658, "♥6|♠6": 0.11913742701483099}, "value": 0.46113279461860657}}
{"step": {"step": 63, "player_id": 1, "played": ["♠7"], "field_after": ["♠7"], "reset_reason": null, "policy": {"♠7": 0.5324247917793684, "pass": 0.4675752082206316}, "value": 0.4705521762371063}}
{"step": {"step": 64, "player_id": 2, "played": null, "field_after": ["♠7"], "reset_reason": null, "policy": {"pass": 1.0}, "value": 0.5352505445480347}}
{"step": {"step": 65, "player_id": 3, "played": ["♦J"], "field_after": ["♦J"], "reset_reason": null, "policy": {"♦J": 0.5231454248371687, "pass": 0.4768545751628312}, "value": 0.46692466735839844}}
{"step": {"step": 66, "player_id": 0, "played": null, "field_after": ["♦J"], "reset_reason": null, "policy": {"pass": 1.0}, "value": 0.4543890953063965}}
{"step": {"step": 67, "player_id": 1, "played": null, "field_after": ["♦J"], "reset_reason": null, "policy": {"pass": 1.0}, "value": 0.4715080261230469}}
{"step": {"step": 68, "player_id": 2, "played": null, "field_after": [], "reset_reason": "all_pass", "policy": {"pass": 1.0}, "value": 0.5466975569725037}}
{"step": {"step": 69, "player_id": 3, "played": ["♥5"], "field_after": ["♥5"], "reset_reason": null, "policy": {"♥5": 1.0}, "value": 0.48257511854171753}}
{"step": {"step": 70, "player_id": 0, "played": ["♥6"], "field_after": ["♥6"], "reset_reason": null, "policy": {"♥6": 0.32625711076993674, "♣10": 0.3219309871034889, "pass": 0.3518119021265744}, "value": 0.4440764784812927}}
{"step": {"step": 71, "player_id": 1, "played": null, "field_after": ["♥6"], "reset_reason": null, "policy": {"pass": 1.0}, "value": 0.4695056080818176}}
{"step": {"step": 72, "player_id": 2, "played": null, "field_after": [], "reset_reason": "all_pass", "policy": {"pass": 1.0}, "value": 0.5430664420127869}}
{"step": {"step": 73, "player_id": 0, "played": ["♠4"], "field_after": ["♠4"], "reset_reason": null, "policy": {"♠4": 0.23265868136976886, "♣4": 0.19390108602441256, "♦5": 0.20044007947280565, "♣10": 0.18494295769222435, "♠4|♣4": 0.18805719544078858}, "value": 0.46031463146209717}}
{"step": {"step": 74, "player_id": 1, "played": ["♣6"], "field_after": ["♣6"], "reset_reason": null, "policy": {"♣5": 0.23636531358262886, "♣6": 0.25327611021283625, "♦6": 0.2615673480288225, "pass": 0.24879122817571253}, "value": 0.4694760739803314}}
{"step": {"step": 75, "player_id": 2, "played": null, "field_after": ["♣6"], "reset_reason": null, "policy": {"pass": 1.0}, "value": 0.5406616926193237}}
{"step": {"step": 76, "player_id": 0, "played": ["♣10"], "field_after": ["♣10"], "reset_reason": null, "policy": {"♣10": 0.5143101388291, "pass": 0.4856898611709}, "value": 0.46067479252815247}}
{"step": {"step": 77, "player_id": 1, "played": null, "field_after": ["♣10"], "reset_reason": null, "policy": {"pass": 1.0}, "value": 0.4692215025424957}}
{"step": {"step": 78, "player_id": 2, "played": null, "field_after": [], "reset_reason": "all_pass", "policy": {"pass": 1.0}, "value": 0.5349177122116089}}
{"step": {"step": 79, "player_id": 0, "played": ["♣4"], "field_after": ["♣4"], "reset_reason": null, "policy": {"♣4": 0.5499357734781748, "♦5": 0.45006422652182515}, "value": 0.4518200159072876}}
{"step": {"step": 80, "player_id": 1, "played": ["♦6"], "field_after": ["♦6"], "reset_reason": null, "policy": {"♣5": 0.3405738067970636, "♦6": 0.325855490407159, "pass": 0.3335707027957773}, "value": 0.46274295449256897}}
{"step": {"step": 81, "player_id": 2, "played": null, "field_after": ["♦6"], "reset_reason": null, "policy": {"pass": 1.0}, "value": 0.5374859571456909}}
{"step": {"step": 82, "player_id": 0, "played": null, "field_after": [], "reset_reason": "all_pass", "policy": {"pass": 1.0}, "value": 0.46062320470809937}}
{"step": {"step": 83, "player_id": 1, "played": ["♦4", "♥4"], "field_after": ["♦4", "♥4"], "reset_reason": null, "policy": {"♣3": 0.15776777936245262, "♥3": 0.1389866049754226, "♥4": 0.14440213621734896, "♦4": 0.1408085702884806, "♣5": 0.13405514758593104, "♥3|♣3": 0.17079547021154992, "♦4|♥4": 0.11318429135881435}, "value": 0.4755609631538391}}
{"step": {"step": 84, "player_id": 2, "played": null, "field_after": ["♦4", "♥4"], "reset_reason": null, "policy": {"pass": 1.0}, "value": 0.5587854385375977}}
{"step": {"step": 85, "player_id": 0, "played": null, "field_after": [], "reset_reason": "all_pass", "policy": {"pass": 1.0}, "value": 0.4636578857898712}}
{"step": {"step": 86, "player_id": 1, "played": ["♣3"], "field_after": ["♣3"], "reset_reason": null, "policy": {"♣3": 0.2720015748544667, "♥3": 0.23947231146554604, "♣5": 0.25062635722981885, "♥3|♣3": 0.23789975645016845}, "value": 0.48016977310180664}}
{"step": {"step": 87, "player_id": 2, "played": ["♠5"], "field_after": ["♠5"], "reset_reason": null, "policy": {"♠5": 0.5059406196956316, "pass": 0.49405938030436836}, "value": 0.5510436296463013}}
{"step": {"step": 88, "player_id": 0, "played": null, "field_after": ["♠5"], "reset_reason": null, "policy": {"pass": 1.0}, "value": 0.45737674832344055}}
{"step": {"step": 89, "player_id": 1, "played": null, "field_after": [], "reset_reason": "all_pass", "policy": {"pass": 1.0}, "value": 0.47826433181762695}}
{"step": {"step": 90, "player_id": 2, "played": null, "field_after": [], "reset_reason": null, "policy": {}, "value": 1.0}}
{"step": {"step": 91, "player_id": 0, "played": ["♦5"], "field_after": ["♦5"], "reset_reason": null, "policy": {"♦5": 1.0}, "value": 0.4546869695186615}}
{"episode_end": {"episode": 0, "ended": true}}
{"episode_summary": {"episode": 1, "seed": 12346, "ended": true, "steps_count": 96, "winner": 3}}
{"initial_hands": [["♠7", "♠3", "♥Q", "♣A", "♦5", "♦6", "♠10", "♥10", "♥8", "♣K", "♦8", "♦9", "♠9", "♥3"], ["♦A", "♥J", "♦3", "♦2", "♣9", "♥5", "♥6", "♣3", "♣7", "♣Q", "♣4", "♦4", "♠4"], ["♠6", "♥7", "♥A", "♣J", "♠A", "♠2", "♠Q", "♥4", "♠5", "♣10", "♥9", "♦Q", "♥2"], ["♦10", "♦J", "♠J", "♦K", "♦7", "♣8", "♣6", "♥K", "♠K", "♣5", "♠8", "JOKER", "♣2"]]}
{"step": {"step": 1, "player_id": 1, "played": ["♦4", "♠4"], "field_after": ["♦4", "♠4"], "reset_reason": null, "policy": {"♣3": 0.0639549428980716, "♦3": 0.058026303910569885, "♠4": 0.06184195419019014, "♣4": 0.055816423749976925, "♦4": 0.05784523854263152, "♥5": 0.06817473615644006, "♥6": 0.04353367803647708, "♣7": 0.05391324990471993, "♣9": 0.05900696564184311, "♦2": 0.05226574540175997, "♦3|♣3": 0.044027458909317606, "♣4|♠4": 0.05693409450379044, "♦4|♠4": 0.044602264152266584, "♣4|♦4": 0.05978930990892211, "♣4|♦4|♠4": 0.053091828808649134, "♣Q": 0.05093616172195291, "♥J": 0.06784171888137297, "♦A": 0.04839792468104792}, "value": 0.4776611030101776}}
{"step": {"step": 2, "player_id": 2, "played": ["♠2", "♥2"], "field_after": ["♠2", "♥2"], "reset_reason": null, "policy": {"♠2|♥2": 0.253179429139677, "♥A|♠A": 0.23933568267738833, "♠Q|♦Q": 0.23920553474551398, "pass": 0.2682793534374207}, "value": 0.5562838315963745}}
{"step": {"step": 3, "player_id": 3, "played": null, "field_after": ["♠2", "♥2"], "reset_reason": null, "policy": {"pass": 1.0}, "value": 0.48353511095046997}}
{"step": {"step": 4, "player_id": 0, "played": null, "field_after": ["♠2", "♥2"], "reset_reason": null, "policy": {"pass": 1.0}, "value": 0.4639277458190918}}
{"step": {"step": 5, "player_id": 1, "played": null, "field_after": [], "reset_reason": "all_pass", "policy": {"pass": 1.0}, "value": 0.44996729493141174}}
{"step": {"step": 6, "player_id": 2, "played": ["♠A"], "field_after": ["♠A"], "reset_reason": null, "policy": {"♥4": 0.08796233671475397, "♠5": 0.07191042488522718, "♠6": 0.07336094210921384, "♥7": 0.0770271490014512, "♥9": 0.06828862972984948, "♣10": 0.09995892066315865, "♥A|♠A": 0.07390247543703896, "♠Q|♦Q": 0.07647506429861205, "♠A": 0.09484524168532285, "♠Q": 0.0662122185783373, "♣J": 0.06284012012384226, "♥A": 0.07500717976245164, "♦Q": 0.07220929701074054}, "value": 0.5548312067985535}}
{"step": {"step": 7, "player_id": 3, "played": ["♣2"], "field_after": ["♣2"], "reset_reason": null, "policy": {"♣2": 0.5107836250361953, "pass": 0.48921637496380466}, "value": 0.4615991413593292}}
{"step": {"step": 8, "player_id": 0, "played": null, "field_after": ["♣2"], "reset_reason": null, "policy": {"pass": 1.0}, "value": 0.45054495334625244}}
{"step": {"step": 9, "player_id": 1, "played": null, "field_after": ["♣2"], "reset_reason": null, "policy": {"pass": 1.0}, "value": 0.4770967960357666}}
{"step": {"step": 10, "player_id": 2, "played": null, "field_after": [], "reset_reason": "all_pass", "policy": {"pass": 1.0}, "value": 0.5488614439964294}}
{"step": {"step": 11, "player_id": 3, "played": ["♣8", "JOKER"], "field_after": [], "reset_reason": "eight_cut", "policy": {"♣5": 0.027770700790416256, "♣6": 0.023986511842167876, "♦7": 0.022941068443547718, "♠8": 0.025443385404788868, "♣8": 0.024539599954810594, "♦10": 0.030626595621093624, "♣5|JOKER": 0.02052684915386759, "♣6|JOKER": 0.02460143242020527, "♦7|JOKER": 0.025440038328114808, "♣8|♠8": 0.02192343555767474, "♠8|JOKER": 0.020137182059883515, "♣8|JOKER": 0.025904932036165177, "♦10|JOKER": 0.020153410539095307, "♠J|JOKER": 0.0291366739106258, "♠K|JOKER": 0.023140669008870934, "♥K|JOKER": 0.02035930783502191, "♦J|JOKER": 0.028383662612679425, "♦K|JOKER": 0.021983076372826652, "♦J|♠J": 0.020577448511639857, "♥K|♠K": 0.020284498974158648, "♦K|♠K": 0.027425635162601276, "♦K|♥K": 0.018694309958931746, "♣8|♠8|JOKER": 0.017758809750084092, "♠J|JOKER|♠K": 0.028972224940770563, "♦J|♠J|JOKER": 0.023882205356258825, "♥K|♠K|JOKER": 0.019391551079026174, "♦K|♠K|JOKER": 0.02700182357453823, "♦K|♥K|JOKER": 0.0207364078041232, "♦J|JOKER|♦K": 0.019466937496775243, "♦K|♥K|♠K": 0.026397507867104767, "♣5|♣6|JOKER": 0.024781840400520765, "♣6|JOKER|♣8": 0.027841093001208787, "♦10|♦J|JOKER": 0.02314394755803636, "♦K|♥K|♠K|JOKER": 0.017879334745469773, "♣5|♣6|JOKER|♣8": 0.027007277893980785, "♦10|♦J|JOKER|♦K": 0.023633917642563656, "JOKER": 0.019781796481014004, "♠J": 0.03195386139616661, "♠K": 0.025526501888709887, "♥K": 0.02116633203361196, "♦J": 0.024829081339866242, "♦K": 0.024867123250982608}, "value": 0.4663161635398865}}
{"step": {"step": 12, "player_id": 3, "played": ["♠K"], "field_after": ["♠K"], "reset_reason": null, "policy": {"♣5": 0.07565251274953504, "♣6": 0.06549571990765728, "♦7": 0.062183822285745816, "♠8": 0.06785244727386744, "♦10": 0.06736084153425424, "♦J|♠J": 0.08329422300492241, "♥K|♠K": 0.05657047742648886, "♦K|♠K": 0.06764294504673217, "♦K|♥K": 0.0719519840969527, "♦K|♥K|♠K": 0.06060614815471162, "♠J": 0.05594524398617868, "♠K": 0.0701752674485016, "♥K": 0.056812104653818585, "♦J": 0.07503882756439115, "♦K": 0.06341743486624231}, "value": 0.46700942516326904}}
{"step": {"step": 13, "player_id": 0, "played": ["♣A"], "field_after": ["♣A"], "reset_reason": null, "policy": {"♣A": 0.5225162276276037, "pass": 0.4774837723723963}, "value": 0.4360277056694031}}
{"step": {"step": 14, "player_id": 1, "played": ["♦2"], "field_after": ["♦2"], "reset_reason": null, "policy": {"♦2": 0.523112783060437, "pass": 0.476887216939563}, "value": 0.44869375228881836}}
{"step": {"step": 15, "player_id": 2, "played": null, "field_after": ["♦2"], "reset_reason": null, "policy": {"pass": 1.0}, "value": 0.5543403625488281}}
{"step": {"step": 16, "player_id": 3, "played": null, "field_after": ["♦2"], "reset_reason": null, "policy": {"pass": 1.0}, "value": 0.46870413422584534}}
{"step": {"step": 17, "player_id": 0, "played": null, "field_after": [], "reset_reason": "all_pass", "policy": {"pass": 1.0}, "value": 0.4623923897743225}}
{"step": {"step": 18, "player_id": 1, "played": ["♥5"], "field_after": ["♥5"], "reset_reason": null, "policy": {"♣3": 0.10318971841469145, "♦3": 0.09442453314293621, "♣4": 0.09905944561593444, "♥5": 0.09139716442017967, "♥6": 0.09011522265840925, "♣7": 0.11244139023555905, "♣9": 0.07266101243918544, "♦3|♣3": 0.08500762068928101, "♣Q": 0.09719930404687564, "♥J": 0.08077429642226777, "♦A": 0.07373029191467989}, "value": 0.4675915241241455}}
{"step": {"step": 19, "player_id": 2, "played": ["♥9"], "field_after": ["♥9"], "reset_reason": null, "policy": {"♠6": 0.12110536412213647, "♥7": 0.10203824824461356, "♥9": 0.11130979519856235, "♣10": 0.10812095273035956, "♠Q": 0.09484195696078908, "♣J": 0.13161347027840864, "♥A": 0.10273073371016549, "♦Q": 0.10874163577791814, "pass": 0.11949784297704671}, "value": 0.551692545413971}}
{"step": {"step": 20, "player_id": 3, "played": ["♥K"], "field_after": ["♥K"], "reset_reason": null, "policy": {"♦10": 0.16725023893110472, "♠J": 0.155900740759417, "♥K": 0.1493573076967845, "♦J": 0.16572805376683253, "♦K": 0.16362499063864933, "pass": 0.19813866820721204}, "value": 0.47540971636772156}}
{"step": {"step": 21, "player_id": 0, "played": null, "field_after": ["♥K"], "reset_reason": null, "policy": {"pass": 1.0}, "value": 0.4441071152687073}}
{"step": {"step": 22, "player_id": 1, "played": ["♦A"], "field_after": ["♦A"], "reset_reason": null, "policy": {"♦A": 0.5077218848455222, "pass": 0.49227811515447784}, "value": 0.48006880283355713}}
{"step": {"step": 23, "player_id": 2, "played": null, "field_after": ["♦A"], "reset_reason": null, "policy": {"pass": 1.0}, "value": 0.549406111240387}}
{"step": {"step": 24, "player_id": 3, "played": null, "field_after": ["♦A"], "reset_reason": null, "policy": {"pass": 1.0}, "value": 0.47146499156951904}}
{"step": {"step": 25, "player_id": 0, "played": null, "field_after": [], "reset_reason": "all_pass", "policy": {"pass": 1.0}, "value": 0.4382694959640503}}
{"step": {"step": 26, "player_id": 1, "played": ["♣3"], "field_after": ["♣3"], "reset_reason": null, "policy": {"♣3": 0.12625977616116985, "♦3": 0.11094133458552825, "♣4": 0.11450012393284768, "♥6": 0.1071058135845378, "♣7": 0.10208060869279277, "♣9": 0.1356385624324379, "♦3|♣3": 0.08584268080002627, "♣Q": 0.09964834068877015, "♥J": 0.11798275912188934}, "value": 0.4732728600502014}}
{"step": {"step": 27, "player_id": 2, "played": ["♥4"], "field_after": ["♥4"], "reset_reason": null, "policy": {"♥4": 0.11291412696853464, "♠5": 0.09629887737998817, "♠6": 0.09855511355784555, "♥7": 0.09397418260755279, "♣10": 0.0878834498371249, "♠Q": 0.12400787383350682, "♣J": 0.09253298616976365, "♥A": 0.09885881519637017, "♦Q": 0.10953014985044648, "pass": 0.0854444245988668}, "value": 0.5549586415290833}}
{"step": {"step": 28, "player_id": 3, "played": ["♣5"], "field_after": ["♣5"], "reset_reason": null, "policy": {"♣5": 0.11475096254848285, "♣6": 0.1083940889756773, "♦7": 0.09783703058339968, "♠8": 0.11168582835179801, "♦10": 0.1044791897579089, "♠J": 0.13987035061240896, "♦J": 0.09621972463704628, "♦K": 0.11869821224700822, "pass": 0.10806461228626978}, "value": 0.46464958786964417}}
{"step": {"step": 29, "player_id": 0, "played": ["♦8"], "field_after": [], "reset_reason": "eight_cut", "policy": {"♦6": 0.09802024203006286, "♠7": 0.0906839239835285, "♥8": 0.09777401307667616, "♦8": 0.09060936093203172, "♠9": 0.08793668210723908, "♦9": 0.11601551518506878, "♠10": 0.07572388033662757, "♥10": 0.09398320392882971, "♣K": 0.09482688859080461, "♥Q": 0.08070671163166493, "pass": 0.0737195781974661}, "value": 0.4509381651878357}}
{"step": {"step": 30, "player_id": 0, "played": ["♥3"], "field_after": ["♥3"], "reset_reason": null, "policy": {"♠3": 0.07468859556637814, "♥3": 0.06737609017621436, "♦5": 0.06323073725499899, "♦6": 0.06617271429249538, "♠7": 0.05837583328890408, "♥8": 0.08355615027702958, "♠9": 0.058840455198760994, "♦9": 0.065850463789018, "♠10": 0.07784389279424293, "♥10": 0.059095548667666586, "♠3|♥3": 0.05420417285686841, "♦9|♠9": 0.06846410894919194, "♠10|♥10": 0.05934841347978577, "♣K": 0.07602623163773234, "♥Q": 0.06692659177071239}, "value": 0.4715288579463959}}
{"step": {"step": 31, "player_id": 1, "played": ["♥J"], "field_after": ["♥J"], "reset_reason": null, "policy": {"♣4": 0.16460581545542793, "♥6": 0.13788455591922605, "♣7": 0.15046298998412286, "♣9": 0.1341986189077037, "♣Q": 0.12189377622432568, "♥J": 0.17257995698273226, "pass": 0.1183742865264616}, "value": 0.4596654176712036}}
{"step": {"step": 32, "player_id": 2, "played": ["♠Q"], "field_after": ["♠Q"], "reset_reason": null, "policy": {"♠Q": 0.2740544519776519, "♥A": 0.239553523892971, "♦Q": 0.25353141961283204, "pass": 0.23286060451654506}, "value": 0.5539171695709229}}
{"step": {"step": 33, "player_id": 3, "played": ["♦K"], "field_after": ["♦K"], "reset_reason": null, "policy": {"♦K": 0.5399915325650159, "pass": 0.46000846743498414}, "value": 0.4700743854045868}}
{"step": {"step": 34, "player_id": 0, "played": null, "field_after": ["♦K"], "reset_reason": null, "policy": {"pass": 1.0}, "value": 0.43514612317085266}}
{"step": {"step": 35, "player_id": 1, "played": null, "field_after": ["♦K"], "reset_reason": null, "policy": {"pass": 1.0}, "value": 0.4845249652862549}}
{"step": {"step": 36, "player_id": 2, "played": ["♥A"], "field_after": ["♥A"], "reset_reason": null, "policy": {"♥A": 0.5061924792874668, "pass": 0.4938075207125332}, "value": 0.5458845496177673}}
{"step": {"step": 37, "player_id": 3, "played": null, "field_after": ["♥A"], "reset_reason": null, "policy": {"pass": 1.0}, "value": 0.469777375459671}}
{"step": {"step": 38, "player_id": 0, "played": null, "field_after": ["♥A"], "reset_reason": null, "policy": {"pass": 1.0}, "value": 0.44952040910720825}}
{"step": {"step": 39, "player_id": 1, "played": null, "field_after": [], "reset_reason": "all_pass", "policy": {"pass": 1.0}, "value": 0.45981988310813904}}
{"step": {"step": 40, "player_id": 2, "played": ["♦Q"], "field_after": ["♦Q"], "reset_reason": null, "policy": {"♠5": 0.18224229135141456, "♠6": 0.14766267715500633, "♥7": 0.15664249691349705, "♣10": 0.16667172240157416, "♣J": 0.1510911549455191, "♦Q": 0.1956896572329887}, "value": 0.5441677570343018}}
{"step": {"step": 41, "player_id": 3, "played": null, "field_after": ["♦Q"], "reset_reason": null, "policy": {"pass": 1.0}, "value": 0.47837740182876587}}
{"step": {"step": 42, "player_id": 0, "played": ["♣K"], "field_after": ["♣K"], "reset_reason": null, "policy": {"♣K": 0.5283145861511205, "pass": 0.4716854138488795}, "value": 0.4625547528266907}}
{"step": {"step": 43, "player_id": 1, "played": null, "field_after": ["♣K"], "reset_reason": null, "policy": {"pass": 1.0}, "value": 0.46552497148513794}}
{"step": {"step": 44, "player_id": 2, "played": null, "field_after": ["♣K"], "reset_reason": null, "policy": {"pass": 1.0}, "value": 0.5510399341583252}}
{"step": {"step": 45, "player_id": 3, "played": null, "field_after": [], "reset_reason": "all_pass", "policy": {"pass": 1.0}, "value": 0.47462403774261475}}
{"step": {"step": 46, "player_id": 0, "played": ["♠7"], "field_after": ["♠7"], "reset_reason": null, "policy": {"♠3": 0.09749176209900555, "♦5": 0.08329177861230325, "♦6": 0.07797795578083905, "♠7": 0.08324266178550659, "♥8": 0.07430927585286519, "♠9": 0.10689044467751438, "♦9": 0.07217444736114384, "♠10": 0.08315979715357291, "♥10": 0.09766907322166613, "♦9|♠9": 0.0737262574874064, "♠10|♥10": 0.06669146294458746, "♥Q": 0.08337508302358922}, "value": 0.4725271463394165}}
{"step": {"step": 47, "player_id": 1, "played": ["♣9"], "field_after": ["♣9"], "reset_reason": null, "policy": {"♣9": 0.35133718454871266, "♣Q": 0.30455525290050045, "pass": 0.34410756255078695}, "value": 0.4749608337879181}}
{"step": {"step": 48, "player_id": 2, "played": ["♣J"], "field_after": ["♣J"], "reset_reason": null, "policy": {"♣10": 0.34483618189971904, "♣J": 0.3196285501451435, "pass": 0.33553526795513744}, "value": 0.5578757524490356}}
{"step": {"step": 49, "player_id": 3, "played": null, "field_after": ["♣J"], "reset_reason": null, "policy": {"pass": 1.0}, "value": 0.46524229645729065}}
{"step": {"step": 50, "player_id": 0, "played": ["♥Q"], "field_after": ["♥Q"], "reset_reason": null, "policy": {"♥Q": 0.5491457926162701, "pass": 0.45085420738373}, "value": 0.45921555161476135}}
{"step": {"step": 51, "player_id": 1, "played": null, "field_after": ["♥Q"], "reset_reason": null, "policy": {"pass": 1.0}, "value": 0.45501217246055603}}
{"step": {"step": 52, "player_id": 2, "played": null, "field_after": ["♥Q"], "reset_reason": null, "policy": {"pass": 1.0}, "value": 0.5570507049560547}}
{"step": {"step": 53, "player_id": 3, "played": null, "field_after": [], "reset_reason": "all_pass", "policy": {"pass": 1.0}, "value": 0.48349231481552124}}
{"step": {"step": 54, "player_id": 0, "played": ["♦6"], "field_after": ["♦6"], "reset_reason": null, "policy": {"♠3": 0.11634334009834388, "♦5": 0.0947613850556497, "♦6": 0.09577505098026569, "♥8": 0.09823133334608064, "♠9": 0.08788753352047236, "♦9": 0.12426050761416235, "♠10": 0.08572875846592891, "♥10": 0.0985277627837755, "♦9|♠9": 0.11260823149187664, "♠10|♥10": 0.08587609664344427}, "value": 0.4641557037830353}}
{"step": {"step": 55, "player_id": 1, "played": ["♣7"], "field_after": ["♣7"], "reset_reason": null, "policy": {"♣7": 0.3546630816838969, "♣Q": 0.3123663237768897, "pass": 0.3329705945392134}, "value": 0.4752829968929291}}
{"step": {"step": 56, "player_id": 2, "played": ["♣10"], "field_after": ["♣10"], "reset_reason": null, "policy": {"♣10": 0.5124018761544162, "pass": 0.48759812384558376}, "value": 0.5407141447067261}}
{"step": {"step": 57, "player_id": 3, "played": ["♠J"], "field_after": ["♠J"], "reset_reason": null, "policy": {"♠J": 0.35589306882774496, "♦J": 0.3110136529159938, "pass": 0.3330932782562611}, "value": 0.47455036640167236}}
{"step": {"step": 58, "player_id": 0, "played": null, "field_after": ["♠J"], "reset_reason": null, "policy": {"pass": 1.0}, "value": 0.4563295841217041}}
{"step": {"step": 59, "player_id": 1, "played": ["♣Q"], "field_after": ["♣Q"], "reset_reason": null, "policy": {"♣Q": 0.5044193532538788, "pass": 0.4955806467461212}, "value": 0.47273123264312744}}
{"step": {"step": 60, "player_id": 2, "played": null, "field_after": ["♣Q"], "reset_reason": null, "policy": {"pass": 1.0}, "value": 0.5385441780090332}}
{"step": {"step": 61, "player_id": 3, "played": null, "field_after": ["♣Q"], "reset_reason": null, "policy": {"pass": 1.0}, "value": 0.4627052843570709}}
{"step": {"step": 62, "player_id": 0, "played": null, "field_after": [], "reset_reason": "all_pass", "policy": {"pass": 1.0}, "value": 0.4651418924331665}}
{"step": {"step": 63, "player_id": 1, "played": ["♣4"], "field_after": ["♣4"], "reset_reason": null, "policy": {"♦3": 0.36879790330749707, "♣4": 0.3061842075784721, "♥6": 0.32501788911403084}, "value": 0.48710310459136963}}
{"step": {"step": 64, "player_id": 2, "played": ["♠5"], "field_after": ["♠5"], "reset_reason": null, "policy": {"♠5": 0.24713974197319402, "♠6": 0.2537333094782047, "♥7": 0.24795934382909102, "pass": 0.2511676047195103}, "value": 0.5381219387054443}}
{"step": {"step": 65, "player_id": 3, "played": ["♦J"], "field_after": ["♦J"], "reset_reason": null, "policy": {"♣6": 0.1727748907813954, "♦7": 0.1485479658931688, "♠8": 0.1505719981960577, "♦10": 0.16123438554357328, "♦J": 0.1626298477091559, "pass": 0.2042409118766491}, "value": 0.4591289758682251}}
{"step": {"step": 66, "player_id": 0, "played": null, "field_after": ["♦J"], "reset_reason": null, "policy": {"pass": 1.0}, "value": 0.4570724070072174}}
{"step": {"step": 67, "player_id": 1, "played": null, "field_after": ["♦J"], "reset_reason": null, "policy": {"pass": 1.0}, "value": 0.4759919047355652}}
{"step": {"step": 68, "player_id": 2, "played": null, "field_after": [], "reset_reason": "all_pass", "policy": {"pass": 1.0}, "value": 0.5501158237457275}}
{"step": {"step": 69, "player_id": 3, "played": ["♣6"], "field_after": ["♣6"], "reset_reason": null, "policy": {"♣6": 0.2822361931884744, "♦7": 0.23912517189084975, "♠8": 0.23155943690572953, "♦10": 0.2470791980149463}, "value": 0.4668513834476471}}
{"step": {"step": 70, "player_id": 0, "played": ["♥8"], "field_after": [], "reset_reason": "eight_cut", "policy": {"♥8": 0.1742356126976121, "♠9": 0.16736282430535174, "♦9": 0.17126179428419874, "♠10": 0.16331622916613944, "♥10": 0.13658877849355017, "pass": 0.18723476105314785}, "value": 0.4634016454219818}}
{"step": {"step": 71, "player_id": 0, "played": ["♠9"], "field_after": ["♠9"], "reset_reason": null, "policy": {"♠3": 0.14460027937040804, "♦5": 0.12018538174695843, "♠9": 0.11900898273284129, "♦9": 0.11753246754257987, "♠10": 0.10958786823692913, "♥10": 0.16095751384514786, "♦9|♠9": 0.10508724452767516, "♠10|♥10": 0.1230402619974602}, "value": 0.4608743488788605}}
{"step": {"step": 72, "player_id": 1, "played": null, "field_after": ["♠9"], "reset_reason": null, "policy": {"pass": 1.0}, "value": 0.4675387740135193}}
{"step": {"step": 73, "player_id": 2, "played": null, "field_after": ["♠9"], "reset_reason": null, "policy": {"pass": 1.0}, "value": 0.5600152015686035}}
{"step": {"step": 74, "player_id": 3, "played": ["♦10"], "field_after": ["♦10"], "reset_reason": null, "policy": {"♦10": 0.5266482128020402, "pass": 0.4733517871979598}, "value": 0.4771319329738617}}
{"step": {"step": 75, "player_id": 0, "played": null, "field_after": ["♦10"], "reset_reason": null, "policy": {"pass": 1.0}, "value": 0.44121605157852173}}
{"step": {"step": 76, "player_id": 1, "played": null, "field_after": ["♦10"], "reset_reason": null, "policy": {"pass": 1.0}, "value": 0.4952032268047333}}
{"step": {"step": 77, "player_id": 2, "played": null, "field_after": [], "reset_reason": "all_pass", "policy": {"pass": 1.0}, "value": 0.5317075848579407}}
{"step": {"step": 78, "player_id": 3, "played": ["♦7"], "field_after": ["♦7"], "reset_reason": null, "policy": {"♦7": 0.5451392984594593, "♠8": 0.4548607015405406}, "value": 0.47090545296669006}}
{"step": {"step": 79, "player_id": 0, "played": ["♠10"], "field_after": ["♠10"], "reset_reason": null, "policy": {"♦9": 0.24660929639901283, "♠10": 0.2603241350059779, "♥10": 0.2566014632603465, "pass": 0.2364651053346628}, "value": 0.4612013101577759}}
{"step": {"step": 80, "player_id": 1, "played": null, "field_after": ["♠10"], "reset_reason": null, "policy": {"pass": 1.0}, "value": 0.4820198118686676}}
{"step": {"step": 81, "player_id": 2, "played": null, "field_after": ["♠10"], "reset_reason": null, "policy": {"pass": 1.0}, "value": 0.5443265438079834}}
{"step": {"step": 82, "player_id": 3, "played": null, "field_after": [], "reset_reason": "all_pass", "policy": {"pass": 1.0}, "value": 0.4780205190181732}}
{"step": {"step": 83, "player_id": 0, "played": ["♠3"], "field_after": ["♠3"], "reset_reason": null, "policy": {"♠3": 0.2913772507322993, "♦5": 0.23838536293933854, "♦9": 0.23633296476020885, "♥10": 0.23390442156815328}, "value": 0.4645039141178131}}
{"step": {"step": 84, "player_id": 1, "played": ["♥6"], "field_after": ["♥6"], "reset_reason": null, "policy": {"♥6": 0.5455838100508543, "pass": 0.4544161899491456}, "value": 0.47536733746528625}}
{"step": {"step": 85, "player_id": 2, "played": ["♥7"], "field_after": ["♥7"], "reset_reason": null, "policy": {"♥7": 0.5292840844047305, "pass": 0.4707159155952695}, "value": 0.5438288450241089}}
{"step": {"step": 86, "player_id": 3, "played": ["♠8"], "field_after": [], "reset_reason": "eight_cut", "policy": {"♠8": 0.5227214783755032, "pass": 0.47727852162449685}, "value": 0.46768516302108765}}
{"step": {"step": 87, "player_id": 3, "played": null, "field_after": [], "reset_reason": null, "policy": {}, "value": 1.0}}
{"step": {"step": 88, "player_id": 0, "played": ["♦9"], "field_after": ["♦9"], "reset_reason": null, "policy": {"♦5": 0.3762937793525039, "♦9": 0.3092120833770566, "♥10": 0.3144941372704396}, "value": 0.46003803610801697}}
{"step": {"step": 89, "player_id": 1, "played": null, "field_after": ["♦9"], "reset_reason": null, "policy": {"pass": 1.0}, "value": 0.47106343507766724}}
{"step": {"step": 90, "player_id": 2, "played": null, "field_after": [], "reset_reason": "all_pass", "policy": {"pass": 1.0}, "value": 0.5551936030387878}}
{"step": {"step": 91, "player_id": 0, "played": ["♥10"], "field_after": ["♥10"], "reset_reason": null, "policy": {"♦5": 0.5518208808219559, "♥10": 0.4481791191780441}, "value": 0.4560624361038208}}
{"step": {"step": 92, "player_id": 1, "played": null, "field_after": ["♥10"], "reset_reason": null, "policy": {"pass": 1.0}, "value": 0.4875486493110657}}
{"step": {"step": 93, "player_id": 2, "played": null, "field_after": [], "reset_reason": "all_pass", "policy": {"pass": 1.0}, "value": 0.5408720374107361}}
{"step": {"step": 94, "player_id": 0, "played": ["♦5"], "field_after": ["♦5"], "reset_reason": null, "policy": {"♦5": 1.0}, "value": 0.4546009600162506}}
{"step": {"step": 95, "player_id": 1, "played": null, "field_after": ["♦5"], "reset_reason": null, "policy": {"pass": 1.0}, "value": 0.48916929960250854}}
{"step": {"step": 96, "player_id": 2, "played": ["♠6"], "field_after": ["♠6"], "reset_reason": null, "policy": {"♠6": 0.5359203033797427, "pass": 0.4640796966202573}, "value": 0.5452178716659546}}
{"episode_end": {"episode": 1, "ended": true}}
{"episode_summary": {"episode": 2, "seed": 12347, "ended": true, "steps_count": 75, "winner": 3}}
{"initial_hands": [["♥A", "♠J", "♥10", "♠9", "♠4", "♦6", "♣7", "♠Q", "♦K", "♣K", "♦9", "♥5", "♠A", "♠2"], ["♣8", "♦4", "♠3", "♥8", "♦8", "♣3", "♠7", "♦Q", "♦7", "♦J", "♣4", "♦3", "♥4"], ["♥6", "♠8", "♦5", "♥7", "♦10", "♠5", "♥9", "♠6", "♣A", "♦A", "♣10", "♥K", "♥3"], ["♣9", "♣2", "♥Q", "♠10", "♥2", "♣Q", "♦2", "♣5", "♣6", "♣J", "♥J", "JOKER", "♠K"]]}
{"step": {"step": 1, "player_id": 1, "played": ["♠3", "♣3"], "field_after": ["♠3", "♣3"], "reset_reason": null, "policy": {"♠3": 0.04437823490336522, "♣3": 0.036610180710977984, "♦3": 0.03777778334400767, "♣4": 0.04218468379558391, "♥4": 0.03743060876090003, "♦4": 0.050572957402505544, "♠7": 0.03712256742817887, "♦7": 0.04282945460435843, "♣8": 0.04048020226951406, "♥8": 0.03608939265441821, "♦8": 0.03144338541661745, "♠3|♣3": 0.043330095011651235, "♠3|♦3": 0.03473447194583378, "♣3|♦3": 0.043506056115862994, "♣4|♥4": 0.039231998542524925, "♦4|♣4": 0.03377013427435581, "♦4|♥4": 0.04637911016168433, "♠7|♦7": 0.03634753370452174, "♣8|♥8": 0.033787112963011845, "♣8|♦8": 0.03145298967096305, "♥8|♦8": 0.04311000407637329, "♠3|♣3|♦3": 0.028878955823747304, "♦4|♣4|♥4": 0.028616456788429976, "♣8|♥8|♦8": 0.04615711709496615, "♦J": 0.041301987258618444, "♦Q": 0.03247652527702766}, "value": 0.4762093126773834}}
{"step": {"step": 2, "player_id": 2, "played": ["♦10", "♣10"], "field_after": ["♦10", "♣10"], "reset_reason": null, "policy": {"♦5|♠5": 0.2132778570950032, "♥6|♠6": 0.1929990205255997, "♦10|♣10": 0.20815116739485548, "♣A|♦A": 0.19987848741936098, "pass": 0.18569346756518065}, "value": 0.551002025604248}}
{"step": {"step": 3, "player_id": 3, "played": ["♣Q", "JOKER(♠K)"], "field_after": ["♣Q", "JOKER(♠K)"], "reset_reason": null, "policy": {"♣2|♥2": 0.0761478104839537, "♣2|♦2": 0.07188574135165968, "♥2|♦2": 0.07848015095575321, "♣2|JOKER(♠K)": 0.07860741835713722, "♥2|JOKER(♠K)": 0.06884446745090024, "♦2|JOKER(♠K)": 0.08689847558474953, "♠K|JOKER(♠K)": 0.05626501296668997, "♣J|JOKER(♠K)": 0.07173263335922364, "♣Q|JOKER(♠K)": 0.07324159144984183, "♥J|JOKER(♠K)": 0.06133589284922012, "♥Q|JOKER(♠K)": 0.05974885268786067, "♣J|♥J": 0.06981322637637505, "♥Q|♣Q": 0.06244596266955595, "pass": 0.0845527634570792}, "value": 0.49344462156295776}}
{"step": {"step": 4, "player_id": 0, "played": ["♥A", "♠A"], "field_after": ["♥A", "♠A"], "reset_reason": null, "policy": {"♥A|♠A": 0.3294067437049678, "♦K|♣K": 0.33193367155379955, "pass": 0.3386595847412326}, "value": 0.44345295429229736}}
{"step": {"step": 5, "player_id": 1, "played": null, "field_after": ["♥A", "♠A"], "reset_reason": null, "policy": {"pass": 1.0}, "value": 0.4649377763271332}}
{"step": {"step": 6, "player_id": 2, "played": null, "field_after": ["♥A", "♠A"], "reset_reason": null, "policy": {"pass": 1.0}, "value": 0.5429264903068542}}
{"step": {"step": 7, "player_id": 3, "played": ["♣2", "♦2"], "field_after": ["♣2", "♦2"], "reset_reason": null, "policy": {"♣2|♥2": 0.24170760072887792, "♣2|♦2": 0.24989919151913448, "♥2|♦2": 0.25767031895388237, "pass": 0.25072288879810517}, "value": 0.49097445607185364}}
{"step": {"step": 8, "player_id": 0, "played": null, "field_after": ["♣2", "♦2"], "reset_reason": null, "policy": {"pass": 1.0}, "value": 0.43769004940986633}}
{"step": {"step": 9, "player_id": 1, "played": null, "field_after": ["♣2", "♦2"], "reset_reason": null, "policy": {"pass": 1.0}, "value": 0.4786178171634674}}
{"step": {"step": 10, "player_id": 2, "played": null, "field_after": [], "reset_reason": "all_pass", "policy": {"pass": 1.0}, "value": 0.5422930717468262}}
{"step": {"step": 11, "player_id": 3, "played": ["♣5"], "field_after": ["♣5"], "reset_reason": null, "policy": {"♣5": 0.11172587276742427, "♣6": 0.0982101322197809, "♣9": 0.0937797451773734, "♠10": 0.10024720269961122, "♥2": 0.0947784616751944, "♣J|♥J": 0.1234423583276409, "♠K": 0.08128760711099146, "♣J": 0.09303318991550098, "♥J": 0.1137615622939475, "♥Q": 0.08973386781253491}, "value": 0.48151081800460815}}
{"step": {"step": 12, "player_id": 0, "played": ["♠Q"], "field_after": ["♠Q"], "reset_reason": null, "policy": {"♦6": 0.09794397262639225, "♣7": 0.09496414134857427, "♠9": 0.09954424755039759, "♦9": 0.08589943153044803, "♥10": 0.0936602319062063, "♠2": 0.1121927473322479, "♠J": 0.07137976146820889, "♠Q": 0.0966317583625862, "♣K": 0.09463567301442478, "♦K": 0.08079947079080958, "pass": 0.07234856406970444}, "value": 0.42967918515205383}}
{"step": {"step": 13, "player_id": 1, "played": null, "field_after": ["♠Q"], "reset_reason": null, "policy": {"pass": 1.0}, "value": 0.47108665108680725}}
{"step": {"step": 14, "player_id": 2, "played": ["♥K"], "field_after": ["♥K"], "reset_reason": null, "policy": {"♣A": 0.27604705729942774, "♥K": 0.23177666064907645, "♦A": 0.2572226235385552, "pass": 0.2349536585129407}, "value": 0.5437516570091248}}
{"step": {"step": 15, "player_id": 3, "played": ["♥2"], "field_after": ["♥2"], "reset_reason": null, "policy": {"♥2": 0.5111661871822005, "pass": 0.48883381281779953}, "value": 0.46839386224746704}}
{"step": {"step": 16, "player_id": 0, "played": null, "field_after": ["♥2"], "reset_reason": null, "policy": {"pass": 1.0}, "value": 0.43505939841270447}}
{"step": {"step": 17, "player_id": 1, "played": null, "field_after": ["♥2"], "reset_reason": null, "policy": {"pass": 1.0}, "value": 0.47385865449905396}}
{"step": {"step": 18, "player_id": 2, "played": null, "field_after": [], "reset_reason": "all_pass", "policy": {"pass": 1.0}, "value": 0.5461112260818481}}
{"step": {"step": 19, "player_id": 3, "played": ["♣J", "♥J"], "field_after": ["♣J", "♥J"], "reset_reason": null, "policy": {"♣6": 0.14070773498089012, "♣9": 0.12641474147973616, "♠10": 0.11616464009705371, "♣J|♥J": 0.1250705178027168, "♠K": 0.1177852522704532, "♣J": 0.1557176929563893, "♥J": 0.10335468354023208, "♥Q": 0.11478473687252863}, "value": 0.4751889705657959}}
{"step": {"step": 20, "player_id": 0, "played": ["♦K", "♣K"], "field_after": ["♦K", "♣K"], "reset_reason": null, "policy": {"♦K|♣K": 0.5411212711956469, "pass": 0.45887872880435304}, "value": 0.45073434710502625}}
{"step": {"step": 21, "player_id": 1, "played": null, "field_after": ["♦K", "♣K"], "reset_reason": null, "policy": {"pass": 1.0}, "value": 0.46736758947372437}}
{"step": {"step": 22, "player_id": 2, "played": ["♣A", "♦A"], "field_after": ["♣A", "♦A"], "reset_reason": null, "policy": {"♣A|♦A": 0.5243381738630709, "pass": 0.4756618261369291}, "value": 0.5447272062301636}}
{"step": {"step": 23, "player_id": 3, "played": null, "field_after": ["♣A", "♦A"], "reset_reason": null, "policy": {"pass": 1.0}, "value": 0.4729902148246765}}
{"step": {"step": 24, "player_id": 0, "played": null, "field_after": ["♣A", "♦A"], "reset_reason": null, "policy": {"pass": 1.0}, "value": 0.4541703462600708}}
{"step": {"step": 25, "player_id": 1, "played": null, "field_after": [], "reset_reason": "all_pass", "policy": {"pass": 1.0}, "value": 0.467755526304245}}
{"step": {"step": 26, "player_id": 2, "played": ["♥9"], "field_after": ["♥9"], "reset_reason": null, "policy": {"♥3": 0.10518362219727363, "♠5": 0.09270547744116954, "♦5": 0.09854706723521324, "♠6": 0.09871305538985568, "♥6": 0.09546323622318995, "♥7": 0.12148245771402584, "♠8": 0.09111972739240497, "♥9": 0.09543408555817377, "♦5|♠5": 0.11134956549860171, "♥6|♠6": 0.0900017053500916}, "value": 0.5552802681922913}}
{"step": {"step": 27, "player_id": 3, "played": ["♠10"], "field_after": ["♠10"], "reset_reason": null, "policy": {"♠10": 0.27077464650114696, "♠K": 0.23855283149749418, "♥Q": 0.24866562483111376, "pass": 0.24200689717024512}, "value": 0.4756612777709961}}
{"step": {"step": 28, "player_id": 0, "played": ["♠J"], "field_after": ["♠J"], "reset_reason": null, "policy": {"♠2": 0.33533238810279986, "♠J": 0.33366700992226905, "pass": 0.3310006019749311}, "value": 0.4447488784790039}}
{"step": {"step": 29, "player_id": 1, "played": ["♦Q"], "field_after": ["♦Q"], "reset_reason": null, "policy": {"♦Q": 0.5591058920713871, "pass": 0.4408941079286129}, "value": 0.44831913709640503}}
{"step": {"step": 30, "player_id": 2, "played": null, "field_after": ["♦Q"], "reset_reason": null, "policy": {"pass": 1.0}, "value": 0.5418395400047302}}
{"step": {"step": 31, "player_id": 3, "played": ["♠K"], "field_after": ["♠K"], "reset_reason": null, "policy": {"♠K": 0.5275978241442294, "pass": 0.47240217585577066}, "value": 0.4726491868495941}}
{"step": {"step": 32, "player_id": 0, "played": ["♠2"], "field_after": ["♠2"], "reset_reason": null, "policy": {"♠2": 0.524250699409315, "pass": 0.475749300590685}, "value": 0.4260517656803131}}
{"step": {"step": 33, "player_id": 1, "played": null, "field_after": ["♠2"], "reset_reason": null, "policy": {"pass": 1.0}, "value": 0.4472479820251465}}
{"step": {"step": 34, "player_id": 2, "played": null, "field_after": ["♠2"], "reset_reason": null, "policy": {"pass": 1.0}, "value": 0.5551633834838867}}
{"step": {"step": 35, "player_id": 3, "played": null, "field_after": [], "reset_reason": "all_pass", "policy": {"pass": 1.0}, "value": 0.4716646075248718}}
{"step": {"step": 36, "player_id": 0, "played": ["♦6"], "field_after": ["♦6"], "reset_reason": null, "policy": {"♠4": 0.14340217972576413, "♥5": 0.12460527488581856, "♦6": 0.12368870412500352, "♣7": 0.11990336129423076, "♠9": 0.11620979301162603, "♦9": 0.1524588366338957, "♥10": 0.09681749280936079, "♠9|♦9": 0.12291435751430045}, "value": 0.46088719367980957}}
{"step": {"step": 37, "player_id": 1, "played": ["♦J"], "field_after": ["♦J"], "reset_reason": null, "policy": {"♠7": 0.15915811764473403, "♦7": 0.13608321789457273, "♣8": 0.13721595723872074, "♥8": 0.14380536883237172, "♦8": 0.13447232536902237, "♦J": 0.16723684425271668, "pass": 0.12202816876786171}, "value": 0.48193395137786865}}
{"step": {"step": 38, "player_id": 2, "played": null, "field_after": ["♦J"], "reset_reason": null, "policy": {"pass": 1.0}, "value": 0.5623453259468079}}
{"step": {"step": 39, "player_id": 3, "played": ["♥Q"], "field_after": ["♥Q"], "reset_reason": null, "policy": {"♥Q": 0.5309422379699151, "pass": 0.4690577620300849}, "value": 0.4747508764266968}}
{"step": {"step": 40, "player_id": 0, "played": null, "field_after": ["♥Q"], "reset_reason": null, "policy": {"pass": 1.0}, "value": 0.4393557906150818}}
{"step": {"step": 41, "player_id": 1, "played": null, "field_after": ["♥Q"], "reset_reason": null, "policy": {"pass": 1.0}, "value": 0.4653213322162628}}
{"step": {"step": 42, "player_id": 2, "played": null, "field_after": [], "reset_reason": "all_pass", "policy": {"pass": 1.0}, "value": 0.5466268062591553}}
{"step": {"step": 43, "player_id": 3, "played": ["♣9"], "field_after": ["♣9"], "reset_reason": null, "policy": {"♣6": 0.5446905027102567, "♣9": 0.45530949728974335}, "value": 0.4753071367740631}}
{"step": {"step": 44, "player_id": 0, "played": ["♥10"], "field_after": ["♥10"], "reset_reason": null, "policy": {"♥10": 0.5217343091110634, "pass": 0.4782656908889366}, "value": 0.43523621559143066}}
{"step": {"step": 45, "player_id": 1, "played": null, "field_after": ["♥10"], "reset_reason": null, "policy": {"pass": 1.0}, "value": 0.46130290627479553}}
{"step": {"step": 46, "player_id": 2, "played": null, "field_after": ["♥10"], "reset_reason": null, "policy": {"pass": 1.0}, "value": 0.5402125120162964}}
{"step": {"step": 47, "player_id": 3, "played": null, "field_after": [], "reset_reason": "all_pass", "policy": {"pass": 1.0}, "value": 0.46592944860458374}}
{"step": {"step": 48, "player_id": 0, "played": ["♠4"], "field_after": ["♠4"], "reset_reason": null, "policy": {"♠4": 0.18192803551794373, "♥5": 0.15936126979045373, "♣7": 0.15542779643386073, "♠9": 0.15374769205643704, "♦9": 0.1528102586086747, "♠9|♦9": 0.19672494759263012}, "value": 0.45133402943611145}}
{"step": {"step": 49, "player_id": 1, "played": ["♥8"], "field_after": [], "reset_reason": "eight_cut", "policy": {"♠7": 0.16938438810501857, "♦7": 0.1532201913158699, "♣8": 0.15910856104643367, "♥8": 0.16353292125674404, "♦8": 0.1552172071447515, "pass": 0.19953673113118225}, "value": 0.480080783367157}}
{"step": {"step": 50, "player_id": 1, "played": ["♣8"], "field_after": [], "reset_reason": "eight_cut", "policy": {"♦3": 0.08182491286676068, "♣4": 0.06631189432515733, "♥4": 0.07035149395327435, "♦4": 0.07307190655384879, "♠7": 0.07160996394987364, "♦7": 0.08909165774572288, "♣8": 0.06354626779478333, "♦8": 0.07201704590350703, "♣4|♥4": 0.07754597870697359, "♦4|♣4": 0.06484540715273687, "♦4|♥4": 0.055326133518017885, "♠7|♦7": 0.07583725163650032, "♣8|♦8": 0.06157122464104933, "♦4|♣4|♥4": 0.07704886125179392}, "value": 0.471559077501297}}
{"step": {"step": 51, "player_id": 1, "played": ["♦3"], "field_after": ["♦3"], "reset_reason": null, "policy": {"♦3": 0.09530395403184669, "♣4": 0.07789697203820355, "♥4": 0.08329424523646958, "♦4": 0.08261182398019322, "♠7": 0.08255225955400358, "♦7": 0.10301921278043022, "♦8": 0.0731783694979644, "♣4|♥4": 0.08315812657282944, "♦4|♣4": 0.0914875473821236, "♦4|♥4": 0.07507396873615502, "♠7|♦7": 0.06506820947396709, "♦4|♣4|♥4": 0.08735531071581343}, "value": 0.4712733030319214}}
{"step": {"step": 52, "player_id": 2, "played": ["♦5"], "field_after": ["♦5"], "reset_reason": null, "policy": {"♠5": 0.15262985563021125, "♦5": 0.1386577416781434, "♠6": 0.14167981638051966, "♥6": 0.14126114677605653, "♥7": 0.13467859437158972, "♠8": 0.16836486506854678, "pass": 0.12272798009493245}, "value": 0.5535922646522522}}
{"step": {"step": 53, "player_id": 3, "played": ["♣6"], "field_after": ["♣6"], "reset_reason": null, "policy": {"♣6": 0.51700463786501, "pass": 0.48299536213498995}, "value": 0.46153372526168823}}
{"step": {"step": 54, "player_id": 0, "played": ["♠9"], "field_after": ["♠9"], "reset_reason": null, "policy": {"♣7": 0.266884613287877, "♠9": 0.24107280633071126, "♦9": 0.25561991645328813, "pass": 0.2364226639281236}, "value": 0.44710075855255127}}
{"step": {"step": 55, "player_id": 1, "played": null, "field_after": ["♠9"], "reset_reason": null, "policy": {"pass": 1.0}, "value": 0.4714081883430481}}
{"step": {"step": 56, "player_id": 2, "played": null, "field_after": [], "reset_reason": "all_pass", "policy": {"pass": 1.0}, "value": 0.5586642622947693}}
{"step": {"step": 57, "player_id": 0, "played": ["♦9"], "field_after": ["♦9"], "reset_reason": null, "policy": {"♥5": 0.37187694437647245, "♣7": 0.3233068601804863, "♦9": 0.3048161954430412}, "value": 0.44981446862220764}}
{"step": {"step": 58, "player_id": 1, "played": null, "field_after": ["♦9"], "reset_reason": null, "policy": {"pass": 1.0}, "value": 0.46035295724868774}}
{"step": {"step": 59, "player_id": 2, "played": null, "field_after": [], "reset_reason": "all_pass", "policy": {"pass": 1.0}, "value": 0.554166316986084}}
{"step": {"step": 60, "player_id": 0, "played": ["♥5"], "field_after": ["♥5"], "reset_reason": null, "policy": {"♥5": 0.5344027176452723, "♣7": 0.46559728235472786}, "value": 0.45180410146713257}}
{"step": {"step": 61, "player_id": 1, "played": ["♠7"], "field_after": ["♠7"], "reset_reason": null, "policy": {"♠7": 0.2648777079088364, "♦7": 0.22528391806455428, "♦8": 0.2697079917051435, "pass": 0.24013038232146589}, "value": 0.46584102511405945}}
{"step": {"step": 62, "player_id": 2, "played": ["♠8"], "field_after": [], "reset_reason": "eight_cut", "policy": {"♠8": 0.49651430978830635, "pass": 0.5034856902116936}, "value": 0.5421001315116882}}
{"step": {"step": 63, "player_id": 2, "played": ["♥6"], "field_after": ["♥6"], "reset_reason": null, "policy": {"♥3": 0.1716768991663898, "♠5": 0.15608440015215222, "♠6": 0.16298621775366487, "♥6": 0.16148627564188153, "♥7": 0.15100964349470225, "♥6|♠6": 0.19675656379120932}, "value": 0.5470864772796631}}
{"step": {"step": 64, "player_id": 0, "played": ["♣7"], "field_after": ["♣7"], "reset_reason": null, "policy": {"♣7": 0.5260289125600813, "pass": 0.47397108743991867}, "value": 0.45275115966796875}}
{"step": {"step": 65, "player_id": 1, "played": ["♦8"], "field_after": [], "reset_reason": "eight_cut", "policy": {"♦8": 0.5309694524374824, "pass": 0.4690305475625176}, "value": 0.47800853848457336}}
{"step": {"step": 66, "player_id": 1, "played": ["♦7"], "field_after": ["♦7"], "reset_reason": null, "policy": {"♣4": 0.1386445288742472, "♥4": 0.12018017465329954, "♦4": 0.12267004314501968, "♦7": 0.12210871173231518, "♣4|♥4": 0.11529751758370563, "♦4|♣4": 0.1549508333332488, "♦4|♥4": 0.10656718782571487, "♦4|♣4|♥4": 0.11958100285244912}, "value": 0.47374293208122253}}
{"step": {"step": 67, "player_id": 2, "played": null, "field_after": [], "reset_reason": "all_pass", "policy": {"pass": 1.0}, "value": 0.5407824516296387}}
{"step": {"step": 68, "player_id": 1, "played": ["♣4"], "field_after": ["♣4"], "reset_reason": null, "policy": {"♣4": 0.15914886398838546, "♥4": 0.13778903114573965, "♦4": 0.1421234293888869, "♣4|♥4": 0.14050840464284045, "♦4|♣4": 0.13349762705357013, "♦4|♥4": 0.16978649766825837, "♦4|♣4|♥4": 0.11714614611231904}, "value": 0.4832308292388916}}
{"step": {"step": 69, "player_id": 2, "played": ["♠5"], "field_after": ["♠5"], "reset_reason": null, "policy": {"♠5": 0.2421456093580299, "♠6": 0.2608173698684483, "♥7": 0.24919213963479858, "pass": 0.24784488113872316}, "value": 0.5346719026565552}}
{"step": {"step": 70, "player_id": 1, "played": null, "field_after": [], "reset_reason": "all_pass", "policy": {"pass": 1.0}, "value": 0.47387900948524475}}
{"step": {"step": 71, "player_id": 2, "played": ["♥3"], "field_after": ["♥3"], "reset_reason": null, "policy": {"♥3": 0.36268587844384115, "♠6": 0.3136536409593399, "♥7": 0.32366048059681907}, "value": 0.5515140891075134}}
{"step": {"step": 72, "player_id": 1, "played": ["♦4"], "field_after": ["♦4"], "reset_reason": null, "policy": {"♥4": 0.36173010354299223, "♦4": 0.31722552043770447, "pass": 0.3210443760193033}, "value": 0.4516521692276001}}
{"step": {"step": 73, "player_id": 2, "played": ["♥7"], "field_after": ["♥7"], "reset_reason": null, "policy": {"♠6": 0.34950035856405315, "♥7": 0.32793155866060564, "pass": 0.3225680827753411}, "value": 0.5553145408630371}}
{"step": {"step": 74, "player_id": 1, "played": null, "field_after": [], "reset_reason": "all_pass", "policy": {"pass": 1.0}, "value": 0.4822385907173157}}
{"step": {"step": 75, "player_id": 2, "played": ["♠6"], "field_after": ["♠6"], "reset_reason": null, "policy": {"♠6": 1.0}, "value": 0.5551179647445679}}
{"episode_end": {"episode": 2, "ended": true}}
{"episode_summary": {"episode": 3, "seed": 12348, "ended": true, "steps_count": 100, "winner": 3}}
{"initial_hands": [["♣J", "♦4", "♦K", "JOKER(♠K)", "♦2", "♦9", "♥J", "♠9", "♦7", "♣5", "♣3", "♠6", "♣9", "♥A"], ["♦Q", "♣4", "♠A", "♠10", "♠K", "♦6", "♥9", "♣6", "♣A", "♥6", "♦10", "♥3", "♠4"], ["♦5", "♥8", "♣7", "♥Q", "♠Q", "♦3", "♣8", "♣10", "♥4", "♠8", "♣Q", "♥5", "♠3"], ["♠7", "♥2", "♥7", "♠5", "♠J", "♣K", "♦8", "♥K", "♥10", "♦A", "♦J", "♠2", "♣2"]]}
{"step": {"step": 1, "player_id": 2, "played": ["♦3"], "field_after": ["♦3"], "reset_reason": null, "policy": {"♠3": 0.04958543465900622, "♦3": 0.04545399980912739, "♥4": 0.04131892636100061, "♥5": 0.04675244844121743, "♦5": 0.04299874018105023, "♣7": 0.055894959325812094, "♠8": 0.03820036425251685, "♣8": 0.045268227499226814, "♥8": 0.05152065945565698, "♣10": 0.03852864356535563, "♦3|♠3": 0.03601797261189943, "♦5|♥5": 0.04175583647542209, "♣8|♠8": 0.03688405487427773, "♥8|♠8": 0.05290401650090356, "♥8|♣8": 0.044413382564239184, "♠Q|♣Q": 0.03829164667665837, "♥Q|♠Q": 0.058205652574620285, "♥Q|♣Q": 0.04083825279381371, "♥8|♣8|♠8": 0.03738855047327872, "♥Q|♠Q|♣Q": 0.03523644044772765, "♠Q": 0.05232706909410194, "♣Q": 0.03602065142920457, "♥Q": 0.03419406993388235}, "value": 0.5597460865974426}}
{"step": {"step": 2, "player_id": 3, "played": ["♣2"], "field_after": ["♣2"], "reset_reason": null, "policy": {"♠5": 0.0794222075961846, "♠7": 0.06801473492423944, "♥7": 0.07404246592776087, "♦8": 0.07217779140951618, "♥10": 0.06569593277322806, "♠2": 0.08725488692396287, "♣2": 0.06705330950046337, "♥2": 0.07644718759031909, "♠J": 0.07513664727550155, "♣K": 0.059224667851450946, "♥K": 0.06327271205097536, "♦A": 0.07163881034280334, "♦J": 0.06070105110161775, "pass": 0.07991759473197667}, "value": 0.47531747817993164}}
{"step": {"step": 3, "player_id": 0, "played": null, "field_after": ["♣2"], "reset_reason": null, "policy": {"pass": 1.0}, "value": 0.4603482186794281}}
{"step": {"step": 4, "player_id": 1, "played": null, "field_after": ["♣2"], "reset_reason": null, "policy": {"pass": 1.0}, "value": 0.4885925352573395}}
{"step": {"step": 5, "player_id": 2, "played": null, "field_after": [], "reset_reason": "all_pass", "policy": {"pass": 1.0}, "value": 0.5654426217079163}}
{"step": {"step": 6, "player_id": 3, "played": ["♠7"], "field_after": ["♠7"], "reset_reason": null, "policy": {"♠5": 0.07048493136278043, "♠7": 0.05989051263176616, "♥7": 0.06149657717320769, "♦8": 0.06312780574903912, "♥10": 0.05930040607550776, "♠2": 0.07958179583415076, "♥2": 0.057466710493164666, "♠7|♥7": 0.06273258856906239, "♥2|♠2": 0.0692301876888946, "♠J|♦J": 0.05726901176030005, "♣K|♥K": 0.05136274454900217, "♠J": 0.0657203220380604, "♣K": 0.05519752616228587, "♥K": 0.07395107593753901, "♦A": 0.06059942404832396, "♦J": 0.05258837992691507}, "value": 0.4760867655277252}}
{"step": {"step": 7, "player_id": 0, "played": ["♥A"], "field_after": ["♥A"], "reset_reason": null, "policy": {"♠9": 0.1153948884944983, "♣9": 0.11656869942704146, "♦9": 0.11080891824234054, "♦2": 0.10639732789259479, "♣J": 0.10311469579521187, "♥A": 0.13882169672843536, "♥J": 0.08304665029123032, "♦K": 0.10896071206537786, "pass": 0.11688641106326948}, "value": 0.46459612250328064}}
{"step": {"step": 8, "player_id": 1, "played": null, "field_after": ["♥A"], "reset_reason": null, "policy": {"pass": 1.0}, "value": 0.4679332673549652}}
{"step": {"step": 9, "player_id": 2, "played": null, "field_after": ["♥A"], "reset_reason": null, "policy": {"pass": 1.0}, "value": 0.546900749206543}}
{"step": {"step": 10, "player_id": 3, "played": ["♠2"], "field_after": ["♠2"], "reset_reason": null, "policy": {"♠2": 0.34057940923496577, "♥2": 0.3163790965889123, "pass": 0.343041494176122}, "value": 0.48799392580986023}}
{"step": {"step": 11, "player_id": 0, "played": null, "field_after": ["♠2"], "reset_reason": null, "policy": {"pass": 1.0}, "value": 0.46226009726524353}}
{"step": {"step": 12, "player_id": 1, "played": null, "field_after": ["♠2"], "reset_reason": null, "policy": {"pass": 1.0}, "value": 0.4677196443080902}}
{"step": {"step": 13, "player_id": 2, "played": null, "field_after": [], "reset_reason": "all_pass", "policy": {"pass": 1.0}, "value": 0.5606219172477722}}
{"step": {"step": 14, "player_id": 3, "played": ["♣K"], "field_after": ["♣K"], "reset_reason": null, "policy": {"♠5": 0.09155617320180906, "♥7": 0.07752651210416826, "♦8": 0.08313993111704676, "♥10": 0.08289478162990728, "♥2": 0.07831745586695996, "♠J|♦J": 0.107083908532666, "♣K|♥K": 0.07650965035683817, "♠J": 0.08136447376001979, "♣K": 0.09077975697842607, "♥K": 0.07262441456815039, "♦A": 0.06908635508504092, "♦J": 0.08911658679896735}, "value": 0.47948914766311646}}
{"step": {"step": 15, "player_id": 0, "played": ["♦2"], "field_after": ["♦2"], "reset_reason": null, "policy": {"♦2": 0.5071618892375055, "pass": 0.49283811076249445}, "value": 0.45455801486968994}}
{"step": {"step": 16, "player_id": 1, "played": null, "field_after": ["♦2"], "reset_reason": null, "policy": {"pass": 1.0}, "value": 0.4585399031639099}}
{"step": {"step": 17, "player_id": 2, "played": null, "field_after": ["♦2"], "reset_reason": null, "policy": {"pass": 1.0}, "value": 0.5572585463523865}}
{"step": {"step": 18, "player_id": 3, "played": null, "field_after": [], "reset_reason": "all_pass", "policy": {"pass": 1.0}, "value": 0.484311580657959}}
{"step": {"step": 19, "player_id": 0, "played": ["♦K", "JOKER(♠K)"], "field_after": ["♦K", "JOKER(♠K)"], "reset_reason": null, "policy": {"♣3": 0.03290218058817343, "♦4": 0.029547968301811143, "♣5": 0.027935000314093388, "♠6": 0.030279756006216654, "♦7": 0.028827613444702607, "♠9": 0.03714797516248021, "♣9": 0.023383124853340837, "♦9": 0.028837873387617126, "♣3|JOKER(♠K)": 0.03056112312471018, "♦4|JOKER(♠K)": 0.026534590739962796, "♣5|JOKER(♠K)": 0.02287319387805226, "♠6|JOKER(♠K)": 0.029666580571771156, "♦7|JOKER(♠K)": 0.023650598120096927, "♠9|♣9": 0.03234702237561466, "♦9|♠9": 0.026522488445613907, "♦9|♣9": 0.024481424198942482, "♠9|JOKER(♠K)": 0.03413444523850624, "♣9|JOKER(♠K)": 0.02552693442943527, "♦9|JOKER(♠K)": 0.02471970414962686, "♣J|JOKER(♠K)": 0.023696688234193814, "♥J|JOKER(♠K)": 0.03165308252284284, "♦K|JOKER(♠K)": 0.021404171258442746, "♣J|♥J": 0.020146462096782374, "♦9|♠9|♣9": 0.03358004906270872, "♠9|♣9|JOKER(♠K)": 0.028025314173957892, "♦9|♠9|JOKER(♠K)": 0.024163515866555532, "♦9|♣9|JOKER(♠K)": 0.03027619509179341, "♦9|♠9|♣9|JOKER(♠K)": 0.024290551351710037, "♣3|JOKER(♠K)|♣5": 0.022458307128600787, "♣J|♥J|JOKER(♠K)": 0.03141816718706484, "♦7|JOKER(♠K)|♦9": 0.028106396370058042, "♣9|JOKER(♠K)|♣J": 0.03605428758992528, "JOKER(♠K)": 0.027646753855648847, "♣J": 0.019555264844447903, "♥J": 0.030228977547579867, "♦K": 0.027416218486918734}, "value": 0.465461790561676}}
{"step": {"step": 20, "player_id": 1, "played": ["♠A", "♣A"], "field_after": ["♠A", "♣A"], "reset_reason": null, "policy": {"♠A|♣A": 0.5148715290713386, "pass": 0.4851284709286614}, "value": 0.4701281785964966}}
{"step": {"step": 21, "player_id": 2, "played": null, "field_after": ["♠A", "♣A"], "reset_reason": null, "policy": {"pass": 1.0}, "value": 0.56025630235672}}
{"step": {"step": 22, "player_id": 3, "played": null, "field_after": ["♠A", "♣A"], "reset_reason": null, "policy": {"pass": 1.0}, "value": 0.4863399863243103}}
{"step": {"step": 23, "player_id": 0, "played": null, "field_after": [], "reset_reason": "all_pass", "policy": {"pass": 1.0}, "value": 0.4830237030982971}}
{"step": {"step": 24, "player_id": 1, "played": ["♥3"], "field_after": ["♥3"], "reset_reason": null, "policy": {"♥3": 0.0642979941754672, "♠4": 0.05675044233265709, "♣4": 0.062193397103317366, "♣6": 0.06272925049628403, "♥6": 0.05442232717602118, "♦6": 0.07080664601644993, "♥9": 0.05537594003246206, "♠10": 0.05618064493970352, "♦10": 0.06450612432127438, "♣4|♠4": 0.04833081359483975, "♣6|♥6": 0.05023242425372924, "♦6|♣6": 0.05959962639204156, "♦6|♥6": 0.052615552065120905, "♠10|♦10": 0.06651977083031796, "♦6|♣6|♥6": 0.053814815094446404, "♠K": 0.049578502575440296, "♦Q": 0.07204572860042718}, "value": 0.47398337721824646}}
{"step": {"step": 25, "player_id": 2, "played": ["♣10"], "field_after": ["♣10"], "reset_reason": null, "policy": {"♥4": 0.09124675586585758, "♥5": 0.08774957517548897, "♦5": 0.07669755527043519, "♣7": 0.08808393462412002, "♠8": 0.07839252761629913, "♣8": 0.10173202764087709, "♥8": 0.0729427096481593, "♣10": 0.08292964647622027, "♠Q": 0.09578632295109961, "♣Q": 0.07152131715517715, "♥Q": 0.07200613448359508, "pass": 0.08091149309267072}, "value": 0.555819034576416}}
{"step": {"step": 26, "player_id": 3, "played": ["♦J"], "field_after": ["♦J"], "reset_reason": null, "policy": {"♥2": 0.16496573679151538, "♠J": 0.15077518052915057, "♥K": 0.16967462634461555, "♦A": 0.17072253499632356, "♦J": 0.15100425368808823, "pass": 0.19285766765030665}, "value": 0.4752841889858246}}
{"step": {"step": 27, "player_id": 0, "played": null, "field_after": ["♦J"], "reset_reason": null, "policy": {"pass": 1.0}, "value": 0.466098815202713}}
{"step": {"step": 28, "player_id": 1, "played": ["♦Q"], "field_after": ["♦Q"], "reset_reason": null, "policy": {"♠K": 0.33789055886794517, "♦Q": 0.32281967241389914, "pass": 0.3392897687181557}, "value": 0.4760735332965851}}
{"step": {"step": 29, "player_id": 2, "played": null, "field_after": ["♦Q"], "reset_reason": null, "policy": {"pass": 1.0}, "value": 0.5499804615974426}}
{"step": {"step": 30, "player_id": 3, "played": ["♦A"], "field_after": ["♦A"], "reset_reason": null, "policy": {"♥2": 0.2578220263016348, "♥K": 0.2342466540569581, "♦A": 0.2505580910869734, "pass": 0.2573732285544337}, "value": 0.4816160500049591}}
{"step": {"step": 31, "player_id": 0, "played": null, "field_after": ["♦A"], "reset_reason": null, "policy": {"pass": 1.0}, "value": 0.4438371956348419}}
{"step": {"step": 32, "player_id": 1, "played": null, "field_after": ["♦A"], "reset_reason": null, "policy": {"pass": 1.0}, "value": 0.46893954277038574}}
{"step": {"step": 33, "player_id": 2, "played": null, "field_after": [], "reset_reason": "all_pass", "policy": {"pass": 1.0}, "value": 0.5549792647361755}}
{"step": {"step": 34, "player_id": 3, "played": ["♥10"], "field_after": ["♥10"], "reset_reason": null, "policy": {"♠5": 0.15292201826171692, "♥7": 0.13422525324897633, "♦8": 0.13348683349275156, "♥10": 0.13840075012073155, "♥2": 0.1375778220139397, "♠J": 0.18301207929705865, "♥K": 0.12037524356482532}, "value": 0.4827365577220917}}
{"step": {"step": 35, "player_id": 0, "played": ["♥J"], "field_after": ["♥J"], "reset_reason": null, "policy": {"♣J": 0.36769014525070637, "♥J": 0.3192115256047998, "pass": 0.3130983291444938}, "value": 0.45854452252388}}
{"step": {"step": 36, "player_id": 1, "played": ["♠K"], "field_after": ["♠K"], "reset_reason": null, "policy": {"♠K": 0.5207209520433628, "pass": 0.4792790479566372}, "value": 0.4400218427181244}}
{"step": {"step": 37, "player_id": 2, "played": null, "field_after": ["♠K"], "reset_reason": null, "policy": {"pass": 1.0}, "value": 0.5461422204971313}}
{"step": {"step": 38, "player_id": 3, "played": ["♥2"], "field_after": ["♥2"], "reset_reason": null, "policy": {"♥2": 0.5172122849878361, "pass": 0.4827877150121639}, "value": 0.46372339129447937}}
{"step": {"step": 39, "player_id": 0, "played": null, "field_after": ["♥2"], "reset_reason": null, "policy": {"pass": 1.0}, "value": 0.46660298109054565}}
{"step": {"step": 40, "player_id": 1, "played": null, "field_after": ["♥2"], "reset_reason": null, "policy": {"pass": 1.0}, "value": 0.4719899892807007}}
{"step": {"step": 41, "player_id": 2, "played": null, "field_after": [], "reset_reason": "all_pass", "policy": {"pass": 1.0}, "value": 0.5581802725791931}}
{"step": {"step": 42, "player_id": 3, "played": ["♦8"], "field_after": [], "reset_reason": "eight_cut", "policy": {"♠5": 0.22082553918849074, "♥7": 0.19204460116580377, "♦8": 0.1890319780286813, "♠J": 0.19951743028836713, "♥K": 0.19858045132865695}, "value": 0.47814977169036865}}
{"step": {"step": 43, "player_id": 3, "played": ["♥K"], "field_after": ["♥K"], "reset_reason": null, "policy": {"♠5": 0.27721537217366937, "♥7": 0.23518345395669765, "♠J": 0.24002239772814032, "♥K": 0.24757877614149265}, "value": 0.4817368984222412}}
{"step": {"step": 44, "player_id": 0, "played": null, "field_after": ["♥K"], "reset_reason": null, "policy": {"pass": 1.0}, "value": 0.4513154625892639}}
{"step": {"step": 45, "player_id": 1, "played": null, "field_after": ["♥K"], "reset_reason": null, "policy": {"pass": 1.0}, "value": 0.4847258925437927}}
{"step": {"step": 46, "player_id": 2, "played": null, "field_after": [], "reset_reason": "all_pass", "policy": {"pass": 1.0}, "value": 0.5576664805412292}}
{"step": {"step": 47, "player_id": 3, "played": ["♥7"], "field_after": ["♥7"], "reset_reason": null, "policy": {"♠5": 0.3659910049300077, "♥7": 0.3147213975841279, "♠J": 0.3192875974858644}, "value": 0.4766731262207031}}
{"step": {"step": 48, "player_id": 0, "played": ["♣9"], "field_after": ["♣9"], "reset_reason": null, "policy": {"♠9": 0.22362036690132364, "♣9": 0.19746747860768604, "♦9": 0.20071531780265345, "♣J": 0.1930310374196317, "pass": 0.18516579926870508}, "value": 0.4661426544189453}}
{"step": {"step": 49, "player_id": 1, "played": ["♦10"], "field_after": ["♦10"], "reset_reason": null, "policy": {"♠10": 0.3211013881718433, "♦10": 0.3144444216348114, "pass": 0.36445419019334524}, "value": 0.4542700946331024}}
{"step": {"step": 50, "player_id": 2, "played": ["♥Q"], "field_after": ["♥Q"], "reset_reason": null, "policy": {"♠Q": 0.2565798769509767, "♣Q": 0.25093270430046577, "♥Q": 0.23729274952543158, "pass": 0.2551946692231259}, "value": 0.5447730422019958}}
{"step": {"step": 51, "player_id": 3, "played": null, "field_after": ["♥Q"], "reset_reason": null, "policy": {"pass": 1.0}, "value": 0.4729236364364624}}
{"step": {"step": 52, "player_id": 0, "played": null, "field_after": ["♥Q"], "reset_reason": null, "policy": {"pass": 1.0}, "value": 0.4704786539077759}}
{"step": {"step": 53, "player_id": 1, "played": null, "field_after": [], "reset_reason": "all_pass", "policy": {"pass": 1.0}, "value": 0.4660336673259735}}
{"step": {"step": 54, "player_id": 2, "played": ["♥8", "♠8"], "field_after": [], "reset_reason": "eight_cut", "policy": {"♠3": 0.07125835184811764, "♥4": 0.061956623606233954, "♥5": 0.06005573578890485, "♦5": 0.0678950922858061, "♣7": 0.0613786016327543, "♠8": 0.07855995650765563, "♣8": 0.055080077300703904, "♥8": 0.06475030051656028, "♦5|♥5": 0.07192087749489225, "♣8|♠8": 0.05409832182420668, "♥8|♠8": 0.05118089871160061, "♥8|♣8": 0.059574949604083306, "♠Q|♣Q": 0.054833373445660534, "♥8|♣8|♠8": 0.07559971322839917, "♠Q": 0.0606091164291126, "♣Q": 0.05124800977530831}, "value": 0.5608789324760437}}
{"step": {"step": 55, "player_id": 2, "played": ["♣Q"], "field_after": ["♣Q"], "reset_reason": null, "policy": {"♠3": 0.11173259661817966, "♥4": 0.09483461084885067, "♥5": 0.0924500150408311, "♦5": 0.10065646211938412, "♣7": 0.09436869710146965, "♣8": 0.1249555411248966, "♦5|♥5": 0.08434043634387776, "♠Q|♣Q": 0.09893867817794044, "♠Q": 0.11222243191959129, "♣Q": 0.08550053070497877}, "value": 0.5526459813117981}}
{"step": {"step": 56, "player_id": 3, "played": null, "field_after": ["♣Q"], "reset_reason": null, "policy": {"pass": 1.0}, "value": 0.4710792601108551}}
{"step": {"step": 57, "player_id": 0, "played": null, "field_after": ["♣Q"], "reset_reason": null, "policy": {"pass": 1.0}, "value": 0.4626242518424988}}
{"step": {"step": 58, "player_id": 1, "played": null, "field_after": [], "reset_reason": "all_pass", "policy": {"pass": 1.0}, "value": 0.4731830358505249}}
{"step": {"step": 59, "player_id": 2, "played": ["♠Q"], "field_after": ["♠Q"], "reset_reason": null, "policy": {"♠3": 0.13798134842304668, "♥4": 0.11465188621869643, "♥5": 0.1156286405336431, "♦5": 0.12568793032605896, "♣7": 0.12158697981865074, "♣8": 0.15252537027374302, "♦5|♥5": 0.10542605346047008, "♠Q": 0.12651179094569107}, "value": 0.5538733601570129}}
{"step": {"step": 60, "player_id": 3, "played": null, "field_after": ["♠Q"], "reset_reason": null, "policy": {"pass": 1.0}, "value": 0.47369906306266785}}
{"step": {"step": 61, "player_id": 0, "played": null, "field_after": ["♠Q"], "reset_reason": null, "policy": {"pass": 1.0}, "value": 0.46714141964912415}}
{"step": {"step": 62, "player_id": 1, "played": null, "field_after": [], "reset_reason": "all_pass", "policy": {"pass": 1.0}, "value": 0.4718521237373352}}
{"step": {"step": 63, "player_id": 2, "played": ["♦5", "♥5"], "field_after": ["♦5", "♥5"], "reset_reason": null, "policy": {"♠3": 0.16375479913534033, "♥4": 0.13008229431924018, "♥5": 0.13494467300056898, "♦5": 0.14270392860978584, "♣7": 0.13783158916173424, "♣8": 0.1715415362180283, "♦5|♥5": 0.11914117955530225}, "value": 0.5484873056411743}}
{"step": {"step": 64, "player_id": 3, "played": null, "field_after": ["♦5", "♥5"], "reset_reason": null, "policy": {"pass": 1.0}, "value": 0.479267954826355}}
{"step": {"step": 65, "player_id": 0, "played": ["♦9", "♠9"], "field_after": ["♦9", "♠9"], "reset_reason": null, "policy": {"♦9|♠9": 0.5265714098757476, "pass": 0.4734285901242524}, "value": 0.4662533700466156}}
{"step": {"step": 66, "player_id": 1, "played": null, "field_after": ["♦9", "♠9"], "reset_reason": null, "policy": {"pass": 1.0}, "value": 0.4719105362892151}}
{"step": {"step": 67, "player_id": 2, "played": null, "field_after": ["♦9", "♠9"], "reset_reason": null, "policy": {"pass": 1.0}, "value": 0.5556389093399048}}
{"step": {"step": 68, "player_id": 3, "played": null, "field_after": [], "reset_reason": "all_pass", "policy": {"pass": 1.0}, "value": 0.48830822110176086}}
{"step": {"step": 69, "player_id": 0, "played": ["♣3"], "field_after": ["♣3"], "reset_reason": null, "policy": {"♣3": 0.1840049316001806, "♦4": 0.15911487402091784, "♣5": 0.14511961536378054, "♠6": 0.15479171720083507, "♦7": 0.15163572454585098, "♣J": 0.20533313726843497}, "value": 0.46297749876976013}}
{"step": {"step": 70, "player_id": 1, "played": ["♣6"], "field_after": ["♣6"], "reset_reason": null, "policy": {"♠4": 0.13380175728682536, "♣4": 0.11992494234799034, "♣6": 0.13767149459260636, "♥6": 0.1224166073245656, "♦6": 0.11272898017275541, "♥9": 0.15019711887881154, "♠10": 0.10952020353276348, "pass": 0.11373889586368184}, "value": 0.46903812885284424}}
{"step": {"step": 71, "player_id": 2, "played": ["♣7"], "field_after": ["♣7"], "reset_reason": null, "policy": {"♣7": 0.3563577735947262, "♣8": 0.3293666079055677, "pass": 0.31427561849970614}, "value": 0.5481143593788147}}
{"step": {"step": 72, "player_id": 3, "played": ["♠J"], "field_after": ["♠J"], "reset_reason": null, "policy": {"♠J": 0.527804782696666, "pass": 0.472195217303334}, "value": 0.4644656479358673}}
{"step": {"step": 73, "player_id": 0, "played": null, "field_after": ["♠J"], "reset_reason": null, "policy": {"pass": 1.0}, "value": 0.4632052481174469}}
{"step": {"step": 74, "player_id": 1, "played": null, "field_after": ["♠J"], "reset_reason": null, "policy": {"pass": 1.0}, "value": 0.48044443130493164}}
{"step": {"step": 75, "player_id": 2, "played": null, "field_after": [], "reset_reason": "all_pass", "policy": {"pass": 1.0}, "value": 0.5561152100563049}}
{"step": {"step": 76, "player_id": 3, "played": ["♠5"], "field_after": ["♠5"], "reset_reason": null, "policy": {"♠5": 1.0}, "value": 0.47862568497657776}}
{"step": {"step": 77, "player_id": 0, "played": ["♦7"], "field_after": ["♦7"], "reset_reason": null, "policy": {"♠6": 0.25536531135921986, "♦7": 0.25175177341409233, "♣J": 0.2444042811997567, "pass": 0.24847863402693102}, "value": 0.46253806352615356}}
{"step": {"step": 78, "player_id": 1, "played": ["♥9"], "field_after": ["♥9"], "reset_reason": null, "policy": {"♥9": 0.32679166441865726, "♠10": 0.3135915920565814, "pass": 0.35961674352476136}, "value": 0.47943243384361267}}
{"step": {"step": 79, "player_id": 2, "played": null, "field_after": ["♥9"], "reset_reason": null, "policy": {"pass": 1.0}, "value": 0.5515154004096985}}
{"step": {"step": 80, "player_id": 0, "played": ["♣J"], "field_after": ["♣J"], "reset_reason": null, "policy": {"♣J": 0.5083563918796797, "pass": 0.49164360812032026}, "value": 0.45226240158081055}}
{"step": {"step": 81, "player_id": 1, "played": null, "field_after": ["♣J"], "reset_reason": null, "policy": {"pass": 1.0}, "value": 0.44372183084487915}}
{"step": {"step": 82, "player_id": 2, "played": null, "field_after": [], "reset_reason": "all_pass", "policy": {"pass": 1.0}, "value": 0.5502959489822388}}
{"step": {"step": 83, "player_id": 0, "played": ["♦4"], "field_after": ["♦4"], "reset_reason": null, "policy": {"♦4": 0.37876069487701025, "♣5": 0.3168195046797152, "♠6": 0.30441980044327455}, "value": 0.4548511207103729}}
{"step": {"step": 84, "player_id": 1, "played": ["♥6"], "field_after": ["♥6"], "reset_reason": null, "policy": {"♥6": 0.24802170751610855, "♦6": 0.23866814548849982, "♠10": 0.271218602540716, "pass": 0.24209154445467573}, "value": 0.47876161336898804}}
{"step": {"step": 85, "player_id": 2, "played": ["♣8"], "field_after": [], "reset_reason": "eight_cut", "policy": {"♣8": 0.5370471304187004, "pass": 0.46295286958129966}, "value": 0.5541126728057861}}
{"step": {"step": 86, "player_id": 2, "played": ["♥4"], "field_after": ["♥4"], "reset_reason": null, "policy": {"♠3": 0.5522056345487187, "♥4": 0.44779436545128126}, "value": 0.5538839101791382}}
{"step": {"step": 87, "player_id": 0, "played": ["♣5"], "field_after": ["♣5"], "reset_reason": null, "policy": {"♣5": 0.3418068220855684, "♠6": 0.3301323875073083, "pass": 0.3280607904071232}, "value": 0.45015132427215576}}
{"step": {"step": 88, "player_id": 1, "played": ["♠10"], "field_after": ["♠10"], "reset_reason": null, "policy": {"♦6": 0.34095442442068447, "♠10": 0.3001556778935171, "pass": 0.3588898976857984}, "value": 0.4781998097896576}}
{"step": {"step": 89, "player_id": 2, "played": null, "field_after": ["♠10"], "reset_reason": null, "policy": {"pass": 1.0}, "value": 0.5379927754402161}}
{"step": {"step": 90, "player_id": 0, "played": null, "field_after": [], "reset_reason": "all_pass", "policy": {"pass": 1.0}, "value": 0.4545581042766571}}
{"step": {"step": 91, "player_id": 1, "played": ["♦6"], "field_after": ["♦6"], "reset_reason": null, "policy": {"♠4": 0.27407115667298637, "♣4": 0.23344356351110113, "♦6": 0.2532758373934487, "♣4|♠4": 0.2392094424224638}, "value": 0.48629099130630493}}
{"step": {"step": 92, "player_id": 2, "played": null, "field_after": ["♦6"], "reset_reason": null, "policy": {"pass": 1.0}, "value": 0.5414316654205322}}
{"step": {"step": 93, "player_id": 0, "played": null, "field_after": [], "reset_reason": "all_pass", "policy": {"pass": 1.0}, "value": 0.4609055519104004}}
{"step": {"step": 94, "player_id": 1, "played": ["♣4"], "field_after": ["♣4"], "reset_reason": null, "policy": {"♠4": 0.358314150419338, "♣4": 0.30701706971405013, "♣4|♠4": 0.33466877986661187}, "value": 0.49424582719802856}}
{"step": {"step": 95, "player_id": 2, "played": null, "field_after": ["♣4"], "reset_reason": null, "policy": {"pass": 1.0}, "value": 0.5374051332473755}}
{"step": {"step": 96, "player_id": 0, "played": ["♠6"], "field_after": ["♠6"], "reset_reason": null, "policy": {"♠6": 0.508277129393687, "pass": 0.4917228706063131}, "value": 0.4476638436317444}}
{"step": {"step": 97, "player_id": 1, "played": null, "field_after": ["♠6"], "reset_reason": null, "policy": {"pass": 1.0}, "value": 0.4807799458503723}}
{"step": {"step": 98, "player_id": 2, "played": null, "field_after": [], "reset_reason": "all_pass", "policy": {"pass": 1.0}, "value": 0.5468049645423889}}
{"step": {"step": 99, "player_id": 0, "played": null, "field_after": [], "reset_reason": null, "policy": {}, "value": 1.0}}
{"step": {"step": 100, "player_id": 1, "played": ["♠4"], "field_after": ["♠4"], "reset_reason": null, "policy": {"♠4": 1.0}, "value": 0.4917624592781067}}
{"episode_end": {"episode": 3, "ended": true}}
{"episode_summary": {"episode": 4, "seed": 12349, "ended": true, "steps_count": 80, "winner": 1}}
{"initial_hands": [["♦5", "♥Q", "♣6", "♠5", "♠2", "♠3", "♦10", "♥9", "♣A", "♥J", "♣2", "♦6", "♠7", "♠K"], ["♠J", "♣K", "♦3", "♠9", "♣Q", "♠8", "♠Q", "♥10", "♥7", "♦9", "♣J", "♦Q", "♥3"], ["♦8", "♥4", "♥8", "♣10", "♣8", "♦4", "♠6", "♦K", "♠4", "♦A", "♥6", "♣3", "♣4"], ["♥A", "♦J", "♣7", "♥K", "♣5", "JOKER(♠K)", "♦7", "♥5", "♠A", "♠10", "♣9", "♦2", "♥2"]]}
{"step": {"step": 1, "player_id": 1, "played": ["♦3", "♥3"], "field_after": ["♦3", "♥3"], "reset_reason": null, "policy": {"♥3": 0.05448211372457609, "♦3": 0.04847251324991482, "♥7": 0.04759782675431905, "♠8": 0.04763074739981905, "♠9": 0.04576550335913834, "♦9": 0.06007135317860154, "♥10": 0.041614489966372833, "♦3|♥3": 0.047758437613668284, "♠9|♦9": 0.0562958908544254, "♠J|♣J": 0.04302954045950339, "♣Q|♠Q": 0.037900597700983384, "♠Q|♦Q": 0.04846311906616366, "♣Q|♦Q": 0.04060846264862117, "♣Q|♠Q|♦Q": 0.05430372462192182, "♣J|♣Q|♣K": 0.05109165544757938, "♠J": 0.0418211102217042, "♠Q": 0.058664597983927376, "♣J": 0.042633069698286785, "♣K": 0.03979139112033459, "♣Q": 0.037327663734870994, "♦Q": 0.054676191195267815}, "value": 0.4874922037124634}}
{"step": {"step": 2, "player_id": 2, "played": ["♠6", "♥6"], "field_after": ["♠6", "♥6"], "reset_reason": null, "policy": {"♠4|♣4": 0.10734556693802154, "♥4|♠4": 0.08820285088522097, "♦4|♠4": 0.09472291149556587, "♥4|♣4": 0.09059076917604236, "♦4|♣4": 0.0849470738210383, "♥4|♦4": 0.10412176913819061, "♠6|♥6": 0.08341013605848928, "♥8|♣8": 0.09690373741388933, "♦8|♣8": 0.09403548418454302, "♦8|♥8": 0.08649370820905626, "pass": 0.06922599267994248}, "value": 0.5342631936073303}}
{"step": {"step": 3, "player_id": 3, "played": ["♥A", "♠A"], "field_after": ["♥A", "♠A"], "reset_reason": null, "policy": {"♣7|♦7": 0.07737272707664658, "♣7|JOKER(♥2)": 0.06443617272179614, "♦7|JOKER(♥2)": 0.06769778225038514, "♣9|JOKER(♥2)": 0.08033077970655142, "♠10|JOKER(♥2)": 0.07067969854740161, "♦2|♥2": 0.08792919216892565, "♥2|JOKER(♥2)": 0.060749997216448665, "♦2|JOKER(♥2)": 0.08001053766838762, "♠A|JOKER(♥2)": 0.07058242902964956, "♥A|JOKER(♥2)": 0.053310994100693065, "♥K|JOKER(♥2)": 0.0665760164062897, "♦J|JOKER(♥2)": 0.062390768028032194, "♥A|♠A": 0.06534827342033736, "pass": 0.09258463165845514}, "value": 0.4843851327896118}}
{"step": {"step": 4, "player_id": 0, "played": ["♠2", "♣2"], "field_after": ["♠2", "♣2"], "reset_reason": null, "policy": {"♠2|♣2": 0.5261051505342899, "pass": 0.4738948494657102}, "value": 0.46430301666259766}}
{"step": {"step": 5, "player_id": 1, "played": null, "field_after": ["♠2", "♣2"], "reset_reason": null, "policy": {"pass": 1.0}, "value": 0.48121267557144165}}
{"step": {"step": 6, "player_id": 2, "played": null, "field_after": ["♠2", "♣2"], "reset_reason": null, "policy": {"pass": 1.0}, "value": 0.5457912087440491}}
{"step": {"step": 7, "player_id": 3, "played": null, "field_after": [], "reset_reason": "all_pass", "policy": {"pass": 1.0}, "value": 0.49702659249305725}}
{"step": {"step": 8, "player_id": 0, "played": ["♠5"], "field_after": ["♠5"], "reset_reason": null, "policy": {"♠3": 0.08312324419241007, "♠5": 0.06869033719143791, "♦5": 0.0659872640877128, "♣6": 0.07057829658937409, "♦6": 0.06695902363118121, "♠7": 0.08978739838385126, "♥9": 0.06199767396150998, "♦10": 0.06684829652377892, "♦5|♠5": 0.0799265613850244, "♣6|♦6": 0.06485043524125415, "♠K": 0.06138374267296012, "♣A": 0.07487269627222543, "♥J": 0.06251177938654022, "♥Q": 0.08248325048073955}, "value": 0.47505900263786316}}
{"step": {"step": 9, "player_id": 1, "played": ["♣K"], "field_after": ["♣K"], "reset_reason": null, "policy": {"♥7": 0.08750846152886993, "♠8": 0.07995866226814025, "♠9": 0.08879598599031144, "♦9": 0.08270136963757392, "♥10": 0.07773438066929995, "♠J": 0.10620901564187836, "♠Q": 0.07289578291827996, "♣J": 0.08728160838229883, "♣K": 0.09071482392754988, "♣Q": 0.07354161985023562, "♦Q": 0.06809316407062442, "pass": 0.08456512511493725}, "value": 0.47382450103759766}}
{"step": {"step": 10, "player_id": 2, "played": ["♦A"], "field_after": ["♦A"], "reset_reason": null, "policy": {"♦A": 0.5144569994531768, "pass": 0.4855430005468232}, "value": 0.5257220268249512}}
{"step": {"step": 11, "player_id": 3, "played": ["♦2"], "field_after": ["♦2"], "reset_reason": null, "policy": {"♥2": 0.3746668443835479, "♦2": 0.31107817550703193, "pass": 0.31425498010942016}, "value": 0.4732203781604767}}
{"step": {"step": 12, "player_id": 0, "played": null, "field_after": ["♦2"], "reset_reason": null, "policy": {"pass": 1.0}, "value": 0.45993825793266296}}
{"step": {"step": 13, "player_id": 1, "played": null, "field_after": ["♦2"], "reset_reason": null, "policy": {"pass": 1.0}, "value": 0.4723167419433594}}
{"step": {"step": 14, "player_id": 2, "played": null, "field_after": [], "reset_reason": "all_pass", "policy": {"pass": 1.0}, "value": 0.5448891520500183}}
{"step": {"step": 15, "player_id": 3, "played": ["♣5", "♥5", "JOKER(♥2)"], "field_after": ["♣5", "♥5", "JOKER"], "reset_reason": null, "policy": {"♣5": 0.04650499085093377, "♥5": 0.039474810611053145, "♣7": 0.03813453419928826, "♦7": 0.040732114710396346, "♣9": 0.03979176917263553, "♠10": 0.053147950309712345, "♥2": 0.03397429403760912, "♣5|♥5": 0.040407003827623474, "♣5|JOKER(♥2)": 0.045625355569501994, "♥5|JOKER(♥2)": 0.03570700523170064, "♣7|♦7": 0.03402993562041139, "♣7|JOKER(♥2)": 0.04041253979210909, "♦7|JOKER(♥2)": 0.03460145794257053, "♣9|JOKER(♥2)": 0.048779475874405544, "♠10|JOKER(♥2)": 0.038491638918303046, "♥2|JOKER(♥2)": 0.03483533605870611, "♥K|JOKER(♥2)": 0.05129320263418292, "♦J|JOKER(♥2)": 0.03852548984273013, "♣5|♥5|JOKER(♥2)": 0.03485016849175053, "♣7|♦7|JOKER(♥2)": 0.03287875559201777, "♣5|JOKER(♥2)|♣7": 0.048836404883068465, "♣7|JOKER(♥2)|♣9": 0.03259377729523572, "JOKER(♥2)": 0.029835511926863317, "♥K": 0.044960097162686966, "♦J": 0.04157637944450407}, "value": 0.48052820563316345}}
{"step": {"step": 16, "player_id": 0, "played": null, "field_after": ["♣5", "♥5", "JOKER"], "reset_reason": null, "policy": {"pass": 1.0}, "value": 0.46689775586128235}}
{"step": {"step": 17, "player_id": 1, "played": ["♣Q", "♠Q", "♦Q"], "field_after": ["♣Q", "♠Q", "♦Q"], "reset_reason": null, "policy": {"♣Q|♠Q|♦Q": 0.482083666955328, "pass": 0.517916333044672}, "value": 0.5133947134017944}}
{"step": {"step": 18, "player_id": 2, "played": null, "field_after": ["♣Q", "♠Q", "♦Q"], "reset_reason": null, "policy": {"pass": 1.0}, "value": 0.5277964472770691}}
{"step": {"step": 19, "player_id": 3, "played": null, "field_after": ["♣Q", "♠Q", "♦Q"], "reset_reason": null, "policy": {"pass": 1.0}, "value": 0.47160473465919495}}
{"step": {"step": 20, "player_id": 0, "played": null, "field_after": [], "reset_reason": "all_pass", "policy": {"pass": 1.0}, "value": 0.46065497398376465}}
{"step": {"step": 21, "player_id": 1, "played": ["♣J"], "field_after": ["♣J"], "reset_reason": null, "policy": {"♥7": 0.12142045946592173, "♠8": 0.10439528758428492, "♠9": 0.10890654019510412, "♦9": 0.10573565700946953, "♥10": 0.10540805766011548, "♠9|♦9": 0.1327535875591036, "♠J|♣J": 0.09070393887566362, "♠J": 0.10627596904071815, "♣J": 0.12440050260961887}, "value": 0.4857238233089447}}
{"step": {"step": 22, "player_id": 2, "played": ["♦K"], "field_after": ["♦K"], "reset_reason": null, "policy": {"♦K": 0.532403867357981, "pass": 0.46759613264201894}, "value": 0.5320631265640259}}
{"step": {"step": 23, "player_id": 3, "played": ["♥2"], "field_after": ["♥2"], "reset_reason": null, "policy": {"♥2": 0.5170908141274678, "pass": 0.48290918587253207}, "value": 0.4710438549518585}}
{"step": {"step": 24, "player_id": 0, "played": null, "field_after": ["♥2"], "reset_reason": null, "policy": {"pass": 1.0}, "value": 0.4598318636417389}}
{"step": {"step": 25, "player_id": 1, "played": null, "field_after": ["♥2"], "reset_reason": null, "policy": {"pass": 1.0}, "value": 0.482281357049942}}
{"step": {"step": 26, "player_id": 2, "played": null, "field_after": [], "reset_reason": "all_pass", "policy": {"pass": 1.0}, "value": 0.5469021201133728}}
{"step": {"step": 27, "player_id": 3, "played": ["♣7"], "field_after": ["♣7"], "reset_reason": null, "policy": {"♣7": 0.16603997110394458, "♦7": 0.13614053333675472, "♣9": 0.12889388114581282, "♠10": 0.13822662453980095, "♣7|♦7": 0.1267383703942313, "♥K": 0.18435987979174517, "♦J": 0.11960073968771046}, "value": 0.4710228443145752}}
{"step": {"step": 28, "player_id": 0, "played": ["♦10"], "field_after": ["♦10"], "reset_reason": null, "policy": {"♥9": 0.15715998783330806, "♦10": 0.13438902643108316, "♠K": 0.15030322083583122, "♣A": 0.13432690959594593, "♥J": 0.12590747381140988, "♥Q": 0.1691670886146332, "pass": 0.1287462928777885}, "value": 0.4686647653579712}}
{"step": {"step": 29, "player_id": 1, "played": ["♠J"], "field_after": ["♠J"], "reset_reason": null, "policy": {"♠J": 0.531642675623307, "pass": 0.468357324376693}, "value": 0.48310622572898865}}
{"step": {"step": 30, "player_id": 2, "played": null, "field_after": ["♠J"], "reset_reason": null, "policy": {"pass": 1.0}, "value": 0.5516107678413391}}
{"step": {"step": 31, "player_id": 3, "played": ["♥K"], "field_after": ["♥K"], "reset_reason": null, "policy": {"♥K": 0.5260431986233821, "pass": 0.47395680137661794}, "value": 0.46943509578704834}}
{"step": {"step": 32, "player_id": 0, "played": ["♣A"], "field_after": ["♣A"], "reset_reason": null, "policy": {"♣A": 0.531479756617917, "pass": 0.46852024338208303}, "value": 0.45384782552719116}}
{"step": {"step": 33, "player_id": 1, "played": null, "field_after": ["♣A"], "reset_reason": null, "policy": {"pass": 1.0}, "value": 0.46180498600006104}}
{"step": {"step": 34, "player_id": 2, "played": null, "field_after": ["♣A"], "reset_reason": null, "policy": {"pass": 1.0}, "value": 0.5391249060630798}}
{"step": {"step": 35, "player_id": 3, "played": null, "field_after": [], "reset_reason": "all_pass", "policy": {"pass": 1.0}, "value": 0.4740535020828247}}
{"step": {"step": 36, "player_id": 0, "played": ["♣6"], "field_after": ["♣6"], "reset_reason": null, "policy": {"♠3": 0.11611838187021309, "♦5": 0.09499922965270934, "♣6": 0.09366567226082968, "♦6": 0.09568237909537991, "♠7": 0.08999151035937646, "♥9": 0.12149836710375442, "♣6|♦6": 0.08811002428779471, "♠K": 0.09780041719284517, "♥J": 0.11327301118368735, "♥Q": 0.08886100699340996}, "value": 0.4737914204597473}}
{"step": {"step": 37, "player_id": 1, "played": ["♦9"], "field_after": ["♦9"], "reset_reason": null, "policy": {"♥7": 0.1703053011421802, "♠8": 0.15232829405531856, "♠9": 0.17882097257834081, "♦9": 0.15782945233015833, "♥10": 0.14828249283245243, "pass": 0.1924334870615497}, "value": 0.4762701392173767}}
{"step": {"step": 38, "player_id": 2, "played": ["♣10"], "field_after": ["♣10"], "reset_reason": null, "policy": {"♣10": 0.5373588194871065, "pass": 0.4626411805128935}, "value": 0.5377828478813171}}
{"step": {"step": 39, "player_id": 3, "played": ["♦J"], "field_after": ["♦J"], "reset_reason": null, "policy": {"♦J": 0.5195622375501537, "pass": 0.4804377624498462}, "value": 0.46805858612060547}}
{"step": {"step": 40, "player_id": 0, "played": ["♠K"], "field_after": ["♠K"], "reset_reason": null, "policy": {"♠K": 0.35893068491424956, "♥Q": 0.31481516918154023, "pass": 0.3262541459042101}, "value": 0.4519359767436981}}
{"step": {"step": 41, "player_id": 1, "played": null, "field_after": ["♠K"], "reset_reason": null, "policy": {"pass": 1.0}, "value": 0.4692091643810272}}
{"step": {"step": 42, "player_id": 2, "played": null, "field_after": ["♠K"], "reset_reason": null, "policy": {"pass": 1.0}, "value": 0.5241500735282898}}
{"step": {"step": 43, "player_id": 3, "played": null, "field_after": [], "reset_reason": "all_pass", "policy": {"pass": 1.0}, "value": 0.46140292286872864}}
{"step": {"step": 44, "player_id": 0, "played": ["♦5"], "field_after": ["♦5"], "reset_reason": null, "policy": {"♠3": 0.16684519763501351, "♦5": 0.13116634173948882, "♦6": 0.1311751672315873, "♠7": 0.1359866036005932, "♥9": 0.1316178543593697, "♥J": 0.1781952659533028, "♥Q": 0.12501356948064474}, "value": 0.46731844544410706}}
{"step": {"step": 45, "player_id": 1, "played": ["♠8"], "field_after": [], "reset_reason": "eight_cut", "policy": {"♥7": 0.2225516068607739, "♠8": 0.18428631571870488, "♠9": 0.21483243636203883, "♥10": 0.1915194644822554, "pass": 0.1868101765762269}, "value": 0.4685277044773102}}
{"step": {"step": 46, "player_id": 1, "played": ["♠9"], "field_after": ["♠9"], "reset_reason": null, "policy": {"♥7": 0.3589853775954953, "♠9": 0.31073080034094547, "♥10": 0.3302838220635593}, "value": 0.4836914837360382}}
{"step": {"step": 47, "player_id": 2, "played": null, "field_after": ["♠9"], "reset_reason": null, "policy": {"pass": 1.0}, "value": 0.5303176641464233}}
{"step": {"step": 48, "player_id": 3, "played": ["♠10"], "field_after": ["♠10"], "reset_reason": null, "policy": {"♠10": 0.51872395763049, "pass": 0.4812760423695101}, "value": 0.4767739176750183}}
{"step": {"step": 49, "player_id": 0, "played": ["♥Q"], "field_after": ["♥Q"], "reset_reason": null, "policy": {"♥J": 0.32720475105524427, "♥Q": 0.3384024512294754, "pass": 0.33439279771528035}, "value": 0.46111318469047546}}
{"step": {"step": 50, "player_id": 1, "played": null, "field_after": ["♥Q"], "reset_reason": null, "policy": {"pass": 1.0}, "value": 0.46847066283226013}}
{"step": {"step": 51, "player_id": 2, "played": null, "field_after": ["♥Q"], "reset_reason": null, "policy": {"pass": 1.0}, "value": 0.5402653813362122}}
{"step": {"step": 52, "player_id": 3, "played": null, "field_after": [], "reset_reason": "all_pass", "policy": {"pass": 1.0}, "value": 0.4692329168319702}}
{"step": {"step": 53, "player_id": 0, "played": ["♥J"], "field_after": ["♥J"], "reset_reason": null, "policy": {"♠3": 0.2323572625376153, "♦6": 0.18930936954004265, "♠7": 0.19981040499322636, "♥9": 0.19474304790566224, "♥J": 0.18377991502345342}, "value": 0.47507864236831665}}
{"step": {"step": 54, "player_id": 1, "played": null, "field_after": ["♥J"], "reset_reason": null, "policy": {"pass": 1.0}, "value": 0.4429154098033905}}
{"step": {"step": 55, "player_id": 2, "played": null, "field_after": ["♥J"], "reset_reason": null, "policy": {"pass": 1.0}, "value": 0.5345736145973206}}
{"step": {"step": 56, "player_id": 3, "played": null, "field_after": [], "reset_reason": "all_pass", "policy": {"pass": 1.0}, "value": 0.46877220273017883}}
{"step": {"step": 57, "player_id": 0, "played": ["♠3"], "field_after": ["♠3"], "reset_reason": null, "policy": {"♠3": 0.2906125669837078, "♦6": 0.22671611546014186, "♠7": 0.2441127229125225, "♥9": 0.23855859464362777}, "value": 0.47036826610565186}}
{"step": {"step": 58, "player_id": 1, "played": ["♥10"], "field_after": ["♥10"], "reset_reason": null, "policy": {"♥7": 0.3425073869128153, "♥10": 0.317758476617369, "pass": 0.33973413646981576}, "value": 0.4782097339630127}}
{"step": {"step": 59, "player_id": 2, "played": null, "field_after": ["♥10"], "reset_reason": null, "policy": {"pass": 1.0}, "value": 0.5264644026756287}}
{"step": {"step": 60, "player_id": 3, "played": null, "field_after": ["♥10"], "reset_reason": null, "policy": {"pass": 1.0}, "value": 0.4682629108428955}}
{"step": {"step": 61, "player_id": 0, "played": null, "field_after": [], "reset_reason": "all_pass", "policy": {"pass": 1.0}, "value": 0.455559641122818}}
{"step": {"step": 62, "player_id": 1, "played": ["♥7"], "field_after": ["♥7"], "reset_reason": null, "policy": {"♥7": 1.0}, "value": 0.4856652319431305}}
{"step": {"step": 63, "player_id": 2, "played": ["♦8"], "field_after": [], "reset_reason": "eight_cut", "policy": {"♣8": 0.2595329949059409, "♥8": 0.24134991098428715, "♦8": 0.24777336558431878, "pass": 0.25134372852545317}, "value": 0.5332800149917603}}
{"step": {"step": 64, "player_id": 2, "played": ["♦4", "♣4"], "field_after": ["♦4", "♣4"], "reset_reason": null, "policy": {"♣3": 0.062492710345846775, "♠4": 0.05080099800698446, "♣4": 0.05304400331031179, "♥4": 0.05511790915578505, "♦4": 0.05499082691976888, "♣8": 0.06243119950159457, "♥8": 0.04753918134011605, "♠4|♣4": 0.05416937986879406, "♥4|♠4": 0.05688025976487226, "♦4|♠4": 0.048782315778898695, "♥4|♣4": 0.04172074895060997, "♦4|♣4": 0.05525149270026157, "♥4|♦4": 0.046652598875558844, "♥8|♣8": 0.06041002563923622, "♥4|♠4|♣4": 0.049191275578803165, "♦4|♠4|♣4": 0.044192359092568766, "♥4|♦4|♠4": 0.0647541320941925, "♥4|♦4|♣4": 0.04625280852867346, "♥4|♦4|♠4|♣4": 0.045325774547122596}, "value": 0.5373069047927856}}
{"step": {"step": 65, "player_id": 3, "played": null, "field_after": ["♦4", "♣4"], "reset_reason": null, "policy": {"pass": 1.0}, "value": 0.4743442237377167}}
{"step": {"step": 66, "player_id": 0, "played": null, "field_after": [], "reset_reason": "all_pass", "policy": {"pass": 1.0}, "value": 0.4531552195549011}}
{"step": {"step": 67, "player_id": 2, "played": ["♣8"], "field_after": [], "reset_reason": "eight_cut", "policy": {"♣3": 0.163962357850066, "♠4": 0.12862111090782521, "♥4": 0.14102456960660908, "♣8": 0.1432295050655678, "♥8": 0.13599253075197346, "♥4|♠4": 0.16322131285537075, "♥8|♣8": 0.12394861296258777}, "value": 0.5423374176025391}}
{"step": {"step": 68, "player_id": 2, "played": ["♠4"], "field_after": ["♠4"], "reset_reason": null, "policy": {"♣3": 0.23358123732664046, "♠4": 0.18197268123288177, "♥4": 0.20176372876301532, "♥8": 0.19626914827534359, "♥4|♠4": 0.18641320440211878}, "value": 0.5366553664207458}}
{"step": {"step": 69, "player_id": 3, "played": ["♦7"], "field_after": ["♦7"], "reset_reason": null, "policy": {"♦7": 0.3534338277469282, "♣9": 0.3127417487747304, "pass": 0.3338244234783415}, "value": 0.45753735303878784}}
{"step": {"step": 70, "player_id": 0, "played": ["♥9"], "field_after": ["♥9"], "reset_reason": null, "policy": {"♥9": 0.5182809731298502, "pass": 0.4817190268701499}, "value": 0.452043741941452}}
{"step": {"step": 71, "player_id": 2, "played": null, "field_after": ["♥9"], "reset_reason": null, "policy": {"pass": 1.0}, "value": 0.5381309390068054}}
{"step": {"step": 72, "player_id": 3, "played": null, "field_after": [], "reset_reason": "all_pass", "policy": {"pass": 1.0}, "value": 0.46927720308303833}}
{"step": {"step": 73, "player_id": 0, "played": ["♠7"], "field_after": ["♠7"], "reset_reason": null, "policy": {"♦6": 0.5534904665722602, "♠7": 0.44650953342773986}, "value": 0.44893911480903625}}
{"step": {"step": 74, "player_id": 2, "played": ["♥8"], "field_after": [], "reset_reason": "eight_cut", "policy": {"♥8": 0.5407830853110842, "pass": 0.45921691468891584}, "value": 0.5402668118476868}}
{"step": {"step": 75, "player_id": 2, "played": ["♣3"], "field_after": ["♣3"], "reset_reason": null, "policy": {"♣3": 0.5540314181243545, "♥4": 0.44596858187564536}, "value": 0.5383023023605347}}
{"step": {"step": 76, "player_id": 3, "played": ["♣9"], "field_after": ["♣9"], "reset_reason": null, "policy": {"♣9": 0.5391893451241018, "pass": 0.4608106548758983}, "value": 0.4668470323085785}}
{"step": {"step": 77, "player_id": 0, "played": null, "field_after": ["♣9"], "reset_reason": null, "policy": {"pass": 1.0}, "value": 0.43309998512268066}}
{"step": {"step": 78, "player_id": 2, "played": null, "field_after": [], "reset_reason": "all_pass", "policy": {"pass": 1.0}, "value": 0.5537096858024597}}
{"step": {"step": 79, "player_id": 3, "played": null, "field_after": [], "reset_reason": null, "policy": {}, "value": 1.0}}
{"step": {"step": 80, "player_id": 0, "played": ["♦6"], "field_after": ["♦6"], "reset_reason": null, "policy": {"♦6": 1.0}, "value": 0.44679075479507446}}
{"episode_end": {"episode": 4, "ended": true}}
{"episode_summary": {"episode": 5, "seed": 12350, "ended": true, "steps_count": 80, "winner": 1}}
{"initial_hands": [["♥4", "♥3", "♦Q", "♦6", "♠7", "♣7", "♦2", "♠3", "♥7", "♦4", "♥6", "♠A", "♣6", "♦3"], ["♠Q", "♦8", "♣8", "♥K", "♣Q", "♠2", "♦9", "♦K", "♠8", "♣9", "♣2", "♦A", "♥Q"], ["♠5", "♣J", "♣10", "♦7", "♣4", "♦J", "♠4", "♠J", "♦5", "♣3", "♥J", "♥5", "♣5"], ["♥A", "♠9", "♥10", "♠K", "♣A", "♥8", "♣K", "♥2", "♦10", "♠10", "♥9", "♠6", "JOKER"]]}
{"step": {"step": 1, "player_id": 0, "played": ["♣7", "♥7"], "field_after": ["♣7", "♥7"], "reset_reason": null, "policy": {"♠3": 0.04445713083449957, "♥3": 0.0383571094957679, "♦3": 0.03660501441563411, "♥4": 0.03804031618556999, "♦4": 0.03545721014146453, "♣6": 0.04787291026704195, "♥6": 0.031863236181170436, "♦6": 0.03835355066557509, "♠7": 0.046489464277929514, "♣7": 0.033187617482156914, "♥7": 0.028606614472506973, "♦2": 0.037193142183203125, "♥3|♠3": 0.032473685979166673, "♠3|♦3": 0.046896640914624754, "♥3|♦3": 0.03723837317620834, "♥4|♦4": 0.03360997066731143, "♥6|♣6": 0.04885569666429376, "♦6|♣6": 0.03474074119003754, "♦6|♥6": 0.033525290916124655, "♠7|♣7": 0.030784422851643057, "♠7|♥7": 0.04290610858085204, "♣7|♥7": 0.02730891213164157, "♥3|♠3|♦3": 0.02711848193145486, "♦6|♥6|♣6": 0.04148210968616851, "♠7|♣7|♥7": 0.03675100676286312, "♠A": 0.027553228985530056, "♦Q": 0.042272012959559756}, "value": 0.45951756834983826}}
{"step": {"step": 2, "player_id": 1, "played": ["♣Q", "♥Q"], "field_after": ["♣Q", "♥Q"], "reset_reason": null, "policy": {"♣8|♠8": 0.11319885466743661, "♦8|♠8": 0.10030947770158331, "♦8|♣8": 0.10767537649936255, "♦9|♣9": 0.10040355473563722, "♠2|♣2": 0.09528881242305738, "♠Q|♣Q": 0.12023375784422219, "♠Q|♥Q": 0.07796943638691968, "♣Q|♥Q": 0.09536425265802073, "♥K|♦K": 0.10350483372947081, "pass": 0.08605164335428966}, "value": 0.48102155327796936}}
{"step": {"step": 3, "player_id": 2, "played": null, "field_after": ["♣Q", "♥Q"], "reset_reason": null, "policy": {"pass": 1.0}, "value": 0.5448861718177795}}
{"step": {"step": 4, "player_id": 3, "played": ["♣K", "JOKER(♥2)"], "field_after": ["♣K", "JOKER(♥2)"], "reset_reason": null, "policy": {"♥2|JOKER(♥2)": 0.12786382762983559, "♠K|JOKER(♥2)": 0.12799747842897297, "♣A|JOKER(♥2)": 0.1366514683550498, "♣K|JOKER(♥2)": 0.1258976417317045, "♥A|JOKER(♥2)": 0.10099436605647787, "♠K|♣K": 0.15051721951021582, "♥A|♣A": 0.11727497107922796, "pass": 0.11280302720851546}, "value": 0.45447811484336853}}
{"step": {"step": 5, "player_id": 0, "played": null, "field_after": ["♣K", "JOKER(♥2)"], "reset_reason": null, "policy": {"pass": 1.0}, "value": 0.4447405934333801}}
{"step": {"step": 6, "player_id": 1, "played": ["♠2", "♣2"], "field_after": ["♠2", "♣2"], "reset_reason": null, "policy": {"♠2|♣2": 0.5101237540750536, "pass": 0.48987624592494644}, "value": 0.48515504598617554}}
{"step": {"step": 7, "player_id": 2, "played": null, "field_after": ["♠2", "♣2"], "reset_reason": null, "policy": {"pass": 1.0}, "value": 0.5487848520278931}}
{"step": {"step": 8, "player_id": 3, "played": null, "field_after": ["♠2", "♣2"], "reset_reason": null, "policy": {"pass": 1.0}, "value": 0.4702502489089966}}
{"step": {"step": 9, "player_id": 0, "played": null, "field_after": [], "reset_reason": "all_pass", "policy": {"pass": 1.0}, "value": 0.44541969895362854}}
{"step": {"step": 10, "player_id": 1, "played": ["♦8", "♣8", "♠8"], "field_after": [], "reset_reason": "eight_cut", "policy": {"♠8": 0.07652390642580388, "♣8": 0.06941666788596566, "♦8": 0.0669185524114469, "♣9": 0.06907297511506424, "♦9": 0.0647271076061599, "♣8|♠8": 0.08597567921382107, "♦8|♠8": 0.0554855357000505, "♦8|♣8": 0.06208468186352857, "♦9|♣9": 0.07707038611701808, "♥K|♦K": 0.058523189494149176, "♦8|♣8|♠8": 0.05415636993940279, "♠Q": 0.06634279593884347, "♥K": 0.055039491023614134, "♦A": 0.07395471537608433, "♦K": 0.06470794588904756}, "value": 0.48882439732551575}}
{"step": {"step": 11, "player_id": 1, "played": ["♥K"], "field_after": ["♥K"], "reset_reason": null, "policy": {"♣9": 0.14205114553815307, "♦9": 0.1316265902226062, "♦9|♣9": 0.1255971239863684, "♥K|♦K": 0.12002062287545692, "♠Q": 0.1094881856535475, "♥K": 0.15651292784000034, "♦A": 0.10001516936443833, "♦K": 0.11468823451942925}, "value": 0.4882451295852661}}
{"step": {"step": 12, "player_id": 2, "played": null, "field_after": ["♥K"], "reset_reason": null, "policy": {"pass": 1.0}, "value": 0.5351123809814453}}
{"step": {"step": 13, "player_id": 3, "played": ["♥2"], "field_after": ["♥2"], "reset_reason": null, "policy": {"♥2": 0.25657914529968323, "♣A": 0.2529865313539634, "♥A": 0.26116032223466157, "pass": 0.22927400111169183}, "value": 0.47227218747138977}}
{"step": {"step": 14, "player_id": 0, "played": null, "field_after": ["♥2"], "reset_reason": null, "policy": {"pass": 1.0}, "value": 0.4443485736846924}}
{"step": {"step": 15, "player_id": 1, "played": null, "field_after": ["♥2"], "reset_reason": null, "policy": {"pass": 1.0}, "value": 0.48469865322113037}}
{"step": {"step": 16, "player_id": 2, "played": null, "field_after": [], "reset_reason": "all_pass", "policy": {"pass": 1.0}, "value": 0.546784520149231}}
{"step": {"step": 17, "player_id": 3, "played": ["♥A", "♣A"], "field_after": ["♥A", "♣A"], "reset_reason": null, "policy": {"♠6": 0.06678769263895862, "♥8": 0.06290501273762145, "♠9": 0.06188795996132615, "♥9": 0.05753164563624761, "♠10": 0.045738580569168026, "♥10": 0.0770003658998916, "♦10": 0.05760472150603593, "♠9|♥9": 0.054575551698912775, "♥10|♠10": 0.06860606154898427, "♦10|♠10": 0.05296066089009884, "♥10|♦10": 0.0478033046944135, "♥A|♣A": 0.059751230229504786, "♥10|♦10|♠10": 0.05317298684852955, "♥8|♥9|♥10": 0.06248363705461455, "♠K": 0.055047296631788964, "♣A": 0.05018046829146294, "♥A": 0.06596282316244059}, "value": 0.47182947397232056}}
{"step": {"step": 18, "player_id": 0, "played": null, "field_after": ["♥A", "♣A"], "reset_reason": null, "policy": {"pass": 1.0}, "value": 0.4517694115638733}}
{"step": {"step": 19, "player_id": 1, "played": null, "field_after": ["♥A", "♣A"], "reset_reason": null, "policy": {"pass": 1.0}, "value": 0.48616456985473633}}
{"step": {"step": 20, "player_id": 2, "played": null, "field_after": [], "reset_reason": "all_pass", "policy": {"pass": 1.0}, "value": 0.5358678102493286}}
{"step": {"step": 21, "player_id": 3, "played": ["♥10", "♦10", "♠10"], "field_after": ["♥10", "♦10", "♠10"], "reset_reason": null, "policy": {"♠6": 0.08073629165970699, "♥8": 0.07180900395962496, "♠9": 0.07177243591290312, "♥9": 0.07147067009679979, "♠10": 0.05857741321324785, "♥10": 0.09368086339424217, "♦10": 0.06908529948031637, "♠9|♥9": 0.06856374599592462, "♥10|♠10": 0.08326583551797889, "♦10|♠10": 0.06270028228217063, "♥10|♦10": 0.057279711923658265, "♥10|♦10|♠10": 0.0719373890738959, "♥8|♥9|♥10": 0.06442960035780919, "♠K": 0.07469145713172119}, "value": 0.46302103996276855}}
{"step": {"step": 22, "player_id": 0, "played": null, "field_after": ["♥10", "♦10", "♠10"], "reset_reason": null, "policy": {"pass": 1.0}, "value": 0.43725451827049255}}
{"step": {"step": 23, "player_id": 1, "played": null, "field_after": ["♥10", "♦10", "♠10"], "reset_reason": null, "policy": {"pass": 1.0}, "value": 0.511730432510376}}
{"step": {"step": 24, "player_id": 2, "played": ["♣J", "♦J", "♠J"], "field_after": ["♣J", "♦J", "♠J"], "reset_reason": null, "policy": {"♣J|♠J|♥J": 0.20481191781319158, "♣J|♦J|♠J": 0.19702030415845348, "♦J|♠J|♥J": 0.18818010837850377, "♣J|♦J|♥J": 0.20222284845930336, "pass": 0.20776482119054773}, "value": 0.5346274971961975}}
{"step": {"step": 25, "player_id": 3, "played": null, "field_after": ["♣J", "♦J", "♠J"], "reset_reason": null, "policy": {"pass": 1.0}, "value": 0.46285998821258545}}
{"step": {"step": 26, "player_id": 0, "played": null, "field_after": ["♣J", "♦J", "♠J"], "reset_reason": null, "policy": {"pass": 1.0}, "value": 0.46965575218200684}}
{"step": {"step": 27, "player_id": 1, "played": null, "field_after": [], "reset_reason": "all_pass", "policy": {"pass": 1.0}, "value": 0.4592018723487854}}
{"step": {"step": 28, "player_id": 2, "played": ["♠5", "♣5"], "field_after": ["♠5", "♣5"], "reset_reason": null, "policy": {"♣3": 0.050490338302936956, "♠4": 0.04562816807349097, "♣4": 0.0447636357712962, "♠5": 0.043703001151593104, "♣5": 0.04671985103975492, "♥5": 0.05665629714124797, "♦5": 0.036896145968284805, "♦7": 0.04405928671769974, "♣10": 0.05155302783719423, "♣4|♠4": 0.04301603769285941, "♠5|♣5": 0.03860297296372196, "♠5|♥5": 0.045971217160976435, "♠5|♦5": 0.03619107334085547, "♥5|♣5": 0.050760522560931, "♦5|♣5": 0.04340966719159094, "♦5|♥5": 0.03833831374325247, "♠5|♥5|♣5": 0.051497738657854, "♠5|♦5|♣5": 0.03946327391439172, "♠5|♦5|♥5": 0.037935349667614075, "♦5|♥5|♣5": 0.034761245840489834, "♠5|♦5|♥5|♣5": 0.05314192552613208, "♣3|♣4|♣5": 0.032971180141674494, "♥J": 0.0334697295941572}, "value": 0.5413663983345032}}
{"step": {"step": 29, "player_id": 3, "played": ["♠9", "♥9"], "field_after": ["♠9", "♥9"], "reset_reason": null, "policy": {"♠9|♥9": 0.5354412041883774, "pass": 0.4645587958116226}, "value": 0.46355682611465454}}
{"step": {"step": 30, "player_id": 0, "played": null, "field_after": ["♠9", "♥9"], "reset_reason": null, "policy": {"pass": 1.0}, "value": 0.45564550161361694}}
{"step": {"step": 31, "player_id": 1, "played": null, "field_after": ["♠9", "♥9"], "reset_reason": null, "policy": {"pass": 1.0}, "value": 0.4854089915752411}}
{"step": {"step": 32, "player_id": 2, "played": null, "field_after": [], "reset_reason": "all_pass", "policy": {"pass": 1.0}, "value": 0.551927924156189}}
{"step": {"step": 33, "player_id": 3, "played": ["♠K"], "field_after": ["♠K"], "reset_reason": null, "policy": {"♠6": 0.36500522526446083, "♥8": 0.31090135607971964, "♠K": 0.3240934186558195}, "value": 0.4645882248878479}}
{"step": {"step": 34, "player_id": 0, "played": ["♦2"], "field_after": ["♦2"], "reset_reason": null, "policy": {"♦2": 0.36464496831645005, "♠A": 0.3045059372942206, "pass": 0.3308490943893293}, "value": 0.43549078702926636}}
{"step": {"step": 35, "player_id": 1, "played": null, "field_after": ["♦2"], "reset_reason": null, "policy": {"pass": 1.0}, "value": 0.4667918384075165}}
{"step": {"step": 36, "player_id": 2, "played": null, "field_after": ["♦2"], "reset_reason": null, "policy": {"pass": 1.0}, "value": 0.5669646263122559}}
{"step": {"step": 37, "player_id": 3, "played": null, "field_after": [], "reset_reason": "all_pass", "policy": {"pass": 1.0}, "value": 0.468946248292923}}
{"step": {"step": 38, "player_id": 0, "played": ["♥4"], "field_after": ["♥4"], "reset_reason": null, "policy": {"♠3": 0.06080498397980348, "♥3": 0.04827236873748102, "♦3": 0.050869364949849914, "♥4": 0.051795677842141896, "♦4": 0.04971105549347353, "♣6": 0.061966614966994855, "♥6": 0.04460826720829903, "♦6": 0.049203923881591755, "♠7": 0.05801174541949338, "♥3|♠3": 0.04456830450754504, "♠3|♦3": 0.04158273865483983, "♥3|♦3": 0.05241288973819063, "♥4|♦4": 0.04316536369227205, "♥6|♣6": 0.05907914712781083, "♦6|♣6": 0.04949470202304682, "♦6|♥6": 0.04199305511655834, "♥3|♠3|♦3": 0.06268753283465688, "♦6|♥6|♣6": 0.04551640598486501, "♠A": 0.041644206211970486, "♦Q": 0.04261165162911534}, "value": 0.46404895186424255}}
{"step": {"step": 39, "player_id": 1, "played": ["♣9"], "field_after": ["♣9"], "reset_reason": null, "policy": {"♣9": 0.17742298253610642, "♦9": 0.16837306770984245, "♠Q": 0.16155880528246594, "♦A": 0.1491380282357893, "♦K": 0.14064161213267343, "pass": 0.20286550410312257}, "value": 0.47696003317832947}}
{"step": {"step": 40, "player_id": 2, "played": ["♣10"], "field_after": ["♣10"], "reset_reason": null, "policy": {"♣10": 0.358160488599453, "♥J": 0.30201346915420935, "pass": 0.3398260422463377}, "value": 0.551535964012146}}
{"step": {"step": 41, "player_id": 3, "played": null, "field_after": ["♣10"], "reset_reason": null, "policy": {"pass": 1.0}, "value": 0.4637739658355713}}
{"step": {"step": 42, "player_id": 0, "played": ["♦Q"], "field_after": ["♦Q"], "reset_reason": null, "policy": {"♠A": 0.3493486087099644, "♦Q": 0.3126220093638413, "pass": 0.3380293819261941}, "value": 0.45805448293685913}}
{"step": {"step": 43, "player_id": 1, "played": ["♦K"], "field_after": ["♦K"], "reset_reason": null, "policy": {"♦A": 0.3457194125708172, "♦K": 0.32618767367977725, "pass": 0.32809291374940547}, "value": 0.4883951246738434}}
{"step": {"step": 44, "player_id": 2, "played": null, "field_after": ["♦K"], "reset_reason": null, "policy": {"pass": 1.0}, "value": 0.5393936038017273}}
{"step": {"step": 45, "player_id": 3, "played": null, "field_after": ["♦K"], "reset_reason": null, "policy": {"pass": 1.0}, "value": 0.4628194570541382}}
{"step": {"step": 46, "player_id": 0, "played": ["♠A"], "field_after": ["♠A"], "reset_reason": null, "policy": {"♠A": 0.5170258341730288, "pass": 0.48297416582697117}, "value": 0.44675472378730774}}
{"step": {"step": 47, "player_id": 1, "played": null, "field_after": ["♠A"], "reset_reason": null, "policy": {"pass": 1.0}, "value": 0.47888585925102234}}
{"step": {"step": 48, "player_id": 2, "played": null, "field_after": ["♠A"], "reset_reason": null, "policy": {"pass": 1.0}, "value": 0.5553408861160278}}
{"step": {"step": 49, "player_id": 3, "played": null, "field_after": [], "reset_reason": "all_pass", "policy": {"pass": 1.0}, "value": 0.45862334966659546}}
{"step": {"step": 50, "player_id": 0, "played": ["♦6", "♥6", "♣6"], "field_after": ["♦6", "♥6", "♣6"], "reset_reason": null, "policy": {"♠3": 0.07320551692606395, "♥3": 0.060542978426312725, "♦3": 0.06176820749115386, "♦4": 0.062183577504597264, "♣6": 0.05945458863796585, "♥6": 0.07965732008554645, "♦6": 0.055261282229568304, "♠7": 0.06112528817699048, "♥3|♠3": 0.07077601748361843, "♠3|♦3": 0.05552209923019051, "♥3|♦3": 0.05270556398144367, "♥6|♣6": 0.06646253478484725, "♦6|♣6": 0.055058738391420725, "♦6|♥6": 0.07373388580540263, "♥3|♠3|♦3": 0.06043733617332821, "♦6|♥6|♣6": 0.05210506467154978}, "value": 0.4683919847011566}}
{"step": {"step": 51, "player_id": 1, "played": null, "field_after": ["♦6", "♥6", "♣6"], "reset_reason": null, "policy": {"pass": 1.0}, "value": 0.4821431338787079}}
{"step": {"step": 52, "player_id": 2, "played": null, "field_after": ["♦6", "♥6", "♣6"], "reset_reason": null, "policy": {"pass": 1.0}, "value": 0.5438868403434753}}
{"step": {"step": 53, "player_id": 3, "played": null, "field_after": [], "reset_reason": "all_pass", "policy": {"pass": 1.0}, "value": 0.4537772536277771}}
{"step": {"step": 54, "player_id": 0, "played": ["♥3"], "field_after": ["♥3"], "reset_reason": null, "policy": {"♠3": 0.12539643953397375, "♥3": 0.10468665596076111, "♦3": 0.10237322796719454, "♦4": 0.10303429477718039, "♠7": 0.09920554702928626, "♥3|♠3": 0.14260388394071294, "♠3|♦3": 0.09211267708254749, "♥3|♦3": 0.10709521014103152, "♥3|♠3|♦3": 0.12349206356731195}, "value": 0.4597216844558716}}
{"step": {"step": 55, "player_id": 1, "played": ["♦A"], "field_after": ["♦A"], "reset_reason": null, "policy": {"♦9": 0.2674299332676714, "♠Q": 0.2545492186235051, "♦A": 0.2548332851744929, "pass": 0.22318756293433065}, "value": 0.46909016370773315}}
{"step": {"step": 56, "player_id": 2, "played": null, "field_after": ["♦A"], "reset_reason": null, "policy": {"pass": 1.0}, "value": 0.5532413721084595}}
{"step": {"step": 57, "player_id": 3, "played": null, "field_after": ["♦A"], "reset_reason": null, "policy": {"pass": 1.0}, "value": 0.4632423222064972}}
{"step": {"step": 58, "player_id": 0, "played": null, "field_after": [], "reset_reason": "all_pass", "policy": {"pass": 1.0}, "value": 0.4364737868309021}}
{"step": {"step": 59, "player_id": 1, "played": ["♦9"], "field_after": ["♦9"], "reset_reason": null, "policy": {"♦9": 0.5365114754217505, "♠Q": 0.4634885245782495}, "value": 0.4885386824607849}}
{"step": {"step": 60, "player_id": 2, "played": ["♥J"], "field_after": ["♥J"], "reset_reason": null, "policy": {"♥J": 0.5334751579160515, "pass": 0.46652484208394857}, "value": 0.5558282732963562}}
{"step": {"step": 61, "player_id": 3, "played": null, "field_after": ["♥J"], "reset_reason": null, "policy": {"pass": 1.0}, "value": 0.46375441551208496}}
{"step": {"step": 62, "player_id": 0, "played": null, "field_after": ["♥J"], "reset_reason": null, "policy": {"pass": 1.0}, "value": 0.4597500264644623}}
{"step": {"step": 63, "player_id": 1, "played": ["♠Q"], "field_after": ["♠Q"], "reset_reason": null, "policy": {"♠Q": 0.5426161875784635, "pass": 0.4573838124215364}, "value": 0.44255533814430237}}
{"step": {"step": 64, "player_id": 2, "played": null, "field_after": ["♠Q"], "reset_reason": null, "policy": {"pass": 1.0}, "value": 0.5446757078170776}}
{"step": {"step": 65, "player_id": 3, "played": null, "field_after": ["♠Q"], "reset_reason": null, "policy": {"pass": 1.0}, "value": 0.463459312915802}}
{"step": {"step": 66, "player_id": 0, "played": null, "field_after": [], "reset_reason": "all_pass", "policy": {"pass": 1.0}, "value": 0.4543897807598114}}
{"step": {"step": 67, "player_id": 1, "played": null, "field_after": [], "reset_reason": null, "policy": {}, "value": 1.0}}
{"step": {"step": 68, "player_id": 2, "played": ["♦5"], "field_after": ["♦5"], "reset_reason": null, "policy": {"♣3": 0.14866201675293517, "♠4": 0.11708105952630168, "♣4": 0.12349287776982672, "♥5": 0.11641616012471949, "♦5": 0.11797812754449336, "♦7": 0.15043754575775972, "♣4|♠4": 0.1061071904837711, "♦5|♥5": 0.11982502204019288}, "value": 0.5403550267219543}}
{"step": {"step": 69, "player_id": 3, "played": ["♠6"], "field_after": ["♠6"], "reset_reason": null, "policy": {"♠6": 0.3631002521190504, "♥8": 0.3044409525939094, "pass": 0.3324587952870402}, "value": 0.45976901054382324}}
{"step": {"step": 70, "player_id": 0, "played": ["♠7"], "field_after": ["♠7"], "reset_reason": null, "policy": {"♠7": 0.5259501702194095, "pass": 0.47404982978059057}, "value": 0.44110146164894104}}
{"step": {"step": 71, "player_id": 2, "played": null, "field_after": ["♠7"], "reset_reason": null, "policy": {"pass": 1.0}, "value": 0.5398384928703308}}
{"step": {"step": 72, "player_id": 3, "played": ["♥8"], "field_after": [], "reset_reason": "eight_cut", "policy": {"♥8": 0.5319367107585946, "pass": 0.46806328924140544}, "value": 0.471004456281662}}
{"step": {"step": 73, "player_id": 3, "played": null, "field_after": [], "reset_reason": null, "policy": {}, "value": 1.0}}
{"step": {"step": 74, "player_id": 0, "played": ["♠3", "♦3"], "field_after": ["♠3", "♦3"], "reset_reason": null, "policy": {"♠3": 0.2872448365809262, "♦3": 0.23900878695106864, "♦4": 0.2322595713528106, "♠3|♦3": 0.24148680511519469}, "value": 0.4552948772907257}}
{"step": {"step": 75, "player_id": 2, "played": ["♣4", "♠4"], "field_after": ["♣4", "♠4"], "reset_reason": null, "policy": {"♣4|♠4": 0.5527344475338073, "pass": 0.44726555246619276}, "value": 0.5448724031448364}}
{"step": {"step": 76, "player_id": 0, "played": null, "field_after": [], "reset_reason": "all_pass", "policy": {"pass": 1.0}, "value": 0.449485182762146}}
{"step": {"step": 77, "player_id": 2, "played": ["♥5"], "field_after": ["♥5"], "reset_reason": null, "policy": {"♣3": 0.37916001378059955, "♥5": 0.30064197272700277, "♦7": 0.3201980134923976}, "value": 0.5460093021392822}}
{"step": {"step": 78, "player_id": 0, "played": null, "field_after": [], "reset_reason": "all_pass", "policy": {"pass": 1.0}, "value": 0.4469614326953888}}
{"step": {"step": 79, "player_id": 2, "played": ["♣3"], "field_after": ["♣3"], "reset_reason": null, "policy": {"♣3": 0.550312446767618, "♦7": 0.4496875532323819}, "value": 0.542494535446167}}
{"step": {"step": 80, "player_id": 0, "played": ["♦4"], "field_after": ["♦4"], "reset_reason": null, "policy": {"♦4": 0.5206934117229876, "pass": 0.4793065882770124}, "value": 0.4494876265525818}}
{"episode_end": {"episode": 5, "ended": true}}
{"episode_summary": {"episode": 6, "seed": 12351, "ended": true, "steps_count": 96, "winner": 2}}
{"initial_hands": [["♠J", "♠3", "♥3", "♠Q", "♦9", "♣Q", "♦6", "♣5", "♠10", "♠8", "♥A", "♥2", "♣A", "♦3"], ["♠7", "JOKER(♥2)", "♣9", "♦Q", "♣7", "♥8", "♣J", "♦8", "♥10", "♦7", "♣10", "♣2", "♦A"], ["♥K", "♥9", "♣3", "♠4", "♠K", "♣K", "♥4", "♥5", "♥6", "♥Q", "♥7", "♣4", "♠5"], ["♠6", "♦4", "♦10", "♥J", "♠9", "♣6", "♠A", "♣8", "♦J", "♦2", "♦K", "♦5", "♠2"]]}
{"step": {"step": 1, "player_id": 0, "played": ["♥3"], "field_after": ["♥3"], "reset_reason": null, "policy": {"♠3": 0.057673104406360566, "♥3": 0.04783343328759202, "♦3": 0.04942619847558094, "♣5": 0.04943874187330507, "♦6": 0.04671719037044121, "♠8": 0.061164542038654394, "♦9": 0.04183564809601444, "♠10": 0.04883236695317138, "♥2": 0.05338053155653988, "♠3|♥3": 0.04141697539408194, "♠3|♦3": 0.03935735458964373, "♥3|♦3": 0.04502440730894911, "♠Q|♣Q": 0.041357206709297815, "♥A|♣A": 0.053912911362450334, "♠3|♥3|♦3": 0.04510923722512695, "♠10|♠J|♠Q": 0.04122339623620393, "♠J": 0.05852255957696608, "♠Q": 0.04092957780833425, "♣A": 0.04008354669802589, "♣Q": 0.03896976965038844, "♥A": 0.057791300382871565}, "value": 0.44119787216186523}}
{"step": {"step": 2, "player_id": 1, "played": ["♦7"], "field_after": ["♦7"], "reset_reason": null, "policy": {"♠7": 0.09046575720084565, "♣7": 0.08011212022335755, "♦7": 0.0754112690323693, "♥8": 0.07864610769005506, "♦8": 0.06793656252749906, "♣9": 0.10335883983752019, "♣10": 0.06654191525363533, "♥10": 0.07720003086785412, "♣2": 0.08710979896138739, "♣J": 0.07062667866061412, "♦A": 0.059255448388278016, "♦Q": 0.07947117994075067, "pass": 0.06386429141583376}, "value": 0.4740593433380127}}
{"step": {"step": 3, "player_id": 2, "played": ["♠K"], "field_after": ["♠K"], "reset_reason": null, "policy": {"♥9": 0.17667602511362568, "♠K": 0.1539071865966842, "♣K": 0.1721727233732819, "♥K": 0.16375171524808838, "♥Q": 0.15351565653600158, "pass": 0.17997669313231834}, "value": 0.5124863386154175}}
{"step": {"step": 4, "player_id": 3, "played": ["♠2"], "field_after": ["♠2"], "reset_reason": null, "policy": {"♠2": 0.2650351511889966, "♦2": 0.22450115960287506, "♠A": 0.2453770100318814, "pass": 0.265086679176247}, "value": 0.4619813859462738}}
{"step": {"step": 5, "player_id": 0, "played": null, "field_after": ["♠2"], "reset_reason": null, "policy": {"pass": 1.0}, "value": 0.42779263854026794}}
{"step": {"step": 6, "player_id": 1, "played": null, "field_after": ["♠2"], "reset_reason": null, "policy": {"pass": 1.0}, "value": 0.4644000232219696}}
{"step": {"step": 7, "player_id": 2, "played": null, "field_after": [], "reset_reason": "all_pass", "policy": {"pass": 1.0}, "value": 0.5289860367774963}}
{"step": {"step": 8, "player_id": 3, "played": ["♠6"], "field_after": ["♠6"], "reset_reason": null, "policy": {"♦4": 0.0801266677993534, "♦5": 0.06584657141329849, "♠6": 0.06808907850585101, "♣6": 0.07554290733566033, "♣8": 0.06922551592741504, "♠9": 0.08742324002288, "♦10": 0.0632068607082752, "♦2": 0.06934430227085296, "♠6|♣6": 0.07821879769650131, "♥J|♦J": 0.06418078240137529, "♠A": 0.05945461747494145, "♥J": 0.07190547950612579, "♦J": 0.06085800704246887, "♦K": 0.08657717189500083}, "value": 0.47274911403656006}}
{"step": {"step": 9, "player_id": 0, "played": ["♦9"], "field_after": ["♦9"], "reset_reason": null, "policy": {"♠8": 0.11464156116908034, "♦9": 0.09679390134957518, "♠10": 0.10410525157074998, "♥2": 0.10227192460757682, "♠J": 0.09151124064922296, "♠Q": 0.121708444587119, "♣A": 0.08394545169414397, "♣Q": 0.10462773874441791, "♥A": 0.10225550285874976, "pass": 0.07813898276936418}, "value": 0.4362792372703552}}
{"step": {"step": 10, "player_id": 1, "played": ["♦Q"], "field_after": ["♦Q"], "reset_reason": null, "policy": {"♣10": 0.16906200894615414, "♥10": 0.13848045340808468, "♣2": 0.13004030838041727, "♣J": 0.13452086882014197, "♦A": 0.12936293362248222, "♦Q": 0.1866542688717211, "pass": 0.1118791579509986}, "value": 0.4664500057697296}}
{"step": {"step": 11, "player_id": 2, "played": ["♣K"], "field_after": ["♣K"], "reset_reason": null, "policy": {"♣K": 0.3584590891684508, "♥K": 0.29488265683721177, "pass": 0.3466582539943374}, "value": 0.5194523930549622}}
{"step": {"step": 12, "player_id": 3, "played": ["♠A"], "field_after": ["♠A"], "reset_reason": null, "policy": {"♦2": 0.3503974638377164, "♠A": 0.32183891913184837, "pass": 0.32776361703043516}, "value": 0.4639092683792114}}
{"step": {"step": 13, "player_id": 0, "played": ["♥2"], "field_after": ["♥2"], "reset_reason": null, "policy": {"♥2": 0.5139402949932432, "pass": 0.48605970500675677}, "value": 0.4342765212059021}}
{"step": {"step": 14, "player_id": 1, "played": null, "field_after": ["♥2"], "reset_reason": null, "policy": {"pass": 1.0}, "value": 0.47268450260162354}}
{"step": {"step": 15, "player_id": 2, "played": null, "field_after": ["♥2"], "reset_reason": null, "policy": {"pass": 1.0}, "value": 0.5368832945823669}}
{"step": {"step": 16, "player_id": 3, "played": null, "field_after": [], "reset_reason": "all_pass", "policy": {"pass": 1.0}, "value": 0.4746118187904358}}
{"step": {"step": 17, "player_id": 0, "played": ["♣5"], "field_after": ["♣5"], "reset_reason": null, "policy": {"♠3": 0.07945248491209665, "♦3": 0.06498271976702405, "♣5": 0.06611386630082423, "♦6": 0.06800658552947612, "♠8": 0.06256157566751643, "♠10": 0.08400501780843132, "♠3|♦3": 0.05936717598506835, "♠Q|♣Q": 0.06614608451523844, "♥A|♣A": 0.07440305319782202, "♠10|♠J|♠Q": 0.05662484674835275, "♠J": 0.05388080891990171, "♠Q": 0.06328237366159473, "♣A": 0.057804407502460214, "♣Q": 0.07777215313733712, "♥A": 0.06559684634685599}, "value": 0.44767579436302185}}
{"step": {"step": 18, "player_id": 1, "played": ["♦8"], "field_after": [], "reset_reason": "eight_cut", "policy": {"♠7": 0.10423203926377414, "♣7": 0.09257411904664684, "♥8": 0.09694967693334133, "♦8": 0.08751855318147457, "♣9": 0.08946247246591069, "♣10": 0.11274457568849076, "♥10": 0.07312903600377797, "♣2": 0.08946151847508606, "♣J": 0.09994566567700253, "♦A": 0.08343381030344857, "pass": 0.07054853296104649}, "value": 0.48983749747276306}}
{"step": {"step": 19, "player_id": 1, "played": ["♣7", "JOKER(♥2)", "♣9", "♣10", "♣J"], "field_after": ["♣7", "JOKER(♣8)", "♣9", "♣10", "♣J"], "reset_reason": null, "policy": {"♠7": 0.040944591711020495, "♣7": 0.036437919570723114, "♥8": 0.033818477812590376, "♣9": 0.03340843623312049, "♣10": 0.030785300346876862, "♥10": 0.04512144553016373, "♣2": 0.02733588276788866, "♠7|♣7": 0.029607431355581363, "♠7|JOKER(♥2)": 0.04089144799949451, "♣7|JOKER(♥2)": 0.029897273575747833, "♥8|JOKER(♥2)": 0.02736333839223707, "♣9|JOKER(♥2)": 0.035534136757315635, "♥10|♣10": 0.027051355706883256, "♣10|JOKER(♥2)": 0.03574928481754764, "♥10|JOKER(♥2)": 0.033543983196282295, "♣2|JOKER(♥2)": 0.02996209687819302, "♣J|JOKER(♥2)": 0.038189782011393315, "♦A|JOKER(♥2)": 0.02784932147791165, "♠7|♣7|JOKER(♥2)": 0.0291340960061442, "♥10|♣10|JOKER(♥2)": 0.024927974919824843, "♣7|JOKER(♥2)|♣9": 0.037700744595091415, "♥8|JOKER(♥2)|♥10": 0.024624153543107853, "JOKER(♥2)|♣9|♣10": 0.023008822503122122, "♣9|♣10|♣J": 0.03594425539421353, "♣10|♣J|JOKER(♥2)": 0.036119310949881016, "♣7|JOKER(♥2)|♣9|♣10": 0.025601912357952426, "♣9|♣10|♣J|JOKER(♥2)": 0.03618176095150515, "♣7|JOKER(♥2)|♣9|♣10|♣J": 0.028474494871424887, "JOKER(♥2)": 0.026128808700835084, "♣J": 0.03343873623838452, "♦A": 0.035223422827541755}, "value": 0.47128090262413025}}
{"step": {"step": 20, "player_id": 2, "played": null, "field_after": ["♣7", "JOKER(♣8)", "♣9", "♣10", "♣J"], "reset_reason": null, "policy": {"pass": 1.0}, "value": 0.52801513671875}}
{"step": {"step": 21, "player_id": 3, "played": null, "field_after": ["♣7", "JOKER(♣8)", "♣9", "♣10", "♣J"], "reset_reason": null, "policy": {"pass": 1.0}, "value": 0.47676318883895874}}
{"step": {"step": 22, "player_id": 0, "played": null, "field_after": [], "reset_reason": "all_pass", "policy": {"pass": 1.0}, "value": 0.45962584018707275}}
{"step": {"step": 23, "player_id": 1, "played": ["♠7"], "field_after": ["♠7"], "reset_reason": null, "policy": {"♠7": 0.22502071505882323, "♥8": 0.194784660177312, "♥10": 0.2091181191712132, "♣2": 0.18911144987652348, "♦A": 0.1819650557161281}, "value": 0.48355910181999207}}
{"step": {"step": 24, "player_id": 2, "played": ["♠5"], "field_after": ["♠5"], "reset_reason": null, "policy": {"♣3": 0.13165296150130737, "♠4": 0.11458107817129466, "♣4": 0.1322007544416893, "♥4": 0.1293522124017385, "♠5": 0.12068381800789206, "♥5": 0.141097440714501, "♥6": 0.11006423802129604, "pass": 0.12036749674028119}, "value": 0.5200442671775818}}
{"step": {"step": 25, "player_id": 3, "played": ["♦4"], "field_after": ["♦4"], "reset_reason": null, "policy": {"♦4": 0.5282068347365036, "pass": 0.4717931652634963}, "value": 0.4684832692146301}}
{"step": {"step": 26, "player_id": 0, "played": ["♦3"], "field_after": ["♦3"], "reset_reason": null, "policy": {"♠3": 0.34410093818418236, "♦3": 0.3178550284589868, "pass": 0.3380440333568309}, "value": 0.43845775723457336}}
{"step": {"step": 27, "player_id": 1, "played": null, "field_after": ["♦3"], "reset_reason": null, "policy": {"pass": 1.0}, "value": 0.4715302884578705}}
{"step": {"step": 28, "player_id": 2, "played": null, "field_after": ["♦3"], "reset_reason": null, "policy": {"pass": 1.0}, "value": 0.531170666217804}}
{"step": {"step": 29, "player_id": 3, "played": null, "field_after": [], "reset_reason": "all_pass", "policy": {"pass": 1.0}, "value": 0.4655008316040039}}
{"step": {"step": 30, "player_id": 0, "played": ["♦6"], "field_after": ["♦6"], "reset_reason": null, "policy": {"♠3": 0.10000352737586472, "♦6": 0.08045048362533207, "♠8": 0.0841486699003342, "♠10": 0.08796854549476461, "♠Q|♣Q": 0.07619616111838194, "♥A|♣A": 0.10486771270870172, "♠10|♠J|♠Q": 0.07520948920505749, "♠J": 0.07877039085469896, "♠Q": 0.09378688620069203, "♣A": 0.06993634305533421, "♣Q": 0.06688718424084676, "♥A": 0.08177460621999132}, "value": 0.45155346393585205}}
{"step": {"step": 31, "player_id": 1, "played": null, "field_after": ["♦6"], "reset_reason": null, "policy": {"pass": 1.0}, "value": 0.48368483781814575}}
{"step": {"step": 32, "player_id": 2, "played": ["♣3"], "field_after": ["♣3"], "reset_reason": null, "policy": {"♣3": 0.17097156955815423, "♠4": 0.15362878671651398, "♣4": 0.17327032637563475, "♥4": 0.16749724734663451, "♥5": 0.1554724983182318, "pass": 0.17915957168483074}, "value": 0.5305367708206177}}
{"step": {"step": 33, "player_id": 3, "played": null, "field_after": ["♣3"], "reset_reason": null, "policy": {"pass": 1.0}, "value": 0.467061311006546}}
{"step": {"step": 34, "player_id": 0, "played": null, "field_after": ["♣3"], "reset_reason": null, "policy": {"pass": 1.0}, "value": 0.454988569021225}}
{"step": {"step": 35, "player_id": 1, "played": null, "field_after": [], "reset_reason": "all_pass", "policy": {"pass": 1.0}, "value": 0.4813626706600189}}
{"step": {"step": 36, "player_id": 2, "played": ["♥5"], "field_after": ["♥5"], "reset_reason": null, "policy": {"♠4": 0.07044601241932781, "♣4": 0.05879839924604925, "♥4": 0.06258760459656741, "♥5": 0.06346750428047171, "♥6": 0.0607085686714271, "♥7": 0.07581859791456286, "♥9": 0.05747768160917968, "♠4|♣4": 0.06475350420008738, "♠4|♥4": 0.0723843627812408, "♥4|♣4": 0.054164285767562555, "♠4|♥4|♣4": 0.051929155427438395, "♥4|♥5|♥6": 0.06325904346373729, "♥5|♥6|♥7": 0.05793202798873256, "♥4|♥5|♥6|♥7": 0.07393142068716557, "♥K": 0.05792342694375965, "♥Q": 0.05441840400268991}, "value": 0.5283164978027344}}
{"step": {"step": 37, "player_id": 3, "played": null, "field_after": ["♥5"], "reset_reason": null, "policy": {"pass": 1.0}, "value": 0.4562024176120758}}
{"step": {"step": 38, "player_id": 0, "played": ["♠3"], "field_after": ["♠3"], "reset_reason": null, "policy": {"♠3": 0.5151927496380801, "pass": 0.48480725036191996}, "value": 0.4553271532058716}}
{"step": {"step": 39, "player_id": 1, "played": null, "field_after": ["♠3"], "reset_reason": null, "policy": {"pass": 1.0}, "value": 0.4815172851085663}}
{"step": {"step": 40, "player_id": 2, "played": null, "field_after": ["♠3"], "reset_reason": null, "policy": {"pass": 1.0}, "value": 0.5311588048934937}}
{"step": {"step": 41, "player_id": 3, "played": null, "field_after": [], "reset_reason": "all_pass", "policy": {"pass": 1.0}, "value": 0.4693915545940399}}
{"step": {"step": 42, "player_id": 0, "played": ["♣Q"], "field_after": ["♣Q"], "reset_reason": null, "policy": {"♠8": 0.11240305866157256, "♠10": 0.09516092709383389, "♠Q|♣Q": 0.10187735893125582, "♥A|♣A": 0.10284533641999452, "♠10|♠J|♠Q": 0.09316453343249712, "♠J": 0.12162118454192289, "♠Q": 0.0879566267505241, "♣A": 0.09391060404747648, "♣Q": 0.10879784436558644, "♥A": 0.0822625257553362}, "value": 0.44407203793525696}}
{"step": {"step": 43, "player_id": 1, "played": ["♥8"], "field_after": [], "reset_reason": "eight_cut", "policy": {"♥8": 0.3313979921932189, "♥10": 0.3173430165780639, "pass": 0.35125899122871707}, "value": 0.4755305349826813}}
{"step": {"step": 44, "player_id": 1, "played": ["♦A"], "field_after": ["♦A"], "reset_reason": null, "policy": {"♥10": 0.35422698649066214, "♣2": 0.30904444099553374, "♦A": 0.33672857251380417}, "value": 0.48704296350479126}}
{"step": {"step": 45, "player_id": 2, "played": ["♣4"], "field_after": ["♣4"], "reset_reason": null, "policy": {"♠4": 0.11288399492756201, "♣4": 0.10653938461348489, "♥4": 0.11806970635412176, "♥6": 0.10694289943993221, "♥7": 0.10017155217610396, "♥9": 0.1277210574452087, "♥K": 0.10089248529471292, "♥Q": 0.10212417630579977, "pass": 0.12465474344307381}, "value": 0.5292603969573975}}
{"step": {"step": 46, "player_id": 3, "played": null, "field_after": ["♣4"], "reset_reason": null, "policy": {"pass": 1.0}, "value": 0.4727218449115753}}
{"step": {"step": 47, "player_id": 0, "played": null, "field_after": ["♣4"], "reset_reason": null, "policy": {"pass": 1.0}, "value": 0.44885674118995667}}
{"step": {"step": 48, "player_id": 1, "played": null, "field_after": [], "reset_reason": "all_pass", "policy": {"pass": 1.0}, "value": 0.49928390979766846}}
{"step": {"step": 49, "player_id": 2, "played": ["♠4", "♥4"], "field_after": ["♠4", "♥4"], "reset_reason": null, "policy": {"♠4": 0.14219670200237208, "♥4": 0.1121395277011634, "♥6": 0.1237483404246566, "♥7": 0.12268650869500639, "♥9": 0.11529159156010024, "♠4|♥4": 0.1476011911701617, "♥K": 0.1140207056738654, "♥Q": 0.12231543277267432}, "value": 0.5260434150695801}}
{"step": {"step": 50, "player_id": 3, "played": null, "field_after": ["♠4", "♥4"], "reset_reason": null, "policy": {"pass": 1.0}, "value": 0.4648852050304413}}
{"step": {"step": 51, "player_id": 0, "played": null, "field_after": ["♠4", "♥4"], "reset_reason": null, "policy": {"pass": 1.0}, "value": 0.4800255000591278}}
{"step": {"step": 52, "player_id": 1, "played": null, "field_after": [], "reset_reason": "all_pass", "policy": {"pass": 1.0}, "value": 0.48768919706344604}}
{"step": {"step": 53, "player_id": 2, "played": ["♥Q"], "field_after": ["♥Q"], "reset_reason": null, "policy": {"♥6": 0.2301128979838115, "♥7": 0.18291279313010245, "♥9": 0.20237922725974478, "♥K": 0.19608141903080317, "♥Q": 0.18851366259553795}, "value": 0.533452033996582}}
{"step": {"step": 54, "player_id": 3, "played": ["♦10"], "field_after": ["♦10"], "reset_reason": null, "policy": {"♦5": 0.1316227628330027, "♣6": 0.10932299138032854, "♣8": 0.11742896855701575, "♠9": 0.12643740672038628, "♦10": 0.11744124402319689, "♥J": 0.15817690956520639, "♦J": 0.11200171899661668, "pass": 0.12756799792424678}, "value": 0.464200496673584}}
{"step": {"step": 55, "player_id": 0, "played": ["♠8"], "field_after": [], "reset_reason": "eight_cut", "policy": {"♠8": 0.5034421473833579, "pass": 0.4965578526166421}, "value": 0.441516637802124}}
{"step": {"step": 56, "player_id": 0, "played": ["♥A", "♣A"], "field_after": ["♥A", "♣A"], "reset_reason": null, "policy": {"♠10": 0.16391510191092828, "♥A|♣A": 0.1316779223463322, "♠10|♠J|♠Q": 0.13838982368107577, "♠J": 0.14322757381468307, "♠Q": 0.12711360486032466, "♣A": 0.1758887841703299, "♥A": 0.11978718921632611}, "value": 0.4556163251399994}}
{"step": {"step": 57, "player_id": 1, "played": null, "field_after": ["♥A", "♣A"], "reset_reason": null, "policy": {"pass": 1.0}, "value": 0.4830278754234314}}
{"step": {"step": 58, "player_id": 2, "played": null, "field_after": ["♥A", "♣A"], "reset_reason": null, "policy": {"pass": 1.0}, "value": 0.5363615155220032}}
{"step": {"step": 59, "player_id": 3, "played": ["♥J", "♦J"], "field_after": ["♥J", "♦J"], "reset_reason": null, "policy": {"♥J|♦J": 0.5526554089413592, "pass": 0.4473445910586408}, "value": 0.4770490527153015}}
{"step": {"step": 60, "player_id": 0, "played": null, "field_after": ["♥J", "♦J"], "reset_reason": null, "policy": {"pass": 1.0}, "value": 0.4632038176059723}}
{"step": {"step": 61, "player_id": 1, "played": null, "field_after": ["♥J", "♦J"], "reset_reason": null, "policy": {"pass": 1.0}, "value": 0.4707320034503937}}
{"step": {"step": 62, "player_id": 2, "played": null, "field_after": [], "reset_reason": "all_pass", "policy": {"pass": 1.0}, "value": 0.5447849035263062}}
{"step": {"step": 63, "player_id": 3, "played": ["♣6"], "field_after": ["♣6"], "reset_reason": null, "policy": {"♦5": 0.1870228436921932, "♣6": 0.14937856554046167, "♣8": 0.14974157949868266, "♠9": 0.15891179749851397, "♦2": 0.15503380362003538, "♦K": 0.19991141015011307}, "value": 0.47100159525871277}}
{"step": {"step": 64, "player_id": 0, "played": null, "field_after": ["♣6"], "reset_reason": null, "policy": {"pass": 1.0}, "value": 0.44396233558654785}}
{"step": {"step": 65, "player_id": 1, "played": null, "field_after": ["♣6"], "reset_reason": null, "policy": {"pass": 1.0}, "value": 0.5088707208633423}}
{"step": {"step": 66, "player_id": 2, "played": null, "field_after": [], "reset_reason": "all_pass", "policy": {"pass": 1.0}, "value": 0.5327083468437195}}
{"step": {"step": 67, "player_id": 3, "played": ["♦5"], "field_after": ["♦5"], "reset_reason": null, "policy": {"♦5": 0.23115400891510032, "♣8": 0.18619797459881005, "♠9": 0.18816724650205607, "♦2": 0.19988894212471225, "♦K": 0.1945918278593213}, "value": 0.478927344083786}}
{"step": {"step": 68, "player_id": 0, "played": null, "field_after": ["♦5"], "reset_reason": null, "policy": {"pass": 1.0}, "value": 0.4447939693927765}}
{"step": {"step": 69, "player_id": 1, "played": null, "field_after": ["♦5"], "reset_reason": null, "policy": {"pass": 1.0}, "value": 0.4999610185623169}}
{"step": {"step": 70, "player_id": 2, "played": null, "field_after": [], "reset_reason": "all_pass", "policy": {"pass": 1.0}, "value": 0.5248062014579773}}
{"step": {"step": 71, "player_id": 3, "played": ["♠9"], "field_after": ["♠9"], "reset_reason": null, "policy": {"♣8": 0.2867565799025367, "♠9": 0.23219995841928615, "♦2": 0.2355419666817426, "♦K": 0.24550149499643448}, "value": 0.4788830578327179}}
{"step": {"step": 72, "player_id": 0, "played": null, "field_after": ["♠9"], "reset_reason": null, "policy": {"pass": 1.0}, "value": 0.45405304431915283}}
{"step": {"step": 73, "player_id": 1, "played": null, "field_after": ["♠9"], "reset_reason": null, "policy": {"pass": 1.0}, "value": 0.48988714814186096}}
{"step": {"step": 74, "player_id": 2, "played": ["♥6"], "field_after": ["♥6"], "reset_reason": null, "policy": {"♥6": 0.32101794567206315, "♥7": 0.3058422508799168, "pass": 0.37313980344802006}, "value": 0.5344789624214172}}
{"step": {"step": 75, "player_id": 3, "played": null, "field_after": ["♥6"], "reset_reason": null, "policy": {"pass": 1.0}, "value": 0.4807789623737335}}
{"step": {"step": 76, "player_id": 0, "played": null, "field_after": ["♥6"], "reset_reason": null, "policy": {"pass": 1.0}, "value": 0.4496035575866699}}
{"step": {"step": 77, "player_id": 1, "played": null, "field_after": [], "reset_reason": "all_pass", "policy": {"pass": 1.0}, "value": 0.4997110366821289}}
{"step": {"step": 78, "player_id": 2, "played": ["♥9"], "field_after": ["♥9"], "reset_reason": null, "policy": {"♥7": 0.37922838260531627, "♥9": 0.29165461490704425, "♥K": 0.32911700248763953}, "value": 0.5297194719314575}}
{"step": {"step": 79, "player_id": 3, "played": ["♣8"], "field_after": [], "reset_reason": "eight_cut", "policy": {"♣8": 0.5360484048082823, "pass": 0.46395159519171775}, "value": 0.47896426916122437}}
{"step": {"step": 80, "player_id": 3, "played": ["♦2"], "field_after": ["♦2"], "reset_reason": null, "policy": {"♦2": 0.5462735807295649, "♦K": 0.45372641927043506}, "value": 0.4769306778907776}}
{"step": {"step": 81, "player_id": 0, "played": ["♠J"], "field_after": ["♠J"], "reset_reason": null, "policy": {"♠10": 0.2648229941581745, "♠J": 0.23054547369091458, "♠Q": 0.2599735073737879, "pass": 0.244658024777123}, "value": 0.44418397545814514}}
{"step": {"step": 82, "player_id": 1, "played": ["♥10"], "field_after": ["♥10"], "reset_reason": null, "policy": {"♥10": 0.5164231501129093, "pass": 0.4835768498870907}, "value": 0.4687970280647278}}
{"step": {"step": 83, "player_id": 2, "played": ["♥7"], "field_after": ["♥7"], "reset_reason": null, "policy": {"♥7": 0.5232130889356482, "pass": 0.4767869110643519}, "value": 0.5275019407272339}}
{"step": {"step": 84, "player_id": 3, "played": null, "field_after": ["♥7"], "reset_reason": null, "policy": {"pass": 1.0}, "value": 0.46243932843208313}}
{"step": {"step": 85, "player_id": 0, "played": null, "field_after": ["♥7"], "reset_reason": null, "policy": {"pass": 1.0}, "value": 0.4663349688053131}}
{"step": {"step": 86, "player_id": 1, "played": null, "field_after": [], "reset_reason": "all_pass", "policy": {"pass": 1.0}, "value": 0.49027884006500244}}
{"step": {"step": 87, "player_id": 2, "played": ["♥K"], "field_after": ["♥K"], "reset_reason": null, "policy": {"♥K": 1.0}, "value": 0.5320148468017578}}
{"step": {"step": 88, "player_id": 3, "played": null, "field_after": ["♥K"], "reset_reason": null, "policy": {"pass": 1.0}, "value": 0.46787065267562866}}
{"step": {"step": 89, "player_id": 0, "played": ["♠Q"], "field_after": ["♠Q"], "reset_reason": null, "policy": {"♠10": 0.3203952160095776, "♠Q": 0.33545121464842886, "pass": 0.34415356934199354}, "value": 0.4467006325721741}}
{"step": {"step": 90, "player_id": 1, "played": null, "field_after": ["♠Q"], "reset_reason": null, "policy": {"pass": 1.0}, "value": 0.48291659355163574}}
{"step": {"step": 91, "player_id": 3, "played": null, "field_after": [], "reset_reason": "all_pass", "policy": {"pass": 1.0}, "value": 0.4678221046924591}}
{"step": {"step": 92, "player_id": 0, "played": ["♠10"], "field_after": ["♠10"], "reset_reason": null, "policy": {"♠10": 1.0}, "value": 0.4515473246574402}}
{"step": {"step": 93, "player_id": 1, "played": null, "field_after": ["♠10"], "reset_reason": null, "policy": {"pass": 1.0}, "value": 0.4883968234062195}}
{"step": {"step": 94, "player_id": 3, "played": null, "field_after": [], "reset_reason": "all_pass", "policy": {"pass": 1.0}, "value": 0.4799574613571167}}
{"step": {"step": 95, "player_id": 0, "played": null, "field_after": [], "reset_reason": null, "policy": {}, "value": 1.0}}
{"step": {"step": 96, "player_id": null, "played": null, "field_after": null, "reset_reason": null, "policy": null, "value": null}}
{"episode_end": {"episode": 6, "ended": true}}
{"episode_summary": {"episode": 7, "seed": 12352, "ended": true, "steps_count": 105, "winner": 0}}
{"initial_hands": [["♥8", "♠7", "♠5", "♦5", "♦8", "♣7", "♥A", "♦9", "♠8", "♦4", "♠6", "♥10", "♠4", "♠A"], ["♠9", "♦K", "♥7", "♠Q", "♠J", "♣10", "♣6", "♥K", "♦Q", "♣9", "♣3", "♦10", "♠3"], ["♦2", "♦7", "♣8", "♥6", "♣2", "♣J", "♠2", "♣4", "♥9", "♥2", "♥J", "♣A", "♦A"], ["♣5", "♠10", "♦6", "♥5", "♦J", "♠K", "♥Q", "♥4", "♣K", "JOKER(♣8)", "♣Q", "♥3", "♦3"]]}
{"step": {"step": 1, "player_id": 3, "played": ["♥5", "JOKER(♣8)"], "field_after": ["♥5", "JOKER(♣8)"], "reset_reason": null, "policy": {"♥3": 0.03237698107130386, "♦3": 0.027213597333370476, "♥4": 0.027510567354749032, "♣5": 0.02946614134670212, "♥5": 0.027454258393116254, "♦6": 0.03536349884384866, "♠10": 0.02375022195449908, "♥3|♦3": 0.028258794998271344, "♥3|JOKER(♣8)": 0.02980826623672745, "♦3|JOKER(♣8)": 0.023674111425069918, "♥4|JOKER(♣8)": 0.023303655932101916, "♣5|♥5": 0.027802517907714677, "♣5|JOKER(♣8)": 0.02363645796943822, "♥5|JOKER(♣8)": 0.032994963995100594, "♦6|JOKER(♣8)": 0.026559937316346132, "♠10|JOKER(♣8)": 0.023458685148163398, "♠K|JOKER(♣8)": 0.035758132738972825, "♣K|JOKER(♣8)": 0.026201694241860193, "♣Q|JOKER(♣8)": 0.02400210406027773, "♥Q|JOKER(♣8)": 0.02222502089081235, "♦J|JOKER(♣8)": 0.03460478884468848, "♠K|♣K": 0.02158291014001291, "♥Q|♣Q": 0.020241468794710137, "♥3|♦3|JOKER(♣8)": 0.02861275929337448, "♣5|♥5|JOKER(♣8)": 0.02784990955791605, "♥3|♥4|♥5": 0.021785670387007836, "♠K|♣K|JOKER(♣8)": 0.030127098016025814, "JOKER(♣8)|♣Q|♣K": 0.024499330703670597, "♥Q|♣Q|JOKER(♣8)": 0.022381106788810737, "♥4|♥5|JOKER(♣8)": 0.029939272803134846, "♥3|♥4|♥5|JOKER(♣8)": 0.029888553810448592, "JOKER(♣8)": 0.033298742039528484, "♠K": 0.025899302749500676, "♣K": 0.019807769209856378, "♣Q": 0.032000066302212866, "♥Q": 0.02525547849693604, "♦J": 0.02140616290371923}, "value": 0.47779470682144165}}
{"step": {"step": 2, "player_id": 0, "played": ["♥A", "♠A"], "field_after": ["♥A", "♠A"], "reset_reason": null, "policy": {"♠7|♣7": 0.17625326317710469, "♥8|♠8": 0.1523700293704546, "♦8|♠8": 0.1652865921680104, "♥8|♦8": 0.15930713622086953, "♥A|♠A": 0.15230921564027708, "pass": 0.1944737634232837}, "value": 0.44896671175956726}}
{"step": {"step": 3, "player_id": 1, "played": null, "field_after": ["♥A", "♠A"], "reset_reason": null, "policy": {"pass": 1.0}, "value": 0.45842042565345764}}
{"step": {"step": 4, "player_id": 2, "played": ["♦2", "♣2"], "field_after": ["♦2", "♣2"], "reset_reason": null, "policy": {"♣2|♠2": 0.15303709082305758, "♠2|♥2": 0.13937091421145717, "♦2|♠2": 0.15017113671920498, "♣2|♥2": 0.14468663436007875, "♦2|♣2": 0.12398692624754977, "♦2|♥2": 0.16469040159615322, "pass": 0.12405689604249838}, "value": 0.5535460114479065}}
{"step": {"step": 5, "player_id": 3, "played": null, "field_after": ["♦2", "♣2"], "reset_reason": null, "policy": {"pass": 1.0}, "value": 0.48384541273117065}}
{"step": {"step": 6, "player_id": 0, "played": null, "field_after": ["♦2", "♣2"], "reset_reason": null, "policy": {"pass": 1.0}, "value": 0.45530688762664795}}
{"step": {"step": 7, "player_id": 1, "played": null, "field_after": [], "reset_reason": "all_pass", "policy": {"pass": 1.0}, "value": 0.47403502464294434}}
{"step": {"step": 8, "player_id": 2, "played": ["♣A"], "field_after": ["♣A"], "reset_reason": null, "policy": {"♣4": 0.08709598627270115, "♥6": 0.06628198271822945, "♦7": 0.06747124970438607, "♣8": 0.07007222098526078, "♥9": 0.06295200984289707, "♠2": 0.08533607108398808, "♥2": 0.06661753346692474, "♠2|♥2": 0.0707105107763037, "♣A|♦A": 0.07981256525266656, "♣J|♥J": 0.06726143519893966, "♣A": 0.056796462574371445, "♣J": 0.07216717160881748, "♥J": 0.06309830650247361, "♦A": 0.08432649401204029}, "value": 0.555515706539154}}
{"step": {"step": 9, "player_id": 3, "played": null, "field_after": ["♣A"], "reset_reason": null, "policy": {"pass": 1.0}, "value": 0.47737112641334534}}
{"step": {"step": 10, "player_id": 0, "played": null, "field_after": ["♣A"], "reset_reason": null, "policy": {"pass": 1.0}, "value": 0.45117488503456116}}
{"step": {"step": 11, "player_id": 1, "played": null, "field_after": [], "reset_reason": "all_pass", "policy": {"pass": 1.0}, "value": 0.46028730273246765}}
{"step": {"step": 12, "player_id": 2, "played": ["♥J"], "field_after": ["♥J"], "reset_reason": null, "policy": {"♣4": 0.09858745853253345, "♥6": 0.07693201866841344, "♦7": 0.08066987070565858, "♣8": 0.08297767362289689, "♥9": 0.0757402395318479, "♠2": 0.10120874205659885, "♥2": 0.0768431161384341, "♠2|♥2": 0.0814888035270025, "♣J|♥J": 0.09394978786818203, "♣J": 0.07862228039103739, "♥J": 0.06614567192865156, "♦A": 0.08683433702874338}, "value": 0.5542374849319458}}
{"step": {"step": 13, "player_id": 3, "played": ["♣Q"], "field_after": ["♣Q"], "reset_reason": null, "policy": {"♠K": 0.23418010340823728, "♣K": 0.18836319293171216, "♣Q": 0.206270140470526, "♥Q": 0.19082353414558928, "pass": 0.18036302904393514}, "value": 0.46312248706817627}}
{"step": {"step": 14, "player_id": 0, "played": null, "field_after": ["♣Q"], "reset_reason": null, "policy": {"pass": 1.0}, "value": 0.4450949430465698}}
{"step": {"step": 15, "player_id": 1, "played": ["♦K"], "field_after": ["♦K"], "reset_reason": null, "policy": {"♥K": 0.3538821216459191, "♦K": 0.3152171352007621, "pass": 0.33090074315331885}, "value": 0.47530603408813477}}
{"step": {"step": 16, "player_id": 2, "played": ["♥2"], "field_after": ["♥2"], "reset_reason": null, "policy": {"♠2": 0.26813406141330065, "♥2": 0.23855089067924298, "♦A": 0.25464951108289535, "pass": 0.23866553682456115}, "value": 0.540532648563385}}
{"step": {"step": 17, "player_id": 3, "played": null, "field_after": ["♥2"], "reset_reason": null, "policy": {"pass": 1.0}, "value": 0.4661787450313568}}
{"step": {"step": 18, "player_id": 0, "played": null, "field_after": ["♥2"], "reset_reason": null, "policy": {"pass": 1.0}, "value": 0.45765233039855957}}
{"step": {"step": 19, "player_id": 1, "played": null, "field_after": [], "reset_reason": "all_pass", "policy": {"pass": 1.0}, "value": 0.45033442974090576}}
{"step": {"step": 20, "player_id": 2, "played": ["♦7"], "field_after": ["♦7"], "reset_reason": null, "policy": {"♣4": 0.14919628418671654, "♥6": 0.11514753295549335, "♦7": 0.11707549755275665, "♣8": 0.12113842436306853, "♥9": 0.10961689112813175, "♠2": 0.1546823709388002, "♣J": 0.11280758281507519, "♦A": 0.12033541605995786}, "value": 0.5583242774009705}}
{"step": {"step": 21, "player_id": 3, "played": ["♥Q"], "field_after": ["♥Q"], "reset_reason": null, "policy": {"♠10": 0.1745031457259029, "♠K": 0.15874723141587826, "♣K": 0.16392571572222678, "♥Q": 0.16100645192783472, "♦J": 0.14984458056961153, "pass": 0.1919728746385458}, "value": 0.47378790378570557}}
{"step": {"step": 22, "player_id": 0, "played": null, "field_after": ["♥Q"], "reset_reason": null, "policy": {"pass": 1.0}, "value": 0.4440729022026062}}
{"step": {"step": 23, "player_id": 1, "played": ["♥K"], "field_after": ["♥K"], "reset_reason": null, "policy": {"♥K": 0.5576056367921124, "pass": 0.4423943632078876}, "value": 0.46574637293815613}}
{"step": {"step": 24, "player_id": 2, "played": ["♦A"], "field_after": ["♦A"], "reset_reason": null, "policy": {"♠2": 0.35373621529578114, "♦A": 0.31666983748722904, "pass": 0.3295939472169897}, "value": 0.5492077469825745}}
{"step": {"step": 25, "player_id": 3, "played": null, "field_after": ["♦A"], "reset_reason": null, "policy": {"pass": 1.0}, "value": 0.47691887617111206}}
{"step": {"step": 26, "player_id": 0, "played": null, "field_after": ["♦A"], "reset_reason": null, "policy": {"pass": 1.0}, "value": 0.445184588432312}}
{"step": {"step": 27, "player_id": 1, "played": null, "field_after": [], "reset_reason": "all_pass", "policy": {"pass": 1.0}, "value": 0.4465598464012146}}
{"step": {"step": 28, "player_id": 2, "played": ["♥9"], "field_after": ["♥9"], "reset_reason": null, "policy": {"♣4": 0.19276907987791067, "♥6": 0.14722768519510648, "♣8": 0.16059086558671873, "♥9": 0.15933390183376947, "♠2": 0.1506250595051691, "♣J": 0.18945340800132543}, "value": 0.5581864714622498}}
{"step": {"step": 29, "player_id": 3, "played": ["♣K"], "field_after": ["♣K"], "reset_reason": null, "policy": {"♠10": 0.2180727766135996, "♠K": 0.18560551223982386, "♣K": 0.21090842457999265, "♦J": 0.19924685967635966, "pass": 0.1861664268902243}, "value": 0.4708932340145111}}
{"step": {"step": 30, "player_id": 0, "played": null, "field_after": ["♣K"], "reset_reason": null, "policy": {"pass": 1.0}, "value": 0.4383392930030823}}
{"step": {"step": 31, "player_id": 1, "played": null, "field_after": ["♣K"], "reset_reason": null, "policy": {"pass": 1.0}, "value": 0.4659295678138733}}
{"step": {"step": 32, "player_id": 2, "played": ["♠2"], "field_after": ["♠2"], "reset_reason": null, "policy": {"♠2": 0.5120348330820171, "pass": 0.4879651669179829}, "value": 0.5504134297370911}}
{"step": {"step": 33, "player_id": 3, "played": null, "field_after": ["♠2"], "reset_reason": null, "policy": {"pass": 1.0}, "value": 0.4623875021934509}}
{"step": {"step": 34, "player_id": 0, "played": null, "field_after": ["♠2"], "reset_reason": null, "policy": {"pass": 1.0}, "value": 0.4550536274909973}}
{"step": {"step": 35, "player_id": 1, "played": null, "field_after": [], "reset_reason": "all_pass", "policy": {"pass": 1.0}, "value": 0.4414464831352234}}
{"step": {"step": 36, "player_id": 2, "played": ["♣J"], "field_after": ["♣J"], "reset_reason": null, "policy": {"♣4": 0.28561810390309816, "♥6": 0.22504494321681626, "♣8": 0.24465851736032146, "♣J": 0.2446784355197642}, "value": 0.5547811388969421}}
{"step": {"step": 37, "player_id": 3, "played": ["♠K"], "field_after": ["♠K"], "reset_reason": null, "policy": {"♠K": 0.531775825341788, "pass": 0.46822417465821203}, "value": 0.4706372320652008}}
{"step": {"step": 38, "player_id": 0, "played": null, "field_after": ["♠K"], "reset_reason": null, "policy": {"pass": 1.0}, "value": 0.43921077251434326}}
{"step": {"step": 39, "player_id": 1, "played": null, "field_after": ["♠K"], "reset_reason": null, "policy": {"pass": 1.0}, "value": 0.47712719440460205}}
{"step": {"step": 40, "player_id": 2, "played": null, "field_after": [], "reset_reason": "all_pass", "policy": {"pass": 1.0}, "value": 0.5412269830703735}}
{"step": {"step": 41, "player_id": 3, "played": ["♥3"], "field_after": ["♥3"], "reset_reason": null, "policy": {"♥3": 0.14104890019834757, "♦3": 0.11741811646350081, "♥4": 0.11671722876445068, "♣5": 0.12307949543201348, "♦6": 0.1177366725664327, "♠10": 0.1579751158398377, "♥3|♦3": 0.10256268642192527, "♦J": 0.12346178431349163}, "value": 0.47786056995391846}}
{"step": {"step": 42, "player_id": 0, "played": ["♠7"], "field_after": ["♠7"], "reset_reason": null, "policy": {"♠4": 0.09112475877794343, "♦4": 0.0716281638259842, "♠5": 0.07227051744244638, "♦5": 0.07660402315778041, "♠6": 0.07409263642661265, "♠7": 0.09565600004144938, "♣7": 0.0704769752297421, "♠8": 0.08218365288037086, "♥8": 0.08147636261874884, "♦8": 0.07311160586346134, "♦9": 0.06185618308130282, "♥10": 0.08159132045861701, "pass": 0.0679278001955405}, "value": 0.44183292984962463}}
{"step": {"step": 43, "player_id": 1, "played": ["♣10"], "field_after": ["♣10"], "reset_reason": null, "policy": {"♠9": 0.1390329136407368, "♣9": 0.11446812527396372, "♣10": 0.13375231562296888, "♦10": 0.118903536033509, "♠J": 0.11061729878944174, "♠Q": 0.1481954520618703, "♦Q": 0.11093421404774638, "pass": 0.12409614452976328}, "value": 0.4538135230541229}}
{"step": {"step": 44, "player_id": 2, "played": null, "field_after": ["♣10"], "reset_reason": null, "policy": {"pass": 1.0}, "value": 0.5412205457687378}}
{"step": {"step": 45, "player_id": 3, "played": ["♦J"], "field_after": ["♦J"], "reset_reason": null, "policy": {"♦J": 0.5143689053377536, "pass": 0.48563109466224647}, "value": 0.4755198657512665}}
{"step": {"step": 46, "player_id": 0, "played": null, "field_after": ["♦J"], "reset_reason": null, "policy": {"pass": 1.0}, "value": 0.46358051896095276}}
{"step": {"step": 47, "player_id": 1, "played": ["♦Q"], "field_after": ["♦Q"], "reset_reason": null, "policy": {"♠Q": 0.36311477939962306, "♦Q": 0.3089290261986494, "pass": 0.3279561944017276}, "value": 0.46508148312568665}}
{"step": {"step": 48, "player_id": 2, "played": null, "field_after": ["♦Q"], "reset_reason": null, "policy": {"pass": 1.0}, "value": 0.5469771027565002}}
{"step": {"step": 49, "player_id": 3, "played": null, "field_after": ["♦Q"], "reset_reason": null, "policy": {"pass": 1.0}, "value": 0.48012304306030273}}
{"step": {"step": 50, "player_id": 0, "played": null, "field_after": [], "reset_reason": "all_pass", "policy": {"pass": 1.0}, "value": 0.4705007076263428}}
{"step": {"step": 51, "player_id": 1, "played": ["♠Q"], "field_after": ["♠Q"], "reset_reason": null, "policy": {"♠3": 0.1026910923168331, "♣3": 0.08652689495041396, "♣6": 0.09513944571880308, "♥7": 0.08888600473720172, "♠9": 0.0862418882637636, "♣9": 0.1170637409053864, "♦10": 0.07925911874143057, "♣3|♠3": 0.08902211643662591, "♠9|♣9": 0.10073414813533603, "♠J": 0.07973230429830358, "♠Q": 0.07470324549590213}, "value": 0.45710983872413635}}
{"step": {"step": 52, "player_id": 2, "played": null, "field_after": ["♠Q"], "reset_reason": null, "policy": {"pass": 1.0}, "value": 0.5497609972953796}}
{"step": {"step": 53, "player_id": 3, "played": null, "field_after": ["♠Q"], "reset_reason": null, "policy": {"pass": 1.0}, "value": 0.48503217101097107}}
{"step": {"step": 54, "player_id": 0, "played": null, "field_after": [], "reset_reason": "all_pass", "policy": {"pass": 1.0}, "value": 0.4604242146015167}}
{"step": {"step": 55, "player_id": 1, "played": ["♣3", "♠3"], "field_after": ["♣3", "♠3"], "reset_reason": null, "policy": {"♠3": 0.11107259436046646, "♣3": 0.09411946162794375, "♣6": 0.10368193859399816, "♥7": 0.09697037856209596, "♠9": 0.09320059922764051, "♣9": 0.12476385721786618, "♦10": 0.0867060775321514, "♣3|♠3": 0.09403264159100279, "♠9|♣9": 0.10959397256463546, "♠J": 0.0858584787221991}, "value": 0.46573591232299805}}
{"step": {"step": 56, "player_id": 2, "played": null, "field_after": ["♣3", "♠3"], "reset_reason": null, "policy": {"pass": 1.0}, "value": 0.5527915954589844}}
{"step": {"step": 57, "player_id": 3, "played": null, "field_after": ["♣3", "♠3"], "reset_reason": null, "policy": {"pass": 1.0}, "value": 0.47915491461753845}}
{"step": {"step": 58, "player_id": 0, "played": ["♠5", "♦5"], "field_after": ["♠5", "♦5"], "reset_reason": null, "policy": {"♦4|♠4": 0.18034136905491985, "♠5|♦5": 0.15233857647963114, "♥8|♠8": 0.15845928090521422, "♦8|♠8": 0.16024207897358417, "♥8|♦8": 0.16212379637491528, "pass": 0.18649489821173532}, "value": 0.45889225602149963}}
{"step": {"step": 59, "player_id": 1, "played": ["♠9", "♣9"], "field_after": ["♠9", "♣9"], "reset_reason": null, "policy": {"♠9|♣9": 0.5317827277819124, "pass": 0.46821727221808773}, "value": 0.4753541946411133}}
{"step": {"step": 60, "player_id": 2, "played": null, "field_after": ["♠9", "♣9"], "reset_reason": null, "policy": {"pass": 1.0}, "value": 0.5592237710952759}}
{"step": {"step": 61, "player_id": 3, "played": null, "field_after": ["♠9", "♣9"], "reset_reason": null, "policy": {"pass": 1.0}, "value": 0.4928276240825653}}
{"step": {"step": 62, "player_id": 0, "played": null, "field_after": [], "reset_reason": "all_pass", "policy": {"pass": 1.0}, "value": 0.47427910566329956}}
{"step": {"step": 63, "player_id": 1, "played": ["♠J"], "field_after": ["♠J"], "reset_reason": null, "policy": {"♣6": 0.2716446184087467, "♥7": 0.23012379894693824, "♦10": 0.2505153263824018, "♠J": 0.24771625626191335}, "value": 0.4771675765514374}}
{"step": {"step": 64, "player_id": 2, "played": null, "field_after": ["♠J"], "reset_reason": null, "policy": {"pass": 1.0}, "value": 0.5598427653312683}}
{"step": {"step": 65, "player_id": 3, "played": null, "field_after": ["♠J"], "reset_reason": null, "policy": {"pass": 1.0}, "value": 0.47654402256011963}}
{"step": {"step": 66, "player_id": 0, "played": null, "field_after": [], "reset_reason": "all_pass", "policy": {"pass": 1.0}, "value": 0.470432311296463}}
{"step": {"step": 67, "player_id": 1, "played": ["♦10"], "field_after": ["♦10"], "reset_reason": null, "policy": {"♣6": 0.3604030649795978, "♥7": 0.3095314110639663, "♦10": 0.33006552395643585}, "value": 0.4781421422958374}}
{"step": {"step": 68, "player_id": 2, "played": null, "field_after": ["♦10"], "reset_reason": null, "policy": {"pass": 1.0}, "value": 0.5377283096313477}}
{"step": {"step": 69, "player_id": 3, "played": null, "field_after": ["♦10"], "reset_reason": null, "policy": {"pass": 1.0}, "value": 0.47346004843711853}}
{"step": {"step": 70, "player_id": 0, "played": null, "field_after": [], "reset_reason": "all_pass", "policy": {"pass": 1.0}, "value": 0.4587511420249939}}
{"step": {"step": 71, "player_id": 1, "played": ["♥7"], "field_after": ["♥7"], "reset_reason": null, "policy": {"♣6": 0.5351047616852608, "♥7": 0.4648952383147393}, "value": 0.4826687276363373}}
{"step": {"step": 72, "player_id": 2, "played": ["♣8"], "field_after": [], "reset_reason": "eight_cut", "policy": {"♣8": 0.5230050500435446, "pass": 0.47699494995645547}, "value": 0.548173189163208}}
{"step": {"step": 73, "player_id": 2, "played": ["♥6"], "field_after": ["♥6"], "reset_reason": null, "policy": {"♣4": 0.5619259217373955, "♥6": 0.4380740782626044}, "value": 0.5476683974266052}}
{"step": {"step": 74, "player_id": 3, "played": ["♠10"], "field_after": ["♠10"], "reset_reason": null, "policy": {"♠10": 0.5265282605402771, "pass": 0.4734717394597228}, "value": 0.4808197319507599}}
{"step": {"step": 75, "player_id": 0, "played": null, "field_after": ["♠10"], "reset_reason": null, "policy": {"pass": 1.0}, "value": 0.4602445065975189}}
{"step": {"step": 76, "player_id": 1, "played": null, "field_after": ["♠10"], "reset_reason": null, "policy": {"pass": 1.0}, "value": 0.4953889846801758}}
{"step": {"step": 77, "player_id": 2, "played": null, "field_after": [], "reset_reason": "all_pass", "policy": {"pass": 1.0}, "value": 0.5421779155731201}}
{"step": {"step": 78, "player_id": 3, "played": ["♣5"], "field_after": ["♣5"], "reset_reason": null, "policy": {"♦3": 0.28008280709303, "♥4": 0.23247927907007043, "♣5": 0.23999957468671257, "♦6": 0.24743833915018698}, "value": 0.48945245146751404}}
{"step": {"step": 79, "player_id": 0, "played": ["♣7"], "field_after": ["♣7"], "reset_reason": null, "policy": {"♠6": 0.130285085285695, "♣7": 0.12598944697201356, "♠8": 0.1304558441267167, "♥8": 0.12428225803424377, "♦8": 0.1272500797149568, "♦9": 0.14115455731765042, "♥10": 0.09842451683580447, "pass": 0.12215821171291935}, "value": 0.46437323093414307}}
{"step": {"step": 80, "player_id": 1, "played": null, "field_after": ["♣7"], "reset_reason": null, "policy": {"pass": 1.0}, "value": 0.47702550888061523}}
{"step": {"step": 81, "player_id": 2, "played": null, "field_after": ["♣7"], "reset_reason": null, "policy": {"pass": 1.0}, "value": 0.5491955280303955}}
{"step": {"step": 82, "player_id": 3, "played": null, "field_after": [], "reset_reason": "all_pass", "policy": {"pass": 1.0}, "value": 0.4691441059112549}}
{"step": {"step": 83, "player_id": 0, "played": ["♥8", "♦8", "♠8"], "field_after": [], "reset_reason": "eight_cut", "policy": {"♠4": 0.0900757396605006, "♦4": 0.07381718003899879, "♠6": 0.07809963950557566, "♠8": 0.0822056156394974, "♥8": 0.07582261790448594, "♦8": 0.09410738975410932, "♦9": 0.06724851457637174, "♥10": 0.0764909100363566, "♦4|♠4": 0.08086226023853083, "♥8|♠8": 0.06871834349989257, "♦8|♠8": 0.059563043940448826, "♥8|♦8": 0.08291268193120338, "♥8|♦8|♠8": 0.07007606327402828}, "value": 0.47048288583755493}}
{"step": {"step": 84, "player_id": 0, "played": ["♦4", "♠4"], "field_after": ["♦4", "♠4"], "reset_reason": null, "policy": {"♠4": 0.19538758792133346, "♦4": 0.15289894950645355, "♠6": 0.15558457895047967, "♦9": 0.15246488776038103, "♥10": 0.14906220142230253, "♦4|♠4": 0.19460179443904976}, "value": 0.4651857018470764}}
{"step": {"step": 85, "player_id": 1, "played": null, "field_after": ["♦4", "♠4"], "reset_reason": null, "policy": {"pass": 1.0}, "value": 0.48600974678993225}}
{"step": {"step": 86, "player_id": 2, "played": null, "field_after": ["♦4", "♠4"], "reset_reason": null, "policy": {"pass": 1.0}, "value": 0.5625327229499817}}
{"step": {"step": 87, "player_id": 3, "played": null, "field_after": [], "reset_reason": "all_pass", "policy": {"pass": 1.0}, "value": 0.48098835349082947}}
{"step": {"step": 88, "player_id": 0, "played": ["♠6"], "field_after": ["♠6"], "reset_reason": null, "policy": {"♠6": 0.3805885170659084, "♦9": 0.3100395504242703, "♥10": 0.3093719325098214}, "value": 0.46237078309059143}}
{"step": {"step": 89, "player_id": 1, "played": null, "field_after": ["♠6"], "reset_reason": null, "policy": {"pass": 1.0}, "value": 0.4845812916755676}}
{"step": {"step": 90, "player_id": 2, "played": null, "field_after": ["♠6"], "reset_reason": null, "policy": {"pass": 1.0}, "value": 0.5494725704193115}}
{"step": {"step": 91, "player_id": 3, "played": null, "field_after": [], "reset_reason": "all_pass", "policy": {"pass": 1.0}, "value": 0.4708394706249237}}
{"step": {"step": 92, "player_id": 0, "played": ["♦9"], "field_after": ["♦9"], "reset_reason": null, "policy": {"♦9": 0.5468493188787451, "♥10": 0.4531506811212549}, "value": 0.4561634063720703}}
{"step": {"step": 93, "player_id": 1, "played": null, "field_after": ["♦9"], "reset_reason": null, "policy": {"pass": 1.0}, "value": 0.4687824547290802}}
{"step": {"step": 94, "player_id": 2, "played": null, "field_after": ["♦9"], "reset_reason": null, "policy": {"pass": 1.0}, "value": 0.551243782043457}}
{"step": {"step": 95, "player_id": 3, "played": null, "field_after": [], "reset_reason": "all_pass", "policy": {"pass": 1.0}, "value": 0.4805794358253479}}
{"step": {"step": 96, "player_id": 0, "played": ["♥10"], "field_after": ["♥10"], "reset_reason": null, "policy": {"♥10": 1.0}, "value": 0.4546408951282501}}
{"step": {"step": 97, "player_id": 1, "played": null, "field_after": ["♥10"], "reset_reason": null, "policy": {"pass": 1.0}, "value": 0.4785800278186798}}
{"step": {"step": 98, "player_id": 2, "played": null, "field_after": ["♥10"], "reset_reason": null, "policy": {"pass": 1.0}, "value": 0.5377691984176636}}
{"step": {"step": 99, "player_id": 3, "played": null, "field_after": [], "reset_reason": "all_pass", "policy": {"pass": 1.0}, "value": 0.48177996277809143}}
{"step": {"step": 100, "player_id": 0, "played": null, "field_after": [], "reset_reason": null, "policy": {}, "value": 1.0}}
{"step": {"step": 101, "player_id": 1, "played": ["♣6"], "field_after": ["♣6"], "reset_reason": null, "policy": {"♣6": 1.0}, "value": 0.4820532500743866}}
{"step": {"step": 102, "player_id": 2, "played": null, "field_after": ["♣6"], "reset_reason": null, "policy": {"pass": 1.0}, "value": 0.5447573661804199}}
{"step": {"step": 103, "player_id": 3, "played": null, "field_after": [], "reset_reason": "all_pass", "policy": {"pass": 1.0}, "value": 0.4709484875202179}}
{"step": {"step": 104, "player_id": 1, "played": null, "field_after": [], "reset_reason": null, "policy": {}, "value": 1.0}}
{"step": {"step": 105, "player_id": 2, "played": ["♣4"], "field_after": ["♣4"], "reset_reason": null, "policy": {"♣4": 1.0}, "value": 0.5465973019599915}}
{"episode_end": {"episode": 7, "ended": true}}
{"episode_summary": {"episode": 8, "seed": 12353, "ended": true, "steps_count": 75, "winner": 1}}
{"initial_hands": [["♥A", "♦8", "♠A", "♣10", "♠6", "♠9", "♣A", "♦7", "♥K", "♦6", "♠8", "♦J", "♦A", "♥Q"], ["♠K", "♣7", "♦K", "♠4", "♠7", "♠J", "♥4", "♥7", "♠2", "♣2", "♦9", "♣K", "♦2"], ["♣Q", "♥8", "♥2", "♣5", "♣3", "♣6", "♣4", "♥9", "♥10", "♦Q", "♦5", "♠Q", "♦4"], ["♣8", "♠10", "♣J", "♦10", "♥J", "♠3", "♥5", "♠5", "♣9", "JOKER(♣8)", "♦3", "♥3", "♥6"]]}
{"step": {"step": 1, "player_id": 3, "played": ["♥J", "JOKER(♣8)"], "field_after": ["♥J", "JOKER(♣8)"], "reset_reason": null, "policy": {"♠3": 0.024845349305775213, "♥3": 0.022349347172885926, "♦3": 0.02169294637492014, "♠5": 0.022291645367359666, "♥5": 0.023307943811943833, "♥6": 0.029246104173685183, "♣8": 0.017949465594267473, "♣9": 0.021801860849912365, "♠10": 0.025104148344442828, "♦10": 0.020626123587937056, "♠3|♥3": 0.018323192195253562, "♠3|♦3": 0.022791512930719886, "♦3|♥3": 0.018569539231517516, "♠3|JOKER(♣8)": 0.02704229571518695, "♥3|JOKER(♣8)": 0.020631503431315007, "♦3|JOKER(♣8)": 0.018427990688057734, "♥5|♠5": 0.026757518495449332, "♠5|JOKER(♣8)": 0.019924948599196152, "♥5|JOKER(♣8)": 0.018013003782771337, "♥6|JOKER(♣8)": 0.01835142217457542, "♣8|JOKER(♣8)": 0.025301379673771954, "♣9|JOKER(♣8)": 0.01694963659399441, "♠10|♦10": 0.016294011143883774, "♠10|JOKER(♣8)": 0.02546425817502601, "♦10|JOKER(♣8)": 0.021244723006226353, "♣J|JOKER(♣8)": 0.017200005482565374, "♥J|JOKER(♣8)": 0.02422869356584558, "♣J|♥J": 0.02058917790106532, "♠3|♦3|♥3": 0.017353814045079713, "♠3|♥3|JOKER(♣8)": 0.024282422086167304, "♠3|♦3|JOKER(♣8)": 0.023896898408437842, "♦3|♥3|JOKER(♣8)": 0.028590492360376855, "♥5|♠5|JOKER(♣8)": 0.021560994451610298, "♠10|♦10|JOKER(♣8)": 0.014802340375071154, "♠3|♦3|♥3|JOKER(♣8)": 0.024568914428895198, "♠3|JOKER(♣8)|♠5": 0.02187105980590581, "♥3|JOKER(♣8)|♥5": 0.017109733914319348, "♣J|♥J|JOKER(♣8)": 0.028895201391845742, "♥5|♥6|JOKER(♣8)": 0.022127651137680417, "♣8|♣9|JOKER(♣8)": 0.019341149536658737, "♣9|JOKER(♣8)|♣J": 0.022649978200458026, "♥3|JOKER(♣8)|♥5|♥6": 0.021508059550481313, "♣8|♣9|JOKER(♣8)|♣J": 0.027671797210818083, "JOKER(♣8)": 0.01907110045056603, "♣J": 0.01800089081374191, "♥J": 0.021377754462334784}, "value": 0.49538126587867737}}
{"step": {"step": 2, "player_id": 0, "played": ["♥A", "♠A"], "field_after": ["♥A", "♠A"], "reset_reason": null, "policy": {"♠A|♣A": 0.15575171562359022, "♥A|♠A": 0.14094920018126286, "♠A|♦A": 0.1502408861517547, "♥A|♣A": 0.13725724763403369, "♣A|♦A": 0.12367232551388802, "♥A|♦A": 0.17798000767580738, "pass": 0.11414861721966317}, "value": 0.46410563588142395}}
{"step": {"step": 3, "player_id": 1, "played": ["♠2", "♣2"], "field_after": ["♠2", "♣2"], "reset_reason": null, "policy": {"♠2|♣2": 0.27146473486357137, "♠2|♦2": 0.22654879726476615, "♣2|♦2": 0.26991561965865973, "pass": 0.2320708482130029}, "value": 0.4751928150653839}}
{"step": {"step": 4, "player_id": 2, "played": null, "field_after": ["♠2", "♣2"], "reset_reason": null, "policy": {"pass": 1.0}, "value": 0.5349332094192505}}
{"step": {"step": 5, "player_id": 3, "played": null, "field_after": ["♠2", "♣2"], "reset_reason": null, "policy": {"pass": 1.0}, "value": 0.4874972105026245}}
{"step": {"step": 6, "player_id": 0, "played": null, "field_after": [], "reset_reason": "all_pass", "policy": {"pass": 1.0}, "value": 0.45016640424728394}}
{"step": {"step": 7, "player_id": 1, "played": ["♠7"], "field_after": ["♠7"], "reset_reason": null, "policy": {"♠4": 0.05795598435554303, "♥4": 0.05249312009491891, "♠7": 0.05176042672962247, "♣7": 0.05148788896590314, "♥7": 0.047733507607026104, "♦9": 0.06057807830611191, "♦2": 0.04367949528947582, "♠4|♥4": 0.04743954985672605, "♣7|♠7": 0.05686522374684685, "♠7|♥7": 0.045795437346573604, "♣7|♥7": 0.04317450842256304, "♠K|♣K": 0.05678504993346028, "♠K|♦K": 0.04298826378418328, "♦K|♣K": 0.05615542745971157, "♣7|♠7|♥7": 0.05129459710848389, "♠K|♦K|♣K": 0.04285333195117234, "♠J": 0.06023883554756281, "♠K": 0.04539523842428451, "♣K": 0.04554846766966867, "♦K": 0.03977756740016166}, "value": 0.48666903376579285}}
{"step": {"step": 8, "player_id": 2, "played": ["♥10"], "field_after": ["♥10"], "reset_reason": null, "policy": {"♥8": 0.1319648800957047, "♥9": 0.12281601147778656, "♥10": 0.12896997045709238, "♥2": 0.12747395038871875, "♠Q": 0.11700308831956002, "♣Q": 0.13554290397766786, "♦Q": 0.10746446933575166, "pass": 0.12876472594771812}, "value": 0.5345789790153503}}
{"step": {"step": 9, "player_id": 3, "played": ["♣J"], "field_after": ["♣J"], "reset_reason": null, "policy": {"♣J": 0.5152169623355116, "pass": 0.48478303766448844}, "value": 0.47105252742767334}}
{"step": {"step": 10, "player_id": 0, "played": ["♦A"], "field_after": ["♦A"], "reset_reason": null, "policy": {"♣A": 0.23152274574945034, "♥K": 0.1999780057978634, "♥Q": 0.20294117789086275, "♦A": 0.18722732393752337, "pass": 0.1783307466243}, "value": 0.4534945487976074}}
{"step": {"step": 11, "player_id": 1, "played": ["♦2"], "field_after": ["♦2"], "reset_reason": null, "policy": {"♦2": 0.5355080821787365, "pass": 0.46449191782126353}, "value": 0.4546084702014923}}
{"step": {"step": 12, "player_id": 2, "played": null, "field_after": ["♦2"], "reset_reason": null, "policy": {"pass": 1.0}, "value": 0.5453986525535583}}
{"step": {"step": 13, "player_id": 3, "played": null, "field_after": ["♦2"], "reset_reason": null, "policy": {"pass": 1.0}, "value": 0.4811399281024933}}
{"step": {"step": 14, "player_id": 0, "played": null, "field_after": [], "reset_reason": "all_pass", "policy": {"pass": 1.0}, "value": 0.45446571707725525}}
{"step": {"step": 15, "player_id": 1, "played": ["♠4", "♥4"], "field_after": ["♠4", "♥4"], "reset_reason": null, "policy": {"♠4": 0.07752023338979237, "♥4": 0.06695765012463938, "♣7": 0.06893276388129169, "♥7": 0.06616267992480389, "♦9": 0.06312988128567927, "♠4|♥4": 0.07907666285998699, "♣7|♥7": 0.057323294518614586, "♠K|♣K": 0.06317736775959841, "♠K|♦K": 0.07375424442311249, "♦K|♣K": 0.05914691481841172, "♠K|♦K|♣K": 0.055967458191799914, "♠J": 0.07365140194618684, "♠K": 0.05590303614003031, "♣K": 0.07350475372168734, "♦K": 0.06579165701436503}, "value": 0.48355135321617126}}
{"step": {"step": 16, "player_id": 2, "played": ["♣Q", "♠Q"], "field_after": ["♣Q", "♠Q"], "reset_reason": null, "policy": {"♣5|♦5": 0.2097759434318136, "♣Q|♠Q": 0.19805402391122126, "♦Q|♠Q": 0.1951386800017124, "♣Q|♦Q": 0.21123436684313351, "pass": 0.18579698581211918}, "value": 0.5459479093551636}}
{"step": {"step": 17, "player_id": 3, "played": null, "field_after": ["♣Q", "♠Q"], "reset_reason": null, "policy": {"pass": 1.0}, "value": 0.4857240617275238}}
{"step": {"step": 18, "player_id": 0, "played": null, "field_after": ["♣Q", "♠Q"], "reset_reason": null, "policy": {"pass": 1.0}, "value": 0.4640161395072937}}
{"step": {"step": 19, "player_id": 1, "played": ["♠K", "♦K"], "field_after": ["♠K", "♦K"], "reset_reason": null, "policy": {"♠K|♣K": 0.2585663834669217, "♠K|♦K": 0.24289708481359565, "♦K|♣K": 0.26988368819458936, "pass": 0.22865284352489326}, "value": 0.5073959827423096}}
{"step": {"step": 20, "player_id": 2, "played": null, "field_after": ["♠K", "♦K"], "reset_reason": null, "policy": {"pass": 1.0}, "value": 0.5329785346984863}}
{"step": {"step": 21, "player_id": 3, "played": null, "field_after": ["♠K", "♦K"], "reset_reason": null, "policy": {"pass": 1.0}, "value": 0.470598042011261}}
{"step": {"step": 22, "player_id": 0, "played": null, "field_after": [], "reset_reason": "all_pass", "policy": {"pass": 1.0}, "value": 0.4514124393463135}}
{"step": {"step": 23, "player_id": 1, "played": ["♥7"], "field_after": ["♥7"], "reset_reason": null, "policy": {"♣7": 0.1866877525250313, "♥7": 0.15800821401847828, "♦9": 0.1600770156768245, "♣7|♥7": 0.15142174249881726, "♠J": 0.14446694635577312, "♣K": 0.19933832892507544}, "value": 0.48095089197158813}}
{"step": {"step": 24, "player_id": 2, "played": ["♦Q"], "field_after": ["♦Q"], "reset_reason": null, "policy": {"♥8": 0.2083321570358809, "♥9": 0.1918121147533772, "♥2": 0.2100303222890257, "♦Q": 0.20415308566706425, "pass": 0.18567232025465197}, "value": 0.5319470167160034}}
{"step": {"step": 25, "player_id": 3, "played": null, "field_after": ["♦Q"], "reset_reason": null, "policy": {"pass": 1.0}, "value": 0.4902946949005127}}
{"step": {"step": 26, "player_id": 0, "played": ["♣A"], "field_after": ["♣A"], "reset_reason": null, "policy": {"♣A": 0.39483323063449866, "♥K": 0.3067064111878682, "pass": 0.2984603581776331}, "value": 0.4703843593597412}}
{"step": {"step": 27, "player_id": 1, "played": null, "field_after": ["♣A"], "reset_reason": null, "policy": {"pass": 1.0}, "value": 0.4610697031021118}}
{"step": {"step": 28, "player_id": 2, "played": ["♥2"], "field_after": ["♥2"], "reset_reason": null, "policy": {"♥2": 0.5563178467397281, "pass": 0.4436821532602719}, "value": 0.5440817475318909}}
{"step": {"step": 29, "player_id": 3, "played": null, "field_after": ["♥2"], "reset_reason": null, "policy": {"pass": 1.0}, "value": 0.47606155276298523}}
{"step": {"step": 30, "player_id": 0, "played": null, "field_after": ["♥2"], "reset_reason": null, "policy": {"pass": 1.0}, "value": 0.46329164505004883}}
{"step": {"step": 31, "player_id": 1, "played": null, "field_after": [], "reset_reason": "all_pass", "policy": {"pass": 1.0}, "value": 0.4656400680541992}}
{"step": {"step": 32, "player_id": 2, "played": ["♣3", "♣4", "♣5", "♣6"], "field_after": ["♣3", "♣4", "♣5", "♣6"], "reset_reason": null, "policy": {"♣3": 0.0882280599195815, "♣4": 0.0706270663906006, "♦4": 0.0764457050059398, "♣5": 0.07944467121853345, "♦5": 0.07556819957800497, "♣6": 0.09423661008521314, "♥8": 0.0706459199485768, "♥9": 0.08005496074002628, "♣4|♦4": 0.08174537671469584, "♣5|♦5": 0.07199311600705767, "♣3|♣4|♣5": 0.062199577450997176, "♣4|♣5|♣6": 0.07900141836976254, "♣3|♣4|♣5|♣6": 0.06980931857101032}, "value": 0.5519590377807617}}
{"step": {"step": 33, "player_id": 3, "played": null, "field_after": ["♣3", "♣4", "♣5", "♣6"], "reset_reason": null, "policy": {"pass": 1.0}, "value": 0.4658418595790863}}
{"step": {"step": 34, "player_id": 0, "played": null, "field_after": ["♣3", "♣4", "♣5", "♣6"], "reset_reason": null, "policy": {"pass": 1.0}, "value": 0.4596196413040161}}
{"step": {"step": 35, "player_id": 1, "played": null, "field_after": [], "reset_reason": "all_pass", "policy": {"pass": 1.0}, "value": 0.4912293255329132}}
{"step": {"step": 36, "player_id": 2, "played": ["♦4"], "field_after": ["♦4"], "reset_reason": null, "policy": {"♦4": 0.2842133901180544, "♦5": 0.2293470993650627, "♥8": 0.2346702691876612, "♥9": 0.2517692413292217}, "value": 0.5570600032806396}}
{"step": {"step": 37, "player_id": 3, "played": ["♠5"], "field_after": ["♠5"], "reset_reason": null, "policy": {"♠5": 0.12465175283068063, "♥5": 0.12257533434710881, "♥6": 0.12819929390028, "♣8": 0.1266127692061461, "♣9": 0.11293812780644356, "♠10": 0.15816215111119458, "♦10": 0.10824244541740263, "pass": 0.11861812538074369}, "value": 0.4850647449493408}}
{"step": {"step": 38, "player_id": 0, "played": ["♦J"], "field_after": ["♦J"], "reset_reason": null, "policy": {"♠6": 0.10449205490663782, "♦6": 0.0901888007041973, "♦7": 0.09351464961146672, "♠8": 0.0882657300279497, "♦8": 0.0840180632724978, "♠9": 0.11921594717391769, "♣10": 0.07405500856456249, "♥K": 0.09385856313891706, "♥Q": 0.09766247751938673, "♦J": 0.07643301687109076, "pass": 0.07829568820937594}, "value": 0.463584303855896}}
{"step": {"step": 39, "player_id": 1, "played": ["♣K"], "field_after": ["♣K"], "reset_reason": null, "policy": {"♣K": 0.5259314192873683, "pass": 0.4740685807126317}, "value": 0.45126914978027344}}
{"step": {"step": 40, "player_id": 2, "played": null, "field_after": ["♣K"], "reset_reason": null, "policy": {"pass": 1.0}, "value": 0.5432627201080322}}
{"step": {"step": 41, "player_id": 3, "played": null, "field_after": ["♣K"], "reset_reason": null, "policy": {"pass": 1.0}, "value": 0.48146089911460876}}
{"step": {"step": 42, "player_id": 0, "played": null, "field_after": [], "reset_reason": "all_pass", "policy": {"pass": 1.0}, "value": 0.4447605013847351}}
{"step": {"step": 43, "player_id": 1, "played": ["♣7"], "field_after": ["♣7"], "reset_reason": null, "policy": {"♣7": 0.36253688058175165, "♦9": 0.3207508014782127, "♠J": 0.3167123179400357}, "value": 0.4817560911178589}}
{"step": {"step": 44, "player_id": 2, "played": ["♥8"], "field_after": [], "reset_reason": "eight_cut", "policy": {"♥8": 0.35195538749129934, "♥9": 0.30401046381452745, "pass": 0.3440341486941732}, "value": 0.5429819822311401}}
{"step": {"step": 45, "player_id": 2, "played": ["♥9"], "field_after": ["♥9"], "reset_reason": null, "policy": {"♦5": 0.5724030513650364, "♥9": 0.42759694863496356}, "value": 0.5517423748970032}}
{"step": {"step": 46, "player_id": 3, "played": ["♠10"], "field_after": ["♠10"], "reset_reason": null, "policy": {"♠10": 0.3440449211999747, "♦10": 0.29761918698262513, "pass": 0.3583358918174001}, "value": 0.4767635464668274}}
{"step": {"step": 47, "player_id": 0, "played": ["♥K"], "field_after": ["♥K"], "reset_reason": null, "policy": {"♥K": 0.3333345979201286, "♥Q": 0.338131800186474, "pass": 0.3285336018933975}, "value": 0.4565409719944}}
{"step": {"step": 48, "player_id": 1, "played": null, "field_after": ["♥K"], "reset_reason": null, "policy": {"pass": 1.0}, "value": 0.4725126028060913}}
{"step": {"step": 49, "player_id": 2, "played": null, "field_after": ["♥K"], "reset_reason": null, "policy": {"pass": 1.0}, "value": 0.5398613810539246}}
{"step": {"step": 50, "player_id": 3, "played": null, "field_after": [], "reset_reason": "all_pass", "policy": {"pass": 1.0}, "value": 0.46995729207992554}}
{"step": {"step": 51, "player_id": 0, "played": ["♦6"], "field_after": ["♦6"], "reset_reason": null, "policy": {"♠6": 0.10749938854718313, "♦6": 0.08777798237890286, "♦7": 0.08772981572679205, "♠8": 0.09066386685776846, "♦8": 0.08511596644243935, "♠9": 0.11452280431505278, "♣10": 0.08026372769241831, "♠6|♦6": 0.0896316184687243, "♦8|♠8": 0.10362750710655613, "♦6|♦7|♦8": 0.07972975223113225, "♥Q": 0.0734375702330303}, "value": 0.469237744808197}}
{"step": {"step": 52, "player_id": 1, "played": ["♦9"], "field_after": ["♦9"], "reset_reason": null, "policy": {"♦9": 0.34952446026699613, "♠J": 0.3067642484582848, "pass": 0.34371129127471906}, "value": 0.48251697421073914}}
{"step": {"step": 53, "player_id": 2, "played": null, "field_after": ["♦9"], "reset_reason": null, "policy": {"pass": 1.0}, "value": 0.5529664754867554}}
{"step": {"step": 54, "player_id": 3, "played": ["♦10"], "field_after": ["♦10"], "reset_reason": null, "policy": {"♦10": 0.5257347848339831, "pass": 0.47426521516601705}, "value": 0.48655951023101807}}
{"step": {"step": 55, "player_id": 0, "played": ["♥Q"], "field_after": ["♥Q"], "reset_reason": null, "policy": {"♥Q": 0.5290259614367544, "pass": 0.4709740385632456}, "value": 0.44725680351257324}}
{"step": {"step": 56, "player_id": 1, "played": null, "field_after": ["♥Q"], "reset_reason": null, "policy": {"pass": 1.0}, "value": 0.4671799838542938}}
{"step": {"step": 57, "player_id": 2, "played": null, "field_after": ["♥Q"], "reset_reason": null, "policy": {"pass": 1.0}, "value": 0.5558075904846191}}
{"step": {"step": 58, "player_id": 3, "played": null, "field_after": [], "reset_reason": "all_pass", "policy": {"pass": 1.0}, "value": 0.47681868076324463}}
{"step": {"step": 59, "player_id": 0, "played": ["♣10"], "field_after": ["♣10"], "reset_reason": null, "policy": {"♠6": 0.16330019455081954, "♦7": 0.13402861668197194, "♠8": 0.13449629263046387, "♦8": 0.13808498354934487, "♠9": 0.13334345779919826, "♣10": 0.1762113485035446, "♦8|♠8": 0.12053510628465691}, "value": 0.47672221064567566}}
{"step": {"step": 60, "player_id": 1, "played": ["♠J"], "field_after": ["♠J"], "reset_reason": null, "policy": {"♠J": 0.5289856666921174, "pass": 0.4710143333078826}, "value": 0.4879722595214844}}
{"step": {"step": 61, "player_id": 2, "played": null, "field_after": ["♠J"], "reset_reason": null, "policy": {"pass": 1.0}, "value": 0.5546165108680725}}
{"step": {"step": 62, "player_id": 3, "played": null, "field_after": ["♠J"], "reset_reason": null, "policy": {"pass": 1.0}, "value": 0.4807445704936981}}
{"step": {"step": 63, "player_id": 0, "played": null, "field_after": [], "reset_reason": "all_pass", "policy": {"pass": 1.0}, "value": 0.4636911153793335}}
{"step": {"step": 64, "player_id": 1, "played": null, "field_after": [], "reset_reason": null, "policy": {}, "value": 1.0}}
{"step": {"step": 65, "player_id": 2, "played": ["♦5"], "field_after": ["♦5"], "reset_reason": null, "policy": {"♦5": 1.0}, "value": 0.5510507225990295}}
{"step": {"step": 66, "player_id": 3, "played": ["♣8"], "field_after": [], "reset_reason": "eight_cut", "policy": {"♥6": 0.2659568474854817, "♣8": 0.23186790454007944, "♣9": 0.2579980895300818, "pass": 0.24417715844435706}, "value": 0.48165103793144226}}
{"step": {"step": 67, "player_id": 3, "played": ["♥6"], "field_after": ["♥6"], "reset_reason": null, "policy": {"♠3": 0.11064844454894017, "♥3": 0.0987406596275369, "♦3": 0.09953886690448846, "♥5": 0.09701995982768029, "♥6": 0.09404393532131891, "♣9": 0.13049637763343494, "♠3|♥3": 0.08191408826422936, "♠3|♦3": 0.0946417896688758, "♦3|♥3": 0.10693510559612374, "♠3|♦3|♥3": 0.08602077260737154}, "value": 0.48938003182411194}}
{"step": {"step": 68, "player_id": 0, "played": ["♦7"], "field_after": ["♦7"], "reset_reason": null, "policy": {"♦7": 0.2207127694898666, "♠8": 0.18934366243365008, "♦8": 0.2033119961451927, "♠9": 0.19860593816459945, "pass": 0.18802563376669112}, "value": 0.458538293838501}}
{"step": {"step": 69, "player_id": 3, "played": ["♣9"], "field_after": ["♣9"], "reset_reason": null, "policy": {"♣9": 0.5155206232215215, "pass": 0.48447937677847863}, "value": 0.47337114810943604}}
{"step": {"step": 70, "player_id": 0, "played": null, "field_after": [], "reset_reason": "all_pass", "policy": {"pass": 1.0}, "value": 0.44488465785980225}}
{"step": {"step": 71, "player_id": 3, "played": ["♠3", "♥3"], "field_after": ["♠3", "♥3"], "reset_reason": null, "policy": {"♠3": 0.13699021778012957, "♥3": 0.11978580698980648, "♦3": 0.11861310699790542, "♥5": 0.11792243621695143, "♠3|♥3": 0.11790114813092306, "♠3|♦3": 0.1631454859100396, "♦3|♥3": 0.10228402723421344, "♠3|♦3|♥3": 0.12335777074003088}, "value": 0.48409515619277954}}
{"step": {"step": 72, "player_id": 0, "played": ["♦8", "♠8"], "field_after": [], "reset_reason": "eight_cut", "policy": {"♦8|♠8": 0.532933839711716, "pass": 0.46706616028828396}, "value": 0.45196792483329773}}
{"step": {"step": 73, "player_id": 0, "played": ["♠6"], "field_after": ["♠6"], "reset_reason": null, "policy": {"♠6": 0.5515513808423802, "♠9": 0.4484486191576198}, "value": 0.45996350049972534}}
{"step": {"step": 74, "player_id": 3, "played": null, "field_after": [], "reset_reason": "all_pass", "policy": {"pass": 1.0}, "value": 0.47266408801078796}}
{"step": {"step": 75, "player_id": 0, "played": ["♠9"], "field_after": ["♠9"], "reset_reason": null, "policy": {"♠9": 1.0}, "value": 0.45345988869667053}}
{"episode_end": {"episode": 8, "ended": true}}
{"episode_summary": {"episode": 9, "seed": 12354, "ended": true, "steps_count": 79, "winner": 1}}
{"initial_hands": [["♣8", "♦8", "♣A", "♠2", "♥Q", "♥7", "JOKER(♣8)", "♣K", "♥6", "♣Q", "♠Q", "♥3", "♠A", "♦4"], ["♦6", "♠8", "♥A", "♣7", "♦K", "♥J", "♠6", "♦10", "♠J", "♠10", "♥K", "♦2", "♦J"], ["♦A", "♥10", "♦7", "♦Q", "♦5", "♥9", "♥8", "♠7", "♣10", "♥4", "♠K", "♥2", "♣2"], ["♥5", "♣6", "♣5", "♠3", "♣4", "♠9", "♣J", "♦9", "♠5", "♣9", "♠4", "♦3", "♣3"]]}
{"step": {"step": 1, "player_id": 3, "played": ["♣3", "♣4", "♣5"], "field_after": ["♣3", "♣4", "♣5"], "reset_reason": null, "policy": {"♠3": 0.03856383654709281, "♣3": 0.03492711203475177, "♦3": 0.0348391410232552, "♠4": 0.032849370608476904, "♣4": 0.035209439206195535, "♠5": 0.04273692410966179, "♣5": 0.027676265970094444, "♥5": 0.036141632910708675, "♣6": 0.037102077436073695, "♠9": 0.03245908215702861, "♣9": 0.029063668654060855, "♦9": 0.03546430876357935, "♠3|♣3": 0.02875643533237794, "♠3|♦3": 0.03723756082857034, "♦3|♣3": 0.032948826789715925, "♣4|♠4": 0.030275716063538842, "♣5|♠5": 0.039943850956662925, "♥5|♠5": 0.03011902581000786, "♥5|♣5": 0.03188788233575546, "♠9|♣9": 0.027008956958676226, "♠9|♦9": 0.0437241751874436, "♦9|♣9": 0.027311046491946284, "♠3|♦3|♣3": 0.02608567594089043, "♥5|♣5|♠5": 0.03687954712728553, "♠9|♦9|♣9": 0.034962720676269265, "♠3|♠4|♠5": 0.026557141835305158, "♣3|♣4|♣5": 0.03564724781684497, "♣4|♣5|♣6": 0.02967390771145986, "♣3|♣4|♣5|♣6": 0.029238032787978603, "♣J": 0.034709389928291305}, "value": 0.4730566143989563}}
{"step": {"step": 2, "player_id": 0, "played": ["JOKER(♥8)", "♣Q", "♣K"], "field_after": ["JOKER(♣A)", "♣Q", "♣K"], "reset_reason": null, "policy": {"JOKER(♥8)|♣Q|♣K": 0.3394863427315958, "♥6|♥7|JOKER(♥8)": 0.3294364731867678, "pass": 0.3310771840816364}, "value": 0.4489334523677826}}
{"step": {"step": 3, "player_id": 1, "played": null, "field_after": ["JOKER(♣A)", "♣Q", "♣K"], "reset_reason": null, "policy": {"pass": 1.0}, "value": 0.46232473850250244}}
{"step": {"step": 4, "player_id": 2, "played": null, "field_after": ["JOKER(♣A)", "♣Q", "♣K"], "reset_reason": null, "policy": {"pass": 1.0}, "value": 0.5422118306159973}}
{"step": {"step": 5, "player_id": 3, "played": null, "field_after": [], "reset_reason": "all_pass", "policy": {"pass": 1.0}, "value": 0.4713956415653229}}
{"step": {"step": 6, "player_id": 0, "played": ["♣A", "♠A"], "field_after": ["♣A", "♠A"], "reset_reason": null, "policy": {"♥3": 0.07993417807125955, "♦4": 0.07197952891523354, "♥6": 0.06873429033523981, "♥7": 0.07086107188687227, "♣8": 0.07220485448358331, "♦8": 0.09223605669670273, "♠2": 0.058712187149711284, "♣8|♦8": 0.07156678890082813, "♣A|♠A": 0.07781313918557248, "♥Q|♠Q": 0.06380014891566832, "♠A": 0.05786392242169054, "♠Q": 0.07153659935404691, "♣A": 0.0617488957840782, "♥Q": 0.08100833789951294}, "value": 0.4498736560344696}}
{"step": {"step": 7, "player_id": 1, "played": null, "field_after": ["♣A", "♠A"], "reset_reason": null, "policy": {"pass": 1.0}, "value": 0.47032490372657776}}
{"step": {"step": 8, "player_id": 2, "played": ["♥2", "♣2"], "field_after": ["♥2", "♣2"], "reset_reason": null, "policy": {"♥2|♣2": 0.5452525974033886, "pass": 0.45474740259661134}, "value": 0.5285769104957581}}
{"step": {"step": 9, "player_id": 3, "played": null, "field_after": ["♥2", "♣2"], "reset_reason": null, "policy": {"pass": 1.0}, "value": 0.47575655579566956}}
{"step": {"step": 10, "player_id": 0, "played": null, "field_after": ["♥2", "♣2"], "reset_reason": null, "policy": {"pass": 1.0}, "value": 0.46621882915496826}}
{"step": {"step": 11, "player_id": 1, "played": null, "field_after": [], "reset_reason": "all_pass", "policy": {"pass": 1.0}, "value": 0.49774181842803955}}
{"step": {"step": 12, "player_id": 2, "played": ["♠K"], "field_after": ["♠K"], "reset_reason": null, "policy": {"♥4": 0.0854687783149911, "♦5": 0.0682201788600123, "♠7": 0.06693057109067396, "♦7": 0.07106845679114576, "♥8": 0.058316851749629736, "♥9": 0.09145770617729611, "♣10": 0.0677519202613063, "♥10": 0.07178138630851953, "♦7|♠7": 0.08255820497127425, "♥10|♣10": 0.06073442410625522, "♥8|♥9|♥10": 0.05739820023658442, "♠K": 0.07002688716844119, "♦A": 0.06564529683674691, "♦Q": 0.08264113712712318}, "value": 0.5402416586875916}}
{"step": {"step": 13, "player_id": 3, "played": null, "field_after": ["♠K"], "reset_reason": null, "policy": {"pass": 1.0}, "value": 0.4604913592338562}}
{"step": {"step": 14, "player_id": 0, "played": ["♠2"], "field_after": ["♠2"], "reset_reason": null, "policy": {"♠2": 0.5072287871822315, "pass": 0.4927712128177685}, "value": 0.4466317892074585}}
{"step": {"step": 15, "player_id": 1, "played": null, "field_after": ["♠2"], "reset_reason": null, "policy": {"pass": 1.0}, "value": 0.45801475644111633}}
{"step": {"step": 16, "player_id": 2, "played": null, "field_after": ["♠2"], "reset_reason": null, "policy": {"pass": 1.0}, "value": 0.5389947891235352}}
{"step": {"step": 17, "player_id": 3, "played": null, "field_after": [], "reset_reason": "all_pass", "policy": {"pass": 1.0}, "value": 0.46467137336730957}}
{"step": {"step": 18, "player_id": 0, "played": ["♣8"], "field_after": [], "reset_reason": "eight_cut", "policy": {"♥3": 0.10750200784738047, "♦4": 0.09897004326923925, "♥6": 0.09407618905460827, "♥7": 0.0989212769486192, "♣8": 0.09997027007172664, "♦8": 0.1256139267010108, "♣8|♦8": 0.08285802255674911, "♥Q|♠Q": 0.0974974812388877, "♠Q": 0.10626625149189872, "♥Q": 0.0883245308198799}, "value": 0.4546363353729248}}
{"step": {"step": 19, "player_id": 0, "played": ["♦8"], "field_after": [], "reset_reason": "eight_cut", "policy": {"♥3": 0.134037903642795, "♦4": 0.12211781313864663, "♥6": 0.11664673594318441, "♥7": 0.12138640134751733, "♦8": 0.1215167658276741, "♥Q|♠Q": 0.15696590775416372, "♠Q": 0.10418148129446808, "♥Q": 0.12314699105155069}, "value": 0.45272961258888245}}
{"step": {"step": 20, "player_id": 0, "played": ["♥3"], "field_after": ["♥3"], "reset_reason": null, "policy": {"♥3": 0.1507349337777385, "♦4": 0.1421275132517084, "♥6": 0.132320586093082, "♥7": 0.1397332208168692, "♥Q|♠Q": 0.13600673052802603, "♠Q": 0.1834655261368012, "♥Q": 0.11561148939577476}, "value": 0.45333269238471985}}
{"step": {"step": 21, "player_id": 1, "played": ["♦10"], "field_after": ["♦10"], "reset_reason": null, "policy": {"♠6": 0.08146381591148119, "♦6": 0.07741994148414845, "♣7": 0.07089501298698278, "♠8": 0.07586080605566813, "♠10": 0.06792680670184721, "♦10": 0.08777611275196413, "♦2": 0.05801858165706829, "♠J": 0.07120215779932237, "♥A": 0.08289696075655481, "♥J": 0.06593386404984747, "♥K": 0.06483956627183501, "♦J": 0.07086855689813576, "♦K": 0.05195329371863171, "pass": 0.07294452295651263}, "value": 0.46642494201660156}}
{"step": {"step": 22, "player_id": 2, "played": ["♦Q"], "field_after": ["♦Q"], "reset_reason": null, "policy": {"♦A": 0.35836906748337816, "♦Q": 0.31181332049437704, "pass": 0.32981761202224474}, "value": 0.527576744556427}}
{"step": {"step": 23, "player_id": 3, "played": null, "field_after": ["♦Q"], "reset_reason": null, "policy": {"pass": 1.0}, "value": 0.47044435143470764}}
{"step": {"step": 24, "player_id": 0, "played": null, "field_after": ["♦Q"], "reset_reason": null, "policy": {"pass": 1.0}, "value": 0.4532293379306793}}
{"step": {"step": 25, "player_id": 1, "played": ["♦2"], "field_after": ["♦2"], "reset_reason": null, "policy": {"♦2": 0.21960824478104923, "♥A": 0.2044918156213387, "♥K": 0.18682298071288406, "♦K": 0.20630287536792263, "pass": 0.1827740835168054}, "value": 0.4846839904785156}}
{"step": {"step": 26, "player_id": 2, "played": null, "field_after": ["♦2"], "reset_reason": null, "policy": {"pass": 1.0}, "value": 0.54770427942276}}
{"step": {"step": 27, "player_id": 3, "played": null, "field_after": ["♦2"], "reset_reason": null, "policy": {"pass": 1.0}, "value": 0.475025475025177}}
{"step": {"step": 28, "player_id": 0, "played": null, "field_after": [], "reset_reason": "all_pass", "policy": {"pass": 1.0}, "value": 0.4460488557815552}}
{"step": {"step": 29, "player_id": 1, "played": ["♠10"], "field_after": ["♠10"], "reset_reason": null, "policy": {"♠6": 0.06652247643128134, "♦6": 0.06144509010463006, "♣7": 0.05737776750738226, "♠8": 0.06163611205600781, "♠10": 0.05650972748568746, "♦6|♠6": 0.07171043333756758, "♥J|♠J": 0.04798639055456441, "♠J|♦J": 0.05332274852104458, "♥J|♦J": 0.07113183146042337, "♦K|♥K": 0.053534030212211224, "♥J|♠J|♦J": 0.05125476947725237, "♠J": 0.06155519148694691, "♥A": 0.042541289614721374, "♥J": 0.06465006098578771, "♥K": 0.057474348607920146, "♦J": 0.05073206784761479, "♦K": 0.07061566430895655}, "value": 0.4839472472667694}}
{"step": {"step": 30, "player_id": 2, "played": ["♦A"], "field_after": ["♦A"], "reset_reason": null, "policy": {"♦A": 0.5057774594880032, "pass": 0.4942225405119968}, "value": 0.5376631617546082}}
{"step": {"step": 31, "player_id": 3, "played": null, "field_after": ["♦A"], "reset_reason": null, "policy": {"pass": 1.0}, "value": 0.47926950454711914}}
{"step": {"step": 32, "player_id": 0, "played": null, "field_after": ["♦A"], "reset_reason": null, "policy": {"pass": 1.0}, "value": 0.4326704740524292}}
{"step": {"step": 33, "player_id": 1, "played": null, "field_after": [], "reset_reason": "all_pass", "policy": {"pass": 1.0}, "value": 0.4631141126155853}}
{"step": {"step": 34, "player_id": 2, "played": ["♥9"], "field_after": ["♥9"], "reset_reason": null, "policy": {"♥4": 0.10805173629384575, "♦5": 0.0861745996445133, "♠7": 0.08461553372265897, "♦7": 0.0926000361627739, "♥8": 0.07516911168799283, "♥9": 0.1172692970717937, "♣10": 0.08440159170782598, "♥10": 0.09293161462601755, "♦7|♠7": 0.10678012093749814, "♥10|♣10": 0.0782587924653518, "♥8|♥9|♥10": 0.07374756567972818}, "value": 0.5555286407470703}}
{"step": {"step": 35, "player_id": 3, "played": ["♣J"], "field_after": ["♣J"], "reset_reason": null, "policy": {"♣J": 0.536753678427079, "pass": 0.46324632157292095}, "value": 0.47181636095046997}}
{"step": {"step": 36, "player_id": 0, "played": ["♥Q"], "field_after": ["♥Q"], "reset_reason": null, "policy": {"♠Q": 0.34088998489135935, "♥Q": 0.32903077045731444, "pass": 0.3300792446513262}, "value": 0.43646103143692017}}
{"step": {"step": 37, "player_id": 1, "played": ["♦K"], "field_after": ["♦K"], "reset_reason": null, "policy": {"♥A": 0.2738655979903161, "♥K": 0.24264649434171753, "♦K": 0.24431234192242568, "pass": 0.2391755657455407}, "value": 0.46912872791290283}}
{"step": {"step": 38, "player_id": 2, "played": null, "field_after": ["♦K"], "reset_reason": null, "policy": {"pass": 1.0}, "value": 0.5434815287590027}}
{"step": {"step": 39, "player_id": 3, "played": null, "field_after": ["♦K"], "reset_reason": null, "policy": {"pass": 1.0}, "value": 0.46593913435935974}}
{"step": {"step": 40, "player_id": 0, "played": null, "field_after": [], "reset_reason": "all_pass", "policy": {"pass": 1.0}, "value": 0.444445937871933}}
{"step": {"step": 41, "player_id": 1, "played": ["♦J"], "field_after": ["♦J"], "reset_reason": null, "policy": {"♠6": 0.08262001587065068, "♦6": 0.07001467167830158, "♣7": 0.06799598693119593, "♠8": 0.07444436592341318, "♦6|♠6": 0.06867456181077213, "♥J|♠J": 0.09005984279934055, "♠J|♦J": 0.059844632484219, "♥J|♦J": 0.06610047717384314, "♥J|♠J|♦J": 0.08440822658097621, "♠J": 0.06326564408652532, "♥A": 0.061817356968239846, "♥J": 0.07592883226049739, "♥K": 0.055986575253416514, "♦J": 0.07883881017860866}, "value": 0.47219136357307434}}
{"step": {"step": 42, "player_id": 2, "played": null, "field_after": ["♦J"], "reset_reason": null, "policy": {"pass": 1.0}, "value": 0.5653851628303528}}
{"step": {"step": 43, "player_id": 3, "played": null, "field_after": ["♦J"], "reset_reason": null, "policy": {"pass": 1.0}, "value": 0.47678691148757935}}
{"step": {"step": 44, "player_id": 0, "played": ["♠Q"], "field_after": ["♠Q"], "reset_reason": null, "policy": {"♠Q": 0.49508764941201616, "pass": 0.5049123505879838}, "value": 0.4601490795612335}}
{"step": {"step": 45, "player_id": 1, "played": ["♥A"], "field_after": ["♥A"], "reset_reason": null, "policy": {"♥A": 0.3668449506749322, "♥K": 0.3073886063444619, "pass": 0.32576644298060586}, "value": 0.4626452624797821}}
{"step": {"step": 46, "player_id": 2, "played": null, "field_after": ["♥A"], "reset_reason": null, "policy": {"pass": 1.0}, "value": 0.5475925207138062}}
{"step": {"step": 47, "player_id": 3, "played": null, "field_after": ["♥A"], "reset_reason": null, "policy": {"pass": 1.0}, "value": 0.4684602916240692}}
{"step": {"step": 48, "player_id": 0, "played": null, "field_after": [], "reset_reason": "all_pass", "policy": {"pass": 1.0}, "value": 0.43917062878608704}}
{"step": {"step": 49, "player_id": 1, "played": ["♦6", "♠6"], "field_after": ["♦6", "♠6"], "reset_reason": null, "policy": {"♠6": 0.12409257375446404, "♦6": 0.10705522565393208, "♣7": 0.1062798838038817, "♠8": 0.11151075550091921, "♦6|♠6": 0.10834745714557184, "♥J|♠J": 0.1331065588993794, "♠J": 0.08656823868011193, "♥J": 0.10024717880388782, "♥K": 0.12279212775785193}, "value": 0.47572046518325806}}
{"step": {"step": 50, "player_id": 2, "played": ["♦7", "♠7"], "field_after": ["♦7", "♠7"], "reset_reason": null, "policy": {"♦7|♠7": 0.3530188180224678, "♥10|♣10": 0.32598409867173034, "pass": 0.32099708330580184}, "value": 0.5609250068664551}}
{"step": {"step": 51, "player_id": 3, "played": ["♠9", "♦9"], "field_after": ["♠9", "♦9"], "reset_reason": null, "policy": {"♠9|♣9": 0.2770807527511791, "♠9|♦9": 0.2372453842145905, "♦9|♣9": 0.2502621054072953, "pass": 0.2354117576269351}, "value": 0.4690383970737457}}
{"step": {"step": 52, "player_id": 0, "played": null, "field_after": ["♠9", "♦9"], "reset_reason": null, "policy": {"pass": 1.0}, "value": 0.45855414867401123}}
{"step": {"step": 53, "player_id": 1, "played": ["♥J", "♠J"], "field_after": ["♥J", "♠J"], "reset_reason": null, "policy": {"♥J|♠J": 0.5226442677510442, "pass": 0.4773557322489558}, "value": 0.4920796751976013}}
{"step": {"step": 54, "player_id": 2, "played": null, "field_after": ["♥J", "♠J"], "reset_reason": null, "policy": {"pass": 1.0}, "value": 0.5557769536972046}}
{"step": {"step": 55, "player_id": 3, "played": null, "field_after": ["♥J", "♠J"], "reset_reason": null, "policy": {"pass": 1.0}, "value": 0.47658082842826843}}
{"step": {"step": 56, "player_id": 0, "played": null, "field_after": [], "reset_reason": "all_pass", "policy": {"pass": 1.0}, "value": 0.4645216464996338}}
{"step": {"step": 57, "player_id": 1, "played": ["♥K"], "field_after": ["♥K"], "reset_reason": null, "policy": {"♣7": 0.3624202782251669, "♠8": 0.31386161817683017, "♥K": 0.32371810359800296}, "value": 0.48823830485343933}}
{"step": {"step": 58, "player_id": 2, "played": null, "field_after": ["♥K"], "reset_reason": null, "policy": {"pass": 1.0}, "value": 0.5470606088638306}}
{"step": {"step": 59, "player_id": 3, "played": null, "field_after": ["♥K"], "reset_reason": null, "policy": {"pass": 1.0}, "value": 0.47038695216178894}}
{"step": {"step": 60, "player_id": 0, "played": null, "field_after": [], "reset_reason": "all_pass", "policy": {"pass": 1.0}, "value": 0.44344255328178406}}
{"step": {"step": 61, "player_id": 1, "played": ["♠8"], "field_after": [], "reset_reason": "eight_cut", "policy": {"♣7": 0.5323809203595746, "♠8": 0.46761907964042543}, "value": 0.4877803325653076}}
{"step": {"step": 62, "player_id": 1, "played": ["♣7"], "field_after": ["♣7"], "reset_reason": null, "policy": {"♣7": 1.0}, "value": 0.48742014169692993}}
{"step": {"step": 63, "player_id": 2, "played": ["♥8"], "field_after": [], "reset_reason": "eight_cut", "policy": {"♥8": 0.26029598804125237, "♣10": 0.242549080838331, "♥10": 0.25690878112948123, "pass": 0.24024614999093538}, "value": 0.543631374835968}}
{"step": {"step": 64, "player_id": 2, "played": ["♣10"], "field_after": ["♣10"], "reset_reason": null, "policy": {"♥4": 0.23810632509274518, "♦5": 0.18947483946281882, "♣10": 0.19696599611961044, "♥10": 0.19747653527718229, "♥10|♣10": 0.17797630404764334}, "value": 0.5506971478462219}}
{"step": {"step": 65, "player_id": 3, "played": null, "field_after": ["♣10"], "reset_reason": null, "policy": {"pass": 1.0}, "value": 0.47599801421165466}}
{"step": {"step": 66, "player_id": 0, "played": null, "field_after": [], "reset_reason": "all_pass", "policy": {"pass": 1.0}, "value": 0.4514167904853821}}
{"step": {"step": 67, "player_id": 2, "played": ["♥4"], "field_after": ["♥4"], "reset_reason": null, "policy": {"♥4": 0.38522389742814406, "♦5": 0.300208248933044, "♥10": 0.31456785363881196}, "value": 0.5506954789161682}}
{"step": {"step": 68, "player_id": 3, "played": ["♣9"], "field_after": ["♣9"], "reset_reason": null, "policy": {"♠5": 0.21049832715049796, "♥5": 0.1986538292046257, "♣6": 0.2092321647911817, "♣9": 0.19234636871195618, "pass": 0.18926931014173853}, "value": 0.47575169801712036}}
{"step": {"step": 69, "player_id": 0, "played": null, "field_after": ["♣9"], "reset_reason": null, "policy": {"pass": 1.0}, "value": 0.43007248640060425}}
{"step": {"step": 70, "player_id": 2, "played": ["♥10"], "field_after": ["♥10"], "reset_reason": null, "policy": {"♥10": 0.5413410172603935, "pass": 0.4586589827396064}, "value": 0.5561922788619995}}
{"step": {"step": 71, "player_id": 3, "played": null, "field_after": ["♥10"], "reset_reason": null, "policy": {"pass": 1.0}, "value": 0.47169050574302673}}
{"step": {"step": 72, "player_id": 0, "played": null, "field_after": [], "reset_reason": "all_pass", "policy": {"pass": 1.0}, "value": 0.44879457354545593}}
{"step": {"step": 73, "player_id": 2, "played": ["♦5"], "field_after": ["♦5"], "reset_reason": null, "policy": {"♦5": 1.0}, "value": 0.5510415434837341}}
{"step": {"step": 74, "player_id": 3, "played": ["♣6"], "field_after": ["♣6"], "reset_reason": null, "policy": {"♣6": 0.5160707522784882, "pass": 0.48392924772151186}, "value": 0.47229132056236267}}
{"step": {"step": 75, "player_id": 0, "played": ["♥7"], "field_after": ["♥7"], "reset_reason": null, "policy": {"♥7": 0.5230104690866955, "pass": 0.4769895309133044}, "value": 0.447206974029541}}
{"step": {"step": 76, "player_id": 3, "played": null, "field_after": [], "reset_reason": "all_pass", "policy": {"pass": 1.0}, "value": 0.4763999879360199}}
{"step": {"step": 77, "player_id": 0, "played": ["♥6"], "field_after": ["♥6"], "reset_reason": null, "policy": {"♦4": 0.5500933144443221, "♥6": 0.449906685555678}, "value": 0.45061349868774414}}
{"step": {"step": 78, "player_id": 3, "played": null, "field_after": [], "reset_reason": "all_pass", "policy": {"pass": 1.0}, "value": 0.47944891452789307}}
{"step": {"step": 79, "player_id": 0, "played": ["♦4"], "field_after": ["♦4"], "reset_reason": null, "policy": {"♦4": 1.0}, "value": 0.45370298624038696}}
{"episode_end": {"episode": 9, "ended": true}}
{"episode_summary": {"episode": 10, "seed": 12355, "ended": true, "steps_count": 98, "winner": 2}}
{"initial_hands": [["♦3", "♣9", "♦K", "♦8", "♣K", "♥8", "♦4", "♣4", "♦9", "♠6", "♦A", "♣6", "♠5", "♥7"], ["♣10", "♥2", "♦7", "♠Q", "♥5", "♦10", "♦6", "♠4", "♦5", "♦Q", "♣J", "♦2", "JOKER(♣A)"], ["♥10", "♠10", "♥J", "♣7", "♣A", "♥Q", "♣Q", "♠8", "♥A", "♠J", "♠2", "♥9", "♣2"], ["♠7", "♦J", "♠9", "♠3", "♥K", "♣8", "♠K", "♥3", "♠A", "♥6", "♣5", "♣3", "♥4"]]}
{"step": {"step": 1, "player_id": 0, "played": ["♣K"], "field_after": ["♣K"], "reset_reason": null, "policy": {"♦3": 0.06132584314816782, "♣4": 0.050836071746859064, "♦4": 0.052211565313379636, "♠5": 0.05218154605044199, "♠6": 0.05265688606066342, "♣6": 0.06393828948255144, "♥7": 0.0441566953030269, "♥8": 0.05430584448704791, "♦8": 0.05566935538954625, "♣9": 0.04903575275732171, "♦9": 0.0419846030369206, "♦4|♣4": 0.05763523408320316, "♠6|♣6": 0.047432770550386215, "♦8|♥8": 0.06001524354720085, "♣9|♦9": 0.05153417958556541, "♦K|♣K": 0.04559632640702467, "♣K": 0.06696668312663204, "♦A": 0.048273016786373496, "♦K": 0.04424409313768736}, "value": 0.4609517455101013}}
{"step": {"step": 2, "player_id": 1, "played": ["♥2"], "field_after": ["♥2"], "reset_reason": null, "policy": {"♥2": 0.35629485375225123, "♦2": 0.31986532517822386, "pass": 0.32383982106952497}, "value": 0.461393803358078}}
{"step": {"step": 3, "player_id": 2, "played": null, "field_after": ["♥2"], "reset_reason": null, "policy": {"pass": 1.0}, "value": 0.5485785007476807}}
{"step": {"step": 4, "player_id": 3, "played": null, "field_after": ["♥2"], "reset_reason": null, "policy": {"pass": 1.0}, "value": 0.4760282635688782}}
{"step": {"step": 5, "player_id": 0, "played": null, "field_after": [], "reset_reason": "all_pass", "policy": {"pass": 1.0}, "value": 0.46382418274879456}}
{"step": {"step": 6, "player_id": 1, "played": ["♦10", "JOKER(♣A)", "♦Q"], "field_after": ["♦10", "JOKER(♦J)", "♦Q"], "reset_reason": null, "policy": {"♠4": 0.03248372332845804, "♥5": 0.027408605153704413, "♦5": 0.028054639872688223, "♦6": 0.030033295740191316, "♦7": 0.02821895220856653, "♣10": 0.03714581335722496, "♦10": 0.02564494398487915, "♦2": 0.03135613059818138, "♠4|JOKER(♣A)": 0.03204866573742623, "♥5|♦5": 0.026523678773319292, "♥5|JOKER(♣A)": 0.024165154044005505, "♦5|JOKER(♣A)": 0.030921652046981944, "♦6|JOKER(♣A)": 0.024888253297857425, "♦7|JOKER(♣A)": 0.035009328084867196, "♣10|♦10": 0.02969707153172098, "♣10|JOKER(♣A)": 0.024787527441994348, "♦10|JOKER(♣A)": 0.03531354719403458, "♦2|JOKER(♣A)": 0.02641398976681126, "♠Q|JOKER(♣A)": 0.024917018162648904, "♣J|JOKER(♣A)": 0.02231521024767838, "♦Q|JOKER(♣A)": 0.03484022063831444, "♠Q|♦Q": 0.022277103151146622, "♥5|♦5|JOKER(♣A)": 0.021195282434158372, "♣10|♦10|JOKER(♣A)": 0.034056302253104305, "♠Q|♦Q|JOKER(♣A)": 0.03006151485299478, "♦5|♦6|♦7": 0.02181630025350396, "JOKER(♣A)|♦5|♦6": 0.03212942856155374, "♦6|♦7|JOKER(♣A)": 0.025351199233111466, "♣10|♣J|JOKER(♣A)": 0.023910991131410955, "♦10|JOKER(♣A)|♦Q": 0.029776266258347183, "♦5|♦6|♦7|JOKER(♣A)": 0.030452695626404423, "JOKER(♣A)": 0.03252578986852884, "♠Q": 0.03020043192533562, "♣J": 0.021789759954605872, "♦Q": 0.032269513284239285}, "value": 0.470773845911026}}
{"step": {"step": 7, "player_id": 2, "played": null, "field_after": ["♦10", "JOKER(♦J)", "♦Q"], "reset_reason": null, "policy": {"pass": 1.0}, "value": 0.5241801738739014}}
{"step": {"step": 8, "player_id": 3, "played": null, "field_after": ["♦10", "JOKER(♦J)", "♦Q"], "reset_reason": null, "policy": {"pass": 1.0}, "value": 0.46304088830947876}}
{"step": {"step": 9, "player_id": 0, "played": null, "field_after": [], "reset_reason": "all_pass", "policy": {"pass": 1.0}, "value": 0.43977370858192444}}
{"step": {"step": 10, "player_id": 1, "played": ["♦2"], "field_after": ["♦2"], "reset_reason": null, "policy": {"♠4": 0.10149459034566886, "♥5": 0.09079335048795899, "♦5": 0.08828916662792131, "♦6": 0.08938194165409447, "♦7": 0.08585565409581057, "♣10": 0.11415943418009829, "♦2": 0.07675329025480979, "♥5|♦5": 0.09050394561916783, "♦5|♦6|♦7": 0.104288987541283, "♠Q": 0.08547570930884472, "♣J": 0.07300392988434219}, "value": 0.4755537807941437}}
{"step": {"step": 11, "player_id": 2, "played": null, "field_after": ["♦2"], "reset_reason": null, "policy": {"pass": 1.0}, "value": 0.5469143986701965}}
{"step": {"step": 12, "player_id": 3, "played": null, "field_after": ["♦2"], "reset_reason": null, "policy": {"pass": 1.0}, "value": 0.4754520654678345}}
{"step": {"step": 13, "player_id": 0, "played": null, "field_after": [], "reset_reason": "all_pass", "policy": {"pass": 1.0}, "value": 0.46029743552207947}}
{"step": {"step": 14, "player_id": 1, "played": ["♠4"], "field_after": ["♠4"], "reset_reason": null, "policy": {"♠4": 0.11158406487090773, "♥5": 0.09529991869897976, "♦5": 0.09717385714136152, "♦6": 0.09597446692688856, "♦7": 0.09250683831063583, "♣10": 0.12403302998792075, "♥5|♦5": 0.08460586135774024, "♦5|♦6|♦7": 0.09779835024840011, "♠Q": 0.11138425886644979, "♣J": 0.08963935359071568}, "value": 0.47278136014938354}}
{"step": {"step": 15, "player_id": 2, "played": ["♠2"], "field_after": ["♠2"], "reset_reason": null, "policy": {"♣7": 0.07473907716952106, "♠8": 0.0763373560423201, "♥9": 0.0722876505196562, "♠10": 0.07657340430184024, "♥10": 0.06724861453261408, "♠2": 0.0900690230389727, "♣2": 0.06014415779735634, "♠J": 0.07270164312702435, "♣A": 0.0761145451456695, "♣Q": 0.06541952977242013, "♥A": 0.0626231952568754, "♥J": 0.0694197917297747, "♥Q": 0.05694240564871173, "pass": 0.07937960591724329}, "value": 0.548477053642273}}
{"step": {"step": 16, "player_id": 3, "played": null, "field_after": ["♠2"], "reset_reason": null, "policy": {"pass": 1.0}, "value": 0.4687008857727051}}
{"step": {"step": 17, "player_id": 0, "played": null, "field_after": ["♠2"], "reset_reason": null, "policy": {"pass": 1.0}, "value": 0.46276307106018066}}
{"step": {"step": 18, "player_id": 1, "played": null, "field_after": [], "reset_reason": "all_pass", "policy": {"pass": 1.0}, "value": 0.45757728815078735}}
{"step": {"step": 19, "player_id": 2, "played": ["♥9", "♥10", "♥J", "♥Q"], "field_after": ["♥9", "♥10", "♥J", "♥Q"], "reset_reason": null, "policy": {"♣7": 0.06110834625019288, "♠8": 0.05427160129123005, "♥9": 0.04823827307800584, "♠10": 0.05529811388244113, "♥10": 0.049065417395396216, "♣2": 0.0703475704166642, "♥10|♠10": 0.04629783829306503, "♥J|♠J": 0.05423681345713892, "♣A|♥A": 0.06357765999120998, "♥Q|♣Q": 0.048068770847514694, "♥9|♥10|♥J": 0.04434636863118533, "♥10|♥J|♥Q": 0.049383751472879885, "♥9|♥10|♥J|♥Q": 0.04502267214578148, "♠J": 0.06354748738525752, "♣A": 0.04752616969559377, "♣Q": 0.04695846784842228, "♥A": 0.06295476463352605, "♥J": 0.046539892257522086, "♥Q": 0.04321002102697266}, "value": 0.5652280449867249}}
{"step": {"step": 20, "player_id": 3, "played": null, "field_after": ["♥9", "♥10", "♥J", "♥Q"], "reset_reason": null, "policy": {"pass": 1.0}, "value": 0.4502832293510437}}
{"step": {"step": 21, "player_id": 0, "played": null, "field_after": ["♥9", "♥10", "♥J", "♥Q"], "reset_reason": null, "policy": {"pass": 1.0}, "value": 0.4620957374572754}}
{"step": {"step": 22, "player_id": 1, "played": null, "field_after": [], "reset_reason": "all_pass", "policy": {"pass": 1.0}, "value": 0.4633561372756958}}
{"step": {"step": 23, "player_id": 2, "played": ["♣2"], "field_after": ["♣2"], "reset_reason": null, "policy": {"♣7": 0.12819128086878187, "♠8": 0.10470502466109403, "♠10": 0.10072983835259512, "♣2": 0.10651462388762069, "♣A|♥A": 0.09613367912845792, "♠J": 0.14090003964744852, "♣A": 0.09324538884517827, "♣Q": 0.10259010662092523, "♥A": 0.1269900179878984}, "value": 0.5553706884384155}}
{"step": {"step": 24, "player_id": 3, "played": null, "field_after": ["♣2"], "reset_reason": null, "policy": {"pass": 1.0}, "value": 0.47251036763191223}}
{"step": {"step": 25, "player_id": 0, "played": null, "field_after": ["♣2"], "reset_reason": null, "policy": {"pass": 1.0}, "value": 0.4641548693180084}}
{"step": {"step": 26, "player_id": 1, "played": null, "field_after": [], "reset_reason": "all_pass", "policy": {"pass": 1.0}, "value": 0.48067331314086914}}
{"step": {"step": 27, "player_id": 2, "played": ["♠10"], "field_after": ["♠10"], "reset_reason": null, "policy": {"♣7": 0.14913927379040384, "♠8": 0.1185467253139854, "♠10": 0.11775160593940426, "♣A|♥A": 0.1225297941693585, "♠J": 0.1103610903634554, "♣A": 0.15698661858184362, "♣Q": 0.1088886723585522, "♥A": 0.11579621948299683}, "value": 0.5483235120773315}}
{"step": {"step": 28, "player_id": 3, "played": ["♦J"], "field_after": ["♦J"], "reset_reason": null, "policy": {"♠A": 0.20374383072884686, "♠K": 0.19997055415843737, "♥K": 0.2122010324119853, "♦J": 0.20016658799195308, "pass": 0.18391799470877743}, "value": 0.4706197679042816}}
{"step": {"step": 29, "player_id": 0, "played": ["♦A"], "field_after": ["♦A"], "reset_reason": null, "policy": {"♦A": 0.36115092918959696, "♦K": 0.3282045075723145, "pass": 0.3106445632380885}, "value": 0.4612029194831848}}
{"step": {"step": 30, "player_id": 1, "played": null, "field_after": ["♦A"], "reset_reason": null, "policy": {"pass": 1.0}, "value": 0.4423890709877014}}
{"step": {"step": 31, "player_id": 2, "played": null, "field_after": ["♦A"], "reset_reason": null, "policy": {"pass": 1.0}, "value": 0.5395790338516235}}
{"step": {"step": 32, "player_id": 3, "played": null, "field_after": [], "reset_reason": "all_pass", "policy": {"pass": 1.0}, "value": 0.4763769209384918}}
{"step": {"step": 33, "player_id": 0, "played": ["♥8"], "field_after": [], "reset_reason": "eight_cut", "policy": {"♦3": 0.0722549692710204, "♣4": 0.06113167349854318, "♦4": 0.059547855285837496, "♠5": 0.06453342976726807, "♠6": 0.06427381774943154, "♣6": 0.07565651118310238, "♥7": 0.05267277810255877, "♥8": 0.06364349217909834, "♦8": 0.06706070098457961, "♣9": 0.05794050582372938, "♦9": 0.04884521562641439, "♦4|♣4": 0.06634583715906703, "♠6|♣6": 0.05754214445437005, "♦8|♥8": 0.07325939563824947, "♣9|♦9": 0.060738837894814865, "♦K": 0.05455283538191505}, "value": 0.46035170555114746}}
{"step": {"step": 34, "player_id": 0, "played": ["♠5"], "field_after": ["♠5"], "reset_reason": null, "policy": {"♦3": 0.08051614262767207, "♣4": 0.07065340159437421, "♦4": 0.0693448522077051, "♠5": 0.07126224586671087, "♠6": 0.07409994796692396, "♣6": 0.08479193072105463, "♥7": 0.057644314110029606, "♦8": 0.07229446611904054, "♣9": 0.07737450323104615, "♦9": 0.06505645076948968, "♦4|♣4": 0.057162957356704264, "♠6|♣6": 0.07395535255482429, "♣9|♦9": 0.06441833902215852, "♦K": 0.08142509585226591}, "value": 0.45819932222366333}}
{"step": {"step": 35, "player_id": 1, "played": ["♦6"], "field_after": ["♦6"], "reset_reason": null, "policy": {"♦6": 0.17191758128209833, "♦7": 0.15238074994364562, "♣10": 0.16376300319341341, "♠Q": 0.15858651606121926, "♣J": 0.15330710608549777, "pass": 0.20004504343412569}, "value": 0.4705536663532257}}
{"step": {"step": 36, "player_id": 2, "played": ["♠8"], "field_after": [], "reset_reason": "eight_cut", "policy": {"♣7": 0.15967914144808854, "♠8": 0.1409985076023723, "♠J": 0.14257120073001966, "♣A": 0.14095835926500278, "♣Q": 0.12753162701169457, "♥A": 0.16822725044154335, "pass": 0.12003391350127879}, "value": 0.5421493649482727}}
{"step": {"step": 37, "player_id": 2, "played": ["♣A"], "field_after": ["♣A"], "reset_reason": null, "policy": {"♣7": 0.1963761222921506, "♣A|♥A": 0.15380974398204247, "♠J": 0.15233393817706636, "♣A": 0.15539273927001163, "♣Q": 0.14259406642994488, "♥A": 0.19949338984878398}, "value": 0.5454744100570679}}
{"step": {"step": 38, "player_id": 3, "played": null, "field_after": ["♣A"], "reset_reason": null, "policy": {"pass": 1.0}, "value": 0.4743975102901459}}
{"step": {"step": 39, "player_id": 0, "played": null, "field_after": ["♣A"], "reset_reason": null, "policy": {"pass": 1.0}, "value": 0.45075416564941406}}
{"step": {"step": 40, "player_id": 1, "played": null, "field_after": [], "reset_reason": "all_pass", "policy": {"pass": 1.0}, "value": 0.46281698346138}}
{"step": {"step": 41, "player_id": 2, "played": ["♠J"], "field_after": ["♠J"], "reset_reason": null, "policy": {"♣7": 0.29743654358420074, "♠J": 0.22858654132878417, "♣Q": 0.23511838749625583, "♥A": 0.23885852759075915}, "value": 0.5441881418228149}}
{"step": {"step": 42, "player_id": 3, "played": ["♥K"], "field_after": ["♥K"], "reset_reason": null, "policy": {"♠A": 0.25774496481072484, "♠K": 0.2440967371669452, "♥K": 0.27099934592679875, "pass": 0.22715895209553116}, "value": 0.46050798892974854}}
{"step": {"step": 43, "player_id": 0, "played": null, "field_after": ["♥K"], "reset_reason": null, "policy": {"pass": 1.0}, "value": 0.43394356966018677}}
{"step": {"step": 44, "player_id": 1, "played": null, "field_after": ["♥K"], "reset_reason": null, "policy": {"pass": 1.0}, "value": 0.47455263137817383}}
{"step": {"step": 45, "player_id": 2, "played": ["♥A"], "field_after": ["♥A"], "reset_reason": null, "policy": {"♥A": 0.515647228900079, "pass": 0.4843527710999211}, "value": 0.5341659784317017}}
{"step": {"step": 46, "player_id": 3, "played": null, "field_after": ["♥A"], "reset_reason": null, "policy": {"pass": 1.0}, "value": 0.4737756848335266}}
{"step": {"step": 47, "player_id": 0, "played": null, "field_after": ["♥A"], "reset_reason": null, "policy": {"pass": 1.0}, "value": 0.45234501361846924}}
{"step": {"step": 48, "player_id": 1, "played": null, "field_after": [], "reset_reason": "all_pass", "policy": {"pass": 1.0}, "value": 0.45906829833984375}}
{"step": {"step": 49, "player_id": 2, "played": ["♣7"], "field_after": ["♣7"], "reset_reason": null, "policy": {"♣7": 0.5660287969432604, "♣Q": 0.43397120305673964}, "value": 0.5442818999290466}}
{"step": {"step": 50, "player_id": 3, "played": ["♠9"], "field_after": ["♠9"], "reset_reason": null, "policy": {"♣8": 0.21533699206674362, "♠9": 0.18940401279875888, "♠A": 0.22364050594838455, "♠K": 0.18507807931221493, "pass": 0.18654040987389792}, "value": 0.461757093667984}}
{"step": {"step": 51, "player_id": 0, "played": ["♦K"], "field_after": ["♦K"], "reset_reason": null, "policy": {"♦K": 0.5239878785122427, "pass": 0.4760121214877573}, "value": 0.4467359781265259}}
{"step": {"step": 52, "player_id": 1, "played": null, "field_after": ["♦K"], "reset_reason": null, "policy": {"pass": 1.0}, "value": 0.4653453826904297}}
{"step": {"step": 53, "player_id": 2, "played": null, "field_after": ["♦K"], "reset_reason": null, "policy": {"pass": 1.0}, "value": 0.540732204914093}}
{"step": {"step": 54, "player_id": 3, "played": ["♠A"], "field_after": ["♠A"], "reset_reason": null, "policy": {"♠A": 0.5084037921932497, "pass": 0.49159620780675023}, "value": 0.4750022292137146}}
{"step": {"step": 55, "player_id": 0, "played": null, "field_after": ["♠A"], "reset_reason": null, "policy": {"pass": 1.0}, "value": 0.44527268409729004}}
{"step": {"step": 56, "player_id": 1, "played": null, "field_after": ["♠A"], "reset_reason": null, "policy": {"pass": 1.0}, "value": 0.4811304807662964}}
{"step": {"step": 57, "player_id": 2, "played": null, "field_after": [], "reset_reason": "all_pass", "policy": {"pass": 1.0}, "value": 0.5407461524009705}}
{"step": {"step": 58, "player_id": 3, "played": ["♥3", "♣3"], "field_after": ["♥3", "♣3"], "reset_reason": null, "policy": {"♠3": 0.08844598622364752, "♣3": 0.07886080848898297, "♥3": 0.08085575148660855, "♥4": 0.07255411719899907, "♣5": 0.07531113550129079, "♥6": 0.09789234915784634, "♠7": 0.06456429091332055, "♣8": 0.07513913055488826, "♠3|♣3": 0.08800283046218775, "♠3|♥3": 0.07092746445306986, "♥3|♣3": 0.061803077519978294, "♠3|♥3|♣3": 0.07941383879730399, "♠K": 0.06622921924187596}, "value": 0.4733664393424988}}
{"step": {"step": 59, "player_id": 0, "played": ["♦4", "♣4"], "field_after": ["♦4", "♣4"], "reset_reason": null, "policy": {"♦4|♣4": 0.29138028780732994, "♠6|♣6": 0.22927833159997782, "♣9|♦9": 0.24386242673838568, "pass": 0.23547895385430653}, "value": 0.4499892592430115}}
{"step": {"step": 60, "player_id": 1, "played": ["♥5", "♦5"], "field_after": ["♥5", "♦5"], "reset_reason": null, "policy": {"♥5|♦5": 0.543095282998791, "pass": 0.45690471700120905}, "value": 0.47542887926101685}}
{"step": {"step": 61, "player_id": 2, "played": null, "field_after": ["♥5", "♦5"], "reset_reason": null, "policy": {"pass": 1.0}, "value": 0.5466988682746887}}
{"step": {"step": 62, "player_id": 3, "played": null, "field_after": ["♥5", "♦5"], "reset_reason": null, "policy": {"pass": 1.0}, "value": 0.4623953402042389}}
{"step": {"step": 63, "player_id": 0, "played": ["♣9", "♦9"], "field_after": ["♣9", "♦9"], "reset_reason": null, "policy": {"♠6|♣6": 0.3481545232353341, "♣9|♦9": 0.32937535370458776, "pass": 0.32247012306007816}, "value": 0.4610127806663513}}
{"step": {"step": 64, "player_id": 1, "played": null, "field_after": ["♣9", "♦9"], "reset_reason": null, "policy": {"pass": 1.0}, "value": 0.4823019206523895}}
{"step": {"step": 65, "player_id": 2, "played": null, "field_after": ["♣9", "♦9"], "reset_reason": null, "policy": {"pass": 1.0}, "value": 0.5590128898620605}}
{"step": {"step": 66, "player_id": 3, "played": null, "field_after": [], "reset_reason": "all_pass", "policy": {"pass": 1.0}, "value": 0.4811888635158539}}
{"step": {"step": 67, "player_id": 0, "played": ["♥7"], "field_after": ["♥7"], "reset_reason": null, "policy": {"♦3": 0.18090626592050849, "♠6": 0.1608672551967959, "♣6": 0.1515141736273091, "♥7": 0.15691574545457504, "♦8": 0.1568233080972764, "♠6|♣6": 0.1929732517035352}, "value": 0.46085125207901}}
{"step": {"step": 68, "player_id": 1, "played": ["♠Q"], "field_after": ["♠Q"], "reset_reason": null, "policy": {"♣10": 0.2750190438344478, "♠Q": 0.24043648932721437, "♣J": 0.25162779616413283, "pass": 0.23291667067420496}, "value": 0.46673622727394104}}
{"step": {"step": 69, "player_id": 2, "played": null, "field_after": ["♠Q"], "reset_reason": null, "policy": {"pass": 1.0}, "value": 0.5487722158432007}}
{"step": {"step": 70, "player_id": 3, "played": ["♠K"], "field_after": ["♠K"], "reset_reason": null, "policy": {"♠K": 0.5217132052075519, "pass": 0.4782867947924481}, "value": 0.46355631947517395}}
{"step": {"step": 71, "player_id": 0, "played": null, "field_after": ["♠K"], "reset_reason": null, "policy": {"pass": 1.0}, "value": 0.4382617175579071}}
{"step": {"step": 72, "player_id": 1, "played": null, "field_after": ["♠K"], "reset_reason": null, "policy": {"pass": 1.0}, "value": 0.4889222979545593}}
{"step": {"step": 73, "player_id": 2, "played": null, "field_after": [], "reset_reason": "all_pass", "policy": {"pass": 1.0}, "value": 0.526841402053833}}
{"step": {"step": 74, "player_id": 3, "played": ["♠3"], "field_after": ["♠3"], "reset_reason": null, "policy": {"♠3": 0.18458351857725813, "♥4": 0.15076671240057515, "♣5": 0.15519130720782837, "♥6": 0.1567657559584824, "♠7": 0.1514639690583844, "♣8": 0.20122873679747155}, "value": 0.48253265023231506}}
{"step": {"step": 75, "player_id": 0, "played": ["♦8"], "field_after": [], "reset_reason": "eight_cut", "policy": {"♠6": 0.26170869841756594, "♣6": 0.24546045189321553, "♦8": 0.24079002035981387, "pass": 0.25204082932940464}, "value": 0.4421287477016449}}
{"step": {"step": 76, "player_id": 0, "played": ["♣6"], "field_after": ["♣6"], "reset_reason": null, "policy": {"♦3": 0.2906479825110409, "♠6": 0.24231936553359298, "♣6": 0.22686188241914404, "♠6|♣6": 0.240170769536222}, "value": 0.46600261330604553}}
{"step": {"step": 77, "player_id": 1, "played": ["♦7"], "field_after": ["♦7"], "reset_reason": null, "policy": {"♦7": 0.2702563261964072, "♣10": 0.23749610448126907, "♣J": 0.2504589519966204, "pass": 0.24178861732570325}, "value": 0.4816034734249115}}
{"step": {"step": 78, "player_id": 2, "played": ["♣Q"], "field_after": ["♣Q"], "reset_reason": null, "policy": {"♣Q": 0.5158770853461896, "pass": 0.4841229146538103}, "value": 0.5427225232124329}}
{"step": {"step": 79, "player_id": 3, "played": null, "field_after": ["♣Q"], "reset_reason": null, "policy": {"pass": 1.0}, "value": 0.46926644444465637}}
{"step": {"step": 80, "player_id": 0, "played": null, "field_after": ["♣Q"], "reset_reason": null, "policy": {"pass": 1.0}, "value": 0.45702558755874634}}
{"step": {"step": 81, "player_id": 1, "played": null, "field_after": [], "reset_reason": "all_pass", "policy": {"pass": 1.0}, "value": 0.49008405208587646}}
{"step": {"step": 82, "player_id": 2, "played": null, "field_after": [], "reset_reason": null, "policy": {}, "value": 1.0}}
{"step": {"step": 83, "player_id": 3, "played": ["♣5"], "field_after": ["♣5"], "reset_reason": null, "policy": {"♥4": 0.22951321329111143, "♣5": 0.18655940310876343, "♥6": 0.1910430220737625, "♠7": 0.19551257725626012, "♣8": 0.19737178427010255}, "value": 0.47903844714164734}}
{"step": {"step": 84, "player_id": 0, "played": ["♠6"], "field_after": ["♠6"], "reset_reason": null, "policy": {"♠6": 0.5183462196219125, "pass": 0.4816537803780874}, "value": 0.45368683338165283}}
{"step": {"step": 85, "player_id": 1, "played": ["♣10"], "field_after": ["♣10"], "reset_reason": null, "policy": {"♣10": 0.34028196987587955, "♣J": 0.319904387554784, "pass": 0.33981364256933644}, "value": 0.485595166683197}}
{"step": {"step": 86, "player_id": 3, "played": null, "field_after": ["♣10"], "reset_reason": null, "policy": {"pass": 1.0}, "value": 0.46584776043891907}}
{"step": {"step": 87, "player_id": 0, "played": null, "field_after": [], "reset_reason": "all_pass", "policy": {"pass": 1.0}, "value": 0.4578421115875244}}
{"step": {"step": 88, "player_id": 1, "played": ["♣J"], "field_after": ["♣J"], "reset_reason": null, "policy": {"♣J": 1.0}, "value": 0.48080816864967346}}
{"step": {"step": 89, "player_id": 3, "played": null, "field_after": ["♣J"], "reset_reason": null, "policy": {"pass": 1.0}, "value": 0.4633796811103821}}
{"step": {"step": 90, "player_id": 0, "played": null, "field_after": [], "reset_reason": "all_pass", "policy": {"pass": 1.0}, "value": 0.4554489552974701}}
{"step": {"step": 91, "player_id": 1, "played": null, "field_after": [], "reset_reason": null, "policy": {}, "value": 1.0}}
{"step": {"step": 92, "player_id": 3, "played": ["♥6"], "field_after": ["♥6"], "reset_reason": null, "policy": {"♥4": 0.28333837079770885, "♥6": 0.23352479885056932, "♠7": 0.23968732026003117, "♣8": 0.24344951009169064}, "value": 0.47117432951927185}}
{"step": {"step": 93, "player_id": 0, "played": null, "field_after": [], "reset_reason": "all_pass", "policy": {"pass": 1.0}, "value": 0.4475642442703247}}
{"step": {"step": 94, "player_id": 3, "played": ["♥4"], "field_after": ["♥4"], "reset_reason": null, "policy": {"♥4": 0.38081256307845535, "♠7": 0.3035951279189897, "♣8": 0.3155923090025549}, "value": 0.4682524502277374}}
{"step": {"step": 95, "player_id": 0, "played": null, "field_after": [], "reset_reason": "all_pass", "policy": {"pass": 1.0}, "value": 0.4479299485683441}}
{"step": {"step": 96, "player_id": 3, "played": ["♠7"], "field_after": ["♠7"], "reset_reason": null, "policy": {"♠7": 0.547240727544215, "♣8": 0.4527592724557849}, "value": 0.4621269702911377}}
{"step": {"step": 97, "player_id": 0, "played": null, "field_after": [], "reset_reason": "all_pass", "policy": {"pass": 1.0}, "value": 0.45256832242012024}}
{"step": {"step": 98, "player_id": 3, "played": ["♣8"], "field_after": [], "reset_reason": "eight_cut", "policy": {"♣8": 1.0}, "value": 0.4741356074810028}}
{"episode_end": {"episode": 10, "ended": true}}
{"episode_summary": {"episode": 11, "seed": 12356, "ended": true, "steps_count": 95, "winner": 1}}
{"initial_hands": [["♥8", "♦A", "♠9", "♦10", "♣4", "♠2", "♥3", "♠10", "♠5", "♥2", "♥K", "♣5", "♠4", "♥5"], ["♠7", "♦4", "♣K", "♦9", "♦6", "♠A", "♦J", "♣A", "JOKER(♦J)", "♣3", "♦8", "♥Q", "♥A"], ["♣8", "♣Q", "♥9", "♣10", "♠8", "♣7", "♠J", "♣9", "♥6", "♠6", "♥7", "♦2", "♣2"], ["♦7", "♠K", "♦5", "♣J", "♣6", "♦K", "♦Q", "♥J", "♥10", "♥4", "♠3", "♠Q", "♦3"]]}
{"step": {"step": 1, "player_id": 3, "played": ["♦Q"], "field_after": ["♦Q"], "reset_reason": null, "policy": {"♠3": 0.06485454857290955, "♦3": 0.05922781481309677, "♥4": 0.0527908409246005, "♦5": 0.05833243042488038, "♣6": 0.055077157299028366, "♦7": 0.07775940308933606, "♥10": 0.051257816777178014, "♠3|♦3": 0.06417992718051882, "♠K|♦K": 0.06817662780470056, "♦Q|♠Q": 0.05694258029027903, "♣J|♥J": 0.0453393234975603, "♠K": 0.05814376212846531, "♠Q": 0.05192362662836087, "♣J": 0.06517058305419875, "♥J": 0.05687783249929049, "♦K": 0.04683459768289355, "♦Q": 0.06711112733270254}, "value": 0.46290311217308044}}
{"step": {"step": 2, "player_id": 0, "played": ["♦A"], "field_after": ["♦A"], "reset_reason": null, "policy": {"♠2": 0.21375434109243835, "♥2": 0.19669788265999943, "♥K": 0.19917607367438947, "♦A": 0.2008769831225706, "pass": 0.18949471945060198}, "value": 0.43110018968582153}}
{"step": {"step": 3, "player_id": 1, "played": null, "field_after": ["♦A"], "reset_reason": null, "policy": {"pass": 1.0}, "value": 0.45943722128868103}}
{"step": {"step": 4, "player_id": 2, "played": ["♦2"], "field_after": ["♦2"], "reset_reason": null, "policy": {"♣2": 0.35761451232890035, "♦2": 0.31737068205306124, "pass": 0.32501480561803836}, "value": 0.5357491970062256}}
{"step": {"step": 5, "player_id": 3, "played": null, "field_after": ["♦2"], "reset_reason": null, "policy": {"pass": 1.0}, "value": 0.4660971164703369}}
{"step": {"step": 6, "player_id": 0, "played": null, "field_after": ["♦2"], "reset_reason": null, "policy": {"pass": 1.0}, "value": 0.44135066866874695}}
{"step": {"step": 7, "player_id": 1, "played": null, "field_after": [], "reset_reason": "all_pass", "policy": {"pass": 1.0}, "value": 0.46117860078811646}}
{"step": {"step": 8, "player_id": 2, "played": ["♥6"], "field_after": ["♥6"], "reset_reason": null, "policy": {"♠6": 0.06187523467115567, "♥6": 0.05154939550825008, "♣7": 0.05084136639930582, "♥7": 0.05477775975420835, "♠8": 0.05212621758998601, "♣8": 0.06685726125438966, "♣9": 0.04488734407077341, "♥9": 0.053479629307917366, "♣10": 0.0629040489333157, "♣2": 0.04945430272589889, "♥6|♠6": 0.041310346163738985, "♣7|♥7": 0.05256059315829019, "♣8|♠8": 0.04530715576368667, "♥9|♣9": 0.06451073678853014, "♣7|♣8|♣9": 0.050593272928538754, "♣8|♣9|♣10": 0.044452540723063434, "♣7|♣8|♣9|♣10": 0.06539108192862468, "♠J": 0.04501040190528695, "♣Q": 0.0421113104250395}, "value": 0.5496633648872375}}
{"step": {"step": 9, "player_id": 3, "played": ["♦7"], "field_after": ["♦7"], "reset_reason": null, "policy": {"♦7": 0.123597277065207, "♥10": 0.1299866944241174, "♠K": 0.1144204583313433, "♠Q": 0.12942812641063328, "♣J": 0.11167634885256175, "♥J": 0.15594940546377317, "♦K": 0.10497116370360392, "pass": 0.12997052574876025}, "value": 0.46928614377975464}}
{"step": {"step": 10, "player_id": 0, "played": ["♠9"], "field_after": ["♠9"], "reset_reason": null, "policy": {"♥8": 0.13092324202145267, "♠9": 0.12642383634047244, "♠10": 0.12571370734940007, "♦10": 0.1273918944605611, "♠2": 0.12122793424823797, "♥2": 0.15287179830942998, "♥K": 0.10257694111550539, "pass": 0.1128706461549403}, "value": 0.4384300410747528}}
{"step": {"step": 11, "player_id": 1, "played": ["♣A"], "field_after": ["♣A"], "reset_reason": null, "policy": {"♠A": 0.1523511388235319, "♣A": 0.13003032850726062, "♣K": 0.161108252375344, "♥A": 0.1323482103211364, "♥Q": 0.14199301188575297, "♦J": 0.16029702369811924, "pass": 0.12187203438885476}, "value": 0.4666314721107483}}
{"step": {"step": 12, "player_id": 2, "played": ["♣2"], "field_after": ["♣2"], "reset_reason": null, "policy": {"♣2": 0.5411836309945012, "pass": 0.45881636900549877}, "value": 0.5428982973098755}}
{"step": {"step": 13, "player_id": 3, "played": null, "field_after": ["♣2"], "reset_reason": null, "policy": {"pass": 1.0}, "value": 0.4549800753593445}}
{"step": {"step": 14, "player_id": 0, "played": null, "field_after": ["♣2"], "reset_reason": null, "policy": {"pass": 1.0}, "value": 0.44940614700317383}}
{"step": {"step": 15, "player_id": 1, "played": null, "field_after": [], "reset_reason": "all_pass", "policy": {"pass": 1.0}, "value": 0.47845029830932617}}
{"step": {"step": 16, "player_id": 2, "played": ["♠8"], "field_after": [], "reset_reason": "eight_cut", "policy": {"♠6": 0.07303130667787573, "♣7": 0.061402296022274025, "♥7": 0.060296878361616686, "♠8": 0.063542015984255, "♣8": 0.05966395655386053, "♣9": 0.07994705606628201, "♥9": 0.05358654536019837, "♣10": 0.06071295254193357, "♣7|♥7": 0.07441567620688674, "♣8|♠8": 0.057391269345597296, "♥9|♣9": 0.05060426366669006, "♣7|♣8|♣9": 0.061935976204071645, "♣8|♣9|♣10": 0.05438116412108424, "♣7|♣8|♣9|♣10": 0.0755476444313459, "♠J": 0.06135864007355667, "♣Q": 0.05218235838247146}, "value": 0.5439220666885376}}
{"step": {"step": 17, "player_id": 2, "played": ["♣10"], "field_after": ["♣10"], "reset_reason": null, "policy": {"♠6": 0.08360270007434807, "♣7": 0.07013194447840775, "♥7": 0.06807614449169337, "♣8": 0.07036109202710043, "♣9": 0.06811901391552391, "♥9": 0.08961343290811001, "♣10": 0.05959829935274719, "♣7|♥7": 0.0685116679090555, "♥9|♣9": 0.08375631082151101, "♣7|♣8|♣9": 0.06460551317726046, "♣8|♣9|♣10": 0.05734359304017266, "♣7|♣8|♣9|♣10": 0.06965470288292931, "♠J": 0.06205709006126409, "♣Q": 0.08456849485987628}, "value": 0.5356733798980713}}
{"step": {"step": 18, "player_id": 3, "played": ["♠K"], "field_after": ["♠K"], "reset_reason": null, "policy": {"♠K": 0.1705498984712787, "♠Q": 0.16600415095080573, "♣J": 0.16295203920860343, "♥J": 0.1596955535232789, "♦K": 0.1445437109820934, "pass": 0.1962546468639398}, "value": 0.4669862687587738}}
{"step": {"step": 19, "player_id": 0, "played": ["♠2"], "field_after": ["♠2"], "reset_reason": null, "policy": {"♠2": 0.3554535955426251, "♥2": 0.3261970877242077, "pass": 0.3183493167331672}, "value": 0.4256480038166046}}
{"step": {"step": 20, "player_id": 1, "played": null, "field_after": ["♠2"], "reset_reason": null, "policy": {"pass": 1.0}, "value": 0.4571939706802368}}
{"step": {"step": 21, "player_id": 2, "played": null, "field_after": ["♠2"], "reset_reason": null, "policy": {"pass": 1.0}, "value": 0.5432928800582886}}
{"step": {"step": 22, "player_id": 3, "played": null, "field_after": [], "reset_reason": "all_pass", "policy": {"pass": 1.0}, "value": 0.4675457179546356}}
{"step": {"step": 23, "player_id": 0, "played": ["♣5"], "field_after": ["♣5"], "reset_reason": null, "policy": {"♥3": 0.06598849390394022, "♠4": 0.05572305524486375, "♣4": 0.055074357927412, "♠5": 0.0594660984266301, "♣5": 0.062049879303934415, "♥5": 0.07304389413125666, "♥8": 0.050486931085770494, "♠10": 0.05902060698407074, "♦10": 0.06478318385169132, "♥2": 0.05191276239310364, "♣4|♠4": 0.05416574821504533, "♠5|♣5": 0.05839672974422647, "♠5|♥5": 0.04954664291867606, "♣5|♥5": 0.0667904252200055, "♦10|♠10": 0.051327550326290224, "♠5|♣5|♥5": 0.050808603487444925, "♥K": 0.07141503683563828}, "value": 0.4487231373786926}}
{"step": {"step": 24, "player_id": 1, "played": ["♥A"], "field_after": ["♥A"], "reset_reason": null, "policy": {"♦6": 0.10947859807819735, "♠7": 0.09277047437224238, "♦8": 0.11537770094016839, "♦9": 0.09544209838314921, "♠A": 0.10459122657534767, "♣K": 0.11722692256885031, "♥A": 0.08432013830900542, "♥Q": 0.10032876627187486, "♦J": 0.09574074849703408, "pass": 0.08472332600413036}, "value": 0.47990429401397705}}
{"step": {"step": 25, "player_id": 2, "played": null, "field_after": ["♥A"], "reset_reason": null, "policy": {"pass": 1.0}, "value": 0.5280333161354065}}
{"step": {"step": 26, "player_id": 3, "played": null, "field_after": ["♥A"], "reset_reason": null, "policy": {"pass": 1.0}, "value": 0.46807950735092163}}
{"step": {"step": 27, "player_id": 0, "played": ["♥2"], "field_after": ["♥2"], "reset_reason": null, "policy": {"♥2": 0.5118393333099261, "pass": 0.48816066669007385}, "value": 0.4395945966243744}}
{"step": {"step": 28, "player_id": 1, "played": null, "field_after": ["♥2"], "reset_reason": null, "policy": {"pass": 1.0}, "value": 0.4561136066913605}}
{"step": {"step": 29, "player_id": 2, "played": null, "field_after": ["♥2"], "reset_reason": null, "policy": {"pass": 1.0}, "value": 0.5468105673789978}}
{"step": {"step": 30, "player_id": 3, "played": null, "field_after": [], "reset_reason": "all_pass", "policy": {"pass": 1.0}, "value": 0.468176931142807}}
{"step": {"step": 31, "player_id": 0, "played": ["♥8"], "field_after": [], "reset_reason": "eight_cut", "policy": {"♥3": 0.09415045146091144, "♠4": 0.07933920197123161, "♣4": 0.07783236518965446, "♠5": 0.08312139283877136, "♥5": 0.08635004192956965, "♥8": 0.10492099835079557, "♠10": 0.07144197049926147, "♦10": 0.07880205011652944, "♣4|♠4": 0.09176841685763303, "♠5|♥5": 0.07238125701938605, "♦10|♠10": 0.07642850170708339, "♥K": 0.08346335205917255}, "value": 0.4543148875236511}}
{"step": {"step": 32, "player_id": 0, "played": ["♣4"], "field_after": ["♣4"], "reset_reason": null, "policy": {"♥3": 0.10129180275437628, "♠4": 0.08771678963494009, "♣4": 0.08707370942371301, "♠5": 0.08911623537432015, "♥5": 0.09505536680267353, "♠10": 0.11243467496644752, "♦10": 0.07713438683995076, "♣4|♠4": 0.08724686966833296, "♠5|♥5": 0.09886488312132131, "♦10|♠10": 0.07822011550389478, "♥K": 0.08584516591002957}, "value": 0.4475474953651428}}
{"step": {"step": 33, "player_id": 1, "played": ["♦J"], "field_after": ["♦J"], "reset_reason": null, "policy": {"♦6": 0.12145697215130802, "♠7": 0.10744633180233155, "♦8": 0.11642752269213709, "♦9": 0.10540944414433262, "♠A": 0.10910843799731365, "♣K": 0.13716032497309658, "♥Q": 0.08928743464220465, "♦J": 0.10353053400217989, "pass": 0.11017299759509587}, "value": 0.481790691614151}}
{"step": {"step": 34, "player_id": 2, "played": ["♣Q"], "field_after": ["♣Q"], "reset_reason": null, "policy": {"♣Q": 0.530080851240518, "pass": 0.4699191487594821}, "value": 0.546654224395752}}
{"step": {"step": 35, "player_id": 3, "played": ["♦K"], "field_after": ["♦K"], "reset_reason": null, "policy": {"♦K": 0.4969159904819101, "pass": 0.50308400951809}, "value": 0.4684133231639862}}
{"step": {"step": 36, "player_id": 0, "played": null, "field_after": ["♦K"], "reset_reason": null, "policy": {"pass": 1.0}, "value": 0.42495816946029663}}
{"step": {"step": 37, "player_id": 1, "played": ["♠A"], "field_after": ["♠A"], "reset_reason": null, "policy": {"♠A": 0.5251757014522975, "pass": 0.4748242985477025}, "value": 0.484965980052948}}
{"step": {"step": 38, "player_id": 2, "played": null, "field_after": ["♠A"], "reset_reason": null, "policy": {"pass": 1.0}, "value": 0.5445512533187866}}
{"step": {"step": 39, "player_id": 3, "played": null, "field_after": ["♠A"], "reset_reason": null, "policy": {"pass": 1.0}, "value": 0.47306734323501587}}
{"step": {"step": 40, "player_id": 0, "played": null, "field_after": [], "reset_reason": "all_pass", "policy": {"pass": 1.0}, "value": 0.4327688217163086}}
{"step": {"step": 41, "player_id": 1, "played": ["♦6", "JOKER(♦J)"], "field_after": ["♦6", "JOKER(♦J)"], "reset_reason": null, "policy": {"♣3": 0.057365961402775986, "♦4": 0.048015735558872466, "♦6": 0.05105604422100899, "♠7": 0.04999985876297749, "♦8": 0.04817434876410114, "♦9": 0.061700939481031086, "♣3|JOKER(♦J)": 0.04017560226730438, "♦4|JOKER(♦J)": 0.047992283717608386, "♦6|JOKER(♦J)": 0.05142528822866875, "♠7|JOKER(♦J)": 0.04121259252968685, "♦8|JOKER(♦J)": 0.03934087529391831, "♦9|JOKER(♦J)": 0.05079158517603255, "♣K|JOKER(♦J)": 0.04078877609536361, "♥Q|JOKER(♦J)": 0.052942600004134664, "♦4|JOKER(♦J)|♦6": 0.04613935598463753, "♦6|JOKER(♦J)|♦8": 0.041148339864348994, "♦8|♦9|JOKER(♦J)": 0.05843514220976614, "♦6|JOKER(♦J)|♦8|♦9": 0.041891070724983326, "JOKER(♦J)": 0.04039734675505889, "♣K": 0.03628644251872825, "♥Q": 0.054719810438992114}, "value": 0.47621509432792664}}
{"step": {"step": 42, "player_id": 2, "played": ["♥9", "♣9"], "field_after": ["♥9", "♣9"], "reset_reason": null, "policy": {"♣7|♥7": 0.371953352098176, "♥9|♣9": 0.306636144844642, "pass": 0.321410503057182}, "value": 0.5457136631011963}}
{"step": {"step": 43, "player_id": 3, "played": ["♣J", "♥J"], "field_after": ["♣J", "♥J"], "reset_reason": null, "policy": {"♣J|♥J": 0.5471416729752192, "pass": 0.4528583270247807}, "value": 0.47833681106567383}}
{"step": {"step": 44, "player_id": 0, "played": null, "field_after": ["♣J", "♥J"], "reset_reason": null, "policy": {"pass": 1.0}, "value": 0.446097195148468}}
{"step": {"step": 45, "player_id": 1, "played": null, "field_after": ["♣J", "♥J"], "reset_reason": null, "policy": {"pass": 1.0}, "value": 0.436987042427063}}
{"step": {"step": 46, "player_id": 2, "played": null, "field_after": [], "reset_reason": "all_pass", "policy": {"pass": 1.0}, "value": 0.5428187847137451}}
{"step": {"step": 47, "player_id": 3, "played": ["♣6"], "field_after": ["♣6"], "reset_reason": null, "policy": {"♠3": 0.13961108267484693, "♦3": 0.11775198085248559, "♥4": 0.11566022324903528, "♦5": 0.12133341647653477, "♣6": 0.11140595930870892, "♥10": 0.15934627779655086, "♠3|♦3": 0.10583563408696466, "♠Q": 0.12905542555487284}, "value": 0.4786529839038849}}
{"step": {"step": 48, "player_id": 0, "played": ["♥K"], "field_after": ["♥K"], "reset_reason": null, "policy": {"♠10": 0.2506218772563795, "♦10": 0.2442043844756898, "♥K": 0.2527481627288797, "pass": 0.2524255755390511}, "value": 0.44065865874290466}}
{"step": {"step": 49, "player_id": 1, "played": null, "field_after": ["♥K"], "reset_reason": null, "policy": {"pass": 1.0}, "value": 0.48737144470214844}}
{"step": {"step": 50, "player_id": 2, "played": null, "field_after": ["♥K"], "reset_reason": null, "policy": {"pass": 1.0}, "value": 0.5320336222648621}}
{"step": {"step": 51, "player_id": 3, "played": null, "field_after": [], "reset_reason": "all_pass", "policy": {"pass": 1.0}, "value": 0.4677887260913849}}
{"step": {"step": 52, "player_id": 0, "played": ["♦10", "♠10"], "field_after": ["♦10", "♠10"], "reset_reason": null, "policy": {"♥3": 0.13556913327679854, "♠4": 0.12241412765604215, "♠5": 0.11846573234367581, "♥5": 0.12000429557409778, "♠10": 0.12772585300286998, "♦10": 0.15954367659902288, "♠5|♥5": 0.10090887301985905, "♦10|♠10": 0.11536830852763381}, "value": 0.44391587376594543}}
{"step": {"step": 53, "player_id": 1, "played": null, "field_after": ["♦10", "♠10"], "reset_reason": null, "policy": {"pass": 1.0}, "value": 0.48513588309288025}}
{"step": {"step": 54, "player_id": 2, "played": null, "field_after": ["♦10", "♠10"], "reset_reason": null, "policy": {"pass": 1.0}, "value": 0.5394374132156372}}
{"step": {"step": 55, "player_id": 3, "played": null, "field_after": [], "reset_reason": "all_pass", "policy": {"pass": 1.0}, "value": 0.4730202257633209}}
{"step": {"step": 56, "player_id": 0, "played": ["♠5"], "field_after": ["♠5"], "reset_reason": null, "policy": {"♥3": 0.21537248492302383, "♠4": 0.19875308528852795, "♠5": 0.1952476763202943, "♥5": 0.1896034203184353, "♠5|♥5": 0.20102333314971865}, "value": 0.4483713209629059}}
{"step": {"step": 57, "player_id": 1, "played": ["♦8"], "field_after": [], "reset_reason": "eight_cut", "policy": {"♠7": 0.16630891488475003, "♦8": 0.14855955757044376, "♦9": 0.1758035326021761, "♣K": 0.15208711710188463, "♥Q": 0.16393143615233755, "pass": 0.19330944168840797}, "value": 0.4877540171146393}}
{"step": {"step": 58, "player_id": 1, "played": ["♣K"], "field_after": ["♣K"], "reset_reason": null, "policy": {"♣3": 0.1801612231370341, "♦4": 0.15732641332231992, "♠7": 0.16407801207238681, "♦9": 0.15345608554124154, "♣K": 0.15182083307678038, "♥Q": 0.1931574328502373}, "value": 0.4810623228549957}}
{"step": {"step": 59, "player_id": 2, "played": null, "field_after": ["♣K"], "reset_reason": null, "policy": {"pass": 1.0}, "value": 0.5505214929580688}}
{"step": {"step": 60, "player_id": 3, "played": null, "field_after": ["♣K"], "reset_reason": null, "policy": {"pass": 1.0}, "value": 0.472365140914917}}
{"step": {"step": 61, "player_id": 0, "played": null, "field_after": [], "reset_reason": "all_pass", "policy": {"pass": 1.0}, "value": 0.4395696222782135}}
{"step": {"step": 62, "player_id": 1, "played": ["♠7"], "field_after": ["♠7"], "reset_reason": null, "policy": {"♣3": 0.22527986841210454, "♦4": 0.19375284145307, "♠7": 0.20182153703959035, "♦9": 0.1870482410353124, "♥Q": 0.1920975120599227}, "value": 0.48752349615097046}}
{"step": {"step": 63, "player_id": 2, "played": ["♠J"], "field_after": ["♠J"], "reset_reason": null, "policy": {"♣8": 0.34303511656823693, "♠J": 0.33276147357304, "pass": 0.3242034098587231}, "value": 0.5442665219306946}}
{"step": {"step": 64, "player_id": 3, "played": ["♠Q"], "field_after": ["♠Q"], "reset_reason": null, "policy": {"♠Q": 0.5268797933614736, "pass": 0.4731202066385264}, "value": 0.46823713183403015}}
{"step": {"step": 65, "player_id": 0, "played": null, "field_after": ["♠Q"], "reset_reason": null, "policy": {"pass": 1.0}, "value": 0.44464734196662903}}
{"step": {"step": 66, "player_id": 1, "played": null, "field_after": ["♠Q"], "reset_reason": null, "policy": {"pass": 1.0}, "value": 0.4766441881656647}}
{"step": {"step": 67, "player_id": 2, "played": null, "field_after": [], "reset_reason": "all_pass", "policy": {"pass": 1.0}, "value": 0.5478530526161194}}
{"step": {"step": 68, "player_id": 3, "played": ["♥10"], "field_after": ["♥10"], "reset_reason": null, "policy": {"♠3": 0.18254336923217285, "♦3": 0.15548464560265857, "♥4": 0.15523458921097433, "♦5": 0.1557463042842538, "♥10": 0.14868657769774402, "♠3|♦3": 0.20230451397219656}, "value": 0.4771331548690796}}
{"step": {"step": 69, "player_id": 0, "played": null, "field_after": ["♥10"], "reset_reason": null, "policy": {"pass": 1.0}, "value": 0.4419013559818268}}
{"step": {"step": 70, "player_id": 1, "played": ["♥Q"], "field_after": ["♥Q"], "reset_reason": null, "policy": {"♥Q": 0.5131542347499052, "pass": 0.48684576525009476}, "value": 0.49218320846557617}}
{"step": {"step": 71, "player_id": 2, "played": null, "field_after": ["♥Q"], "reset_reason": null, "policy": {"pass": 1.0}, "value": 0.5541955232620239}}
{"step": {"step": 72, "player_id": 3, "played": null, "field_after": ["♥Q"], "reset_reason": null, "policy": {"pass": 1.0}, "value": 0.46589958667755127}}
{"step": {"step": 73, "player_id": 0, "played": null, "field_after": [], "reset_reason": "all_pass", "policy": {"pass": 1.0}, "value": 0.45017868280410767}}
{"step": {"step": 74, "player_id": 1, "played": ["♣3"], "field_after": ["♣3"], "reset_reason": null, "policy": {"♣3": 0.36407642408711943, "♦4": 0.30938894757394036, "♦9": 0.3265346283389402}, "value": 0.48968788981437683}}
{"step": {"step": 75, "player_id": 2, "played": ["♥7"], "field_after": ["♥7"], "reset_reason": null, "policy": {"♠6": 0.21528879982205473, "♣7": 0.20107652382122218, "♥7": 0.1953446803655456, "♣8": 0.19686013161301566, "pass": 0.19142986437816187}, "value": 0.5516278743743896}}
{"step": {"step": 76, "player_id": 3, "played": null, "field_after": ["♥7"], "reset_reason": null, "policy": {"pass": 1.0}, "value": 0.46635669469833374}}
{"step": {"step": 77, "player_id": 0, "played": null, "field_after": ["♥7"], "reset_reason": null, "policy": {"pass": 1.0}, "value": 0.46604299545288086}}
{"step": {"step": 78, "player_id": 1, "played": ["♦9"], "field_after": ["♦9"], "reset_reason": null, "policy": {"♦9": 0.535936854621121, "pass": 0.46406314537887905}, "value": 0.4773152768611908}}
{"step": {"step": 79, "player_id": 2, "played": null, "field_after": ["♦9"], "reset_reason": null, "policy": {"pass": 1.0}, "value": 0.5523554682731628}}
{"step": {"step": 80, "player_id": 3, "played": null, "field_after": ["♦9"], "reset_reason": null, "policy": {"pass": 1.0}, "value": 0.4701980650424957}}
{"step": {"step": 81, "player_id": 0, "played": null, "field_after": [], "reset_reason": "all_pass", "policy": {"pass": 1.0}, "value": 0.45330414175987244}}
{"step": {"step": 82, "player_id": 1, "played": ["♦4"], "field_after": ["♦4"], "reset_reason": null, "policy": {"♦4": 1.0}, "value": 0.48652130365371704}}
{"step": {"step": 83, "player_id": 2, "played": ["♣8"], "field_after": [], "reset_reason": "eight_cut", "policy": {"♠6": 0.2693608474955693, "♣7": 0.24096258918628746, "♣8": 0.23531781606131166, "pass": 0.2543587472568315}, "value": 0.5556237101554871}}
{"step": {"step": 84, "player_id": 2, "played": ["♠6"], "field_after": ["♠6"], "reset_reason": null, "policy": {"♠6": 0.5568302998728892, "♣7": 0.44316970012711077}, "value": 0.5482531189918518}}
{"step": {"step": 85, "player_id": 3, "played": null, "field_after": ["♠6"], "reset_reason": null, "policy": {"pass": 1.0}, "value": 0.4644622504711151}}
{"step": {"step": 86, "player_id": 0, "played": null, "field_after": [], "reset_reason": "all_pass", "policy": {"pass": 1.0}, "value": 0.45563289523124695}}
{"step": {"step": 87, "player_id": 2, "played": ["♣7"], "field_after": ["♣7"], "reset_reason": null, "policy": {"♣7": 1.0}, "value": 0.5461985468864441}}
{"step": {"step": 88, "player_id": 3, "played": null, "field_after": ["♣7"], "reset_reason": null, "policy": {"pass": 1.0}, "value": 0.46625420451164246}}
{"step": {"step": 89, "player_id": 0, "played": null, "field_after": [], "reset_reason": "all_pass", "policy": {"pass": 1.0}, "value": 0.4540463387966156}}
{"step": {"step": 90, "player_id": 2, "played": null, "field_after": [], "reset_reason": null, "policy": {}, "value": 1.0}}
{"step": {"step": 91, "player_id": 3, "played": ["♦5"], "field_after": ["♦5"], "reset_reason": null, "policy": {"♠3": 0.22813496318673482, "♦3": 0.1912671704753442, "♥4": 0.1983526337367657, "♦5": 0.19495174359383283, "♠3|♦3": 0.18729348900732248}, "value": 0.47527697682380676}}
{"step": {"step": 92, "player_id": 0, "played": null, "field_after": [], "reset_reason": "all_pass", "policy": {"pass": 1.0}, "value": 0.44144731760025024}}
{"step": {"step": 93, "player_id": 3, "played": ["♠3", "♦3"], "field_after": ["♠3", "♦3"], "reset_reason": null, "policy": {"♠3": 0.28206711627652337, "♦3": 0.23905887461012532, "♥4": 0.2402418335288986, "♠3|♦3": 0.23863217558445285}, "value": 0.48073452711105347}}
{"step": {"step": 94, "player_id": 0, "played": null, "field_after": [], "reset_reason": "all_pass", "policy": {"pass": 1.0}, "value": 0.44738927483558655}}
{"step": {"step": 95, "player_id": 3, "played": ["♥4"], "field_after": ["♥4"], "reset_reason": null, "policy": {"♥4": 1.0}, "value": 0.47578343749046326}}
{"episode_end": {"episode": 11, "ended": true}}
{"episode_summary": {"episode": 12, "seed": 12357, "ended": true, "steps_count": 90, "winner": 1}}
{"initial_hands": [["♠J", "♠8", "♠4", "♠9", "♦6", "♥4", "♦Q", "♣7", "♣5", "♠Q", "♦K", "JOKER(♦J)", "♥3", "♣4"], ["♣10", "♦7", "♥2", "♥6", "♣2", "♠10", "♦10", "♣9", "♦J", "♥5", "♣Q", "♥A", "♣A"], ["♦4", "♠2", "♠A", "♥7", "♣J", "♠K", "♦8", "♣6", "♥10", "♦2", "♠5", "♠3", "♦A"], ["♣8", "♥J", "♠7", "♥8", "♥9", "♦3", "♦5", "♦9", "♠6", "♥K", "♥Q", "♣K", "♣3"]]}
{"step": {"step": 1, "player_id": 3, "played": ["♥J"], "field_after": ["♥J"], "reset_reason": null, "policy": {"♣3": 0.06394062167879212, "♦3": 0.051995833981507575, "♦5": 0.05740453345611271, "♠6": 0.05387074026074918, "♠7": 0.0532815943751137, "♣8": 0.06476060817116537, "♥8": 0.05071303660963998, "♥9": 0.0584328953908326, "♦9": 0.059862265300441315, "♦3|♣3": 0.052917179960101764, "♣8|♥8": 0.04674206234364253, "♥9|♦9": 0.058569658871276534, "♥K|♣K": 0.052568271115547016, "♥J|♥Q|♥K": 0.06083683979531604, "♣K": 0.054843935655568145, "♥J": 0.04673554136601047, "♥K": 0.0638515531717989, "♥Q": 0.048672828496383935}, "value": 0.4441537857055664}}
{"step": {"step": 2, "player_id": 0, "played": ["♦Q"], "field_after": ["♦Q"], "reset_reason": null, "policy": {"♠Q": 0.27075092291537045, "♦K": 0.2509320597111192, "♦Q": 0.23518656507784041, "pass": 0.2431304522956699}, "value": 0.4500533938407898}}
{"step": {"step": 3, "player_id": 1, "played": ["♥2"], "field_after": ["♥2"], "reset_reason": null, "policy": {"♣2": 0.23133107248230256, "♥2": 0.1901769674648217, "♣A": 0.2105303569851851, "♥A": 0.19708397465918212, "pass": 0.17087762840850834}, "value": 0.46196040511131287}}
{"step": {"step": 4, "player_id": 2, "played": null, "field_after": ["♥2"], "reset_reason": null, "policy": {"pass": 1.0}, "value": 0.5426443815231323}}
{"step": {"step": 5, "player_id": 3, "played": null, "field_after": ["♥2"], "reset_reason": null, "policy": {"pass": 1.0}, "value": 0.4450699985027313}}
{"step": {"step": 6, "player_id": 0, "played": null, "field_after": [], "reset_reason": "all_pass", "policy": {"pass": 1.0}, "value": 0.43805381655693054}}
{"step": {"step": 7, "player_id": 1, "played": ["♠10", "♦10"], "field_after": ["♠10", "♦10"], "reset_reason": null, "policy": {"♥5": 0.06959457700288073, "♥6": 0.06094808842691522, "♦7": 0.060271398927274525, "♣9": 0.058701912740134365, "♠10": 0.0520866650284083, "♣10": 0.07389664388630618, "♦10": 0.053489248569315646, "♣2": 0.05364506839068231, "♣10|♠10": 0.06756241445547702, "♠10|♦10": 0.050485356046165025, "♣10|♦10": 0.05410584198799733, "♥A|♣A": 0.055895152879481415, "♣10|♠10|♦10": 0.05009041576730442, "♣A": 0.06618736395438744, "♣Q": 0.052998454590975866, "♥A": 0.04884127555876204, "♦J": 0.07120012178753224}, "value": 0.4666728675365448}}
{"step": {"step": 8, "player_id": 2, "played": ["♠2", "♦2"], "field_after": ["♠2", "♦2"], "reset_reason": null, "policy": {"♠2|♦2": 0.3077529816559829, "♠A|♦A": 0.35414185399114334, "pass": 0.3381051643528737}, "value": 0.5255168676376343}}
{"step": {"step": 9, "player_id": 3, "played": null, "field_after": ["♠2", "♦2"], "reset_reason": null, "policy": {"pass": 1.0}, "value": 0.46309733390808105}}
{"step": {"step": 10, "player_id": 0, "played": null, "field_after": ["♠2", "♦2"], "reset_reason": null, "policy": {"pass": 1.0}, "value": 0.4332977831363678}}
{"step": {"step": 11, "player_id": 1, "played": null, "field_after": [], "reset_reason": "all_pass", "policy": {"pass": 1.0}, "value": 0.45872315764427185}}
{"step": {"step": 12, "player_id": 2, "played": ["♠A", "♦A"], "field_after": ["♠A", "♦A"], "reset_reason": null, "policy": {"♠3": 0.0927402007553657, "♦4": 0.08331398381034208, "♠5": 0.0783854324603649, "♣6": 0.08448185066739398, "♥7": 0.0777937795675125, "♦8": 0.0977406158565203, "♥10": 0.0719543518436531, "♠A|♦A": 0.0867214357825404, "♠A": 0.09137567110768613, "♠K": 0.07621050946625507, "♣J": 0.0696200275703956, "♦A": 0.0896621411119702}, "value": 0.5383897423744202}}
{"step": {"step": 13, "player_id": 3, "played": null, "field_after": ["♠A", "♦A"], "reset_reason": null, "policy": {"pass": 1.0}, "value": 0.4548805058002472}}
{"step": {"step": 14, "player_id": 0, "played": null, "field_after": ["♠A", "♦A"], "reset_reason": null, "policy": {"pass": 1.0}, "value": 0.43476518988609314}}
{"step": {"step": 15, "player_id": 1, "played": null, "field_after": [], "reset_reason": "all_pass", "policy": {"pass": 1.0}, "value": 0.45889177918434143}}
{"step": {"step": 16, "player_id": 2, "played": ["♠3"], "field_after": ["♠3"], "reset_reason": null, "policy": {"♠3": 0.1180752931439183, "♦4": 0.10942430896079249, "♠5": 0.10148609202739162, "♣6": 0.11063028022695895, "♥7": 0.10092769257017371, "♦8": 0.1272961954818971, "♥10": 0.09606538321182825, "♠K": 0.11573727031754195, "♣J": 0.1203574840594977}, "value": 0.5432384610176086}}
{"step": {"step": 17, "player_id": 3, "played": ["♣8"], "field_after": [], "reset_reason": "eight_cut", "policy": {"♦5": 0.10459376218862215, "♠6": 0.0871058412088964, "♠7": 0.09472708060594406, "♣8": 0.08643270255949966, "♥8": 0.08720323781807202, "♥9": 0.10626043701315914, "♦9": 0.08353137111592106, "♣K": 0.09728061663528541, "♥K": 0.09620518480256732, "♥Q": 0.08178656924096692, "pass": 0.07487319681106595}, "value": 0.45546960830688477}}
{"step": {"step": 18, "player_id": 3, "played": ["♠6"], "field_after": ["♠6"], "reset_reason": null, "policy": {"♣3": 0.08258546569826697, "♦3": 0.06724977876323383, "♦5": 0.07313354309023523, "♠6": 0.06734045546602718, "♠7": 0.06737124838037323, "♥8": 0.08348275525846958, "♥9": 0.0638421231418006, "♦9": 0.07430344429866571, "♦3|♣3": 0.07827248242898974, "♥9|♦9": 0.06459662112611729, "♥K|♣K": 0.05869153095196343, "♣K": 0.07329760497906732, "♥K": 0.06696941485953328, "♥Q": 0.07886353155725644}, "value": 0.44353723526000977}}
{"step": {"step": 19, "player_id": 0, "played": ["♠J"], "field_after": ["♠J"], "reset_reason": null, "policy": {"♣7": 0.14897289961822863, "♠8": 0.14325689921353332, "♠9": 0.1379352951836048, "♠J": 0.14566354726421923, "♠Q": 0.1426439395303935, "♦K": 0.17304968935114087, "pass": 0.1084777298388797}, "value": 0.44388002157211304}}
{"step": {"step": 20, "player_id": 1, "played": ["♥A"], "field_after": ["♥A"], "reset_reason": null, "policy": {"♣2": 0.22562871326290806, "♣A": 0.1974577272564744, "♣Q": 0.20789843981628872, "♥A": 0.18792119526415035, "pass": 0.1810939244001784}, "value": 0.4343719780445099}}
{"step": {"step": 21, "player_id": 2, "played": null, "field_after": ["♥A"], "reset_reason": null, "policy": {"pass": 1.0}, "value": 0.5341563820838928}}
{"step": {"step": 22, "player_id": 3, "played": null, "field_after": ["♥A"], "reset_reason": null, "policy": {"pass": 1.0}, "value": 0.4528719186782837}}
{"step": {"step": 23, "player_id": 0, "played": null, "field_after": [], "reset_reason": "all_pass", "policy": {"pass": 1.0}, "value": 0.4402017593383789}}
{"step": {"step": 24, "player_id": 1, "played": ["♣9"], "field_after": ["♣9"], "reset_reason": null, "policy": {"♥5": 0.13159067225570184, "♥6": 0.10676917088965386, "♦7": 0.11028387338678336, "♣9": 0.1055072367424228, "♣10": 0.09830724940072878, "♣2": 0.13278685378072194, "♣A": 0.09307732481705815, "♣Q": 0.09839893138524557, "♦J": 0.12327868734168385}, "value": 0.46651750802993774}}
{"step": {"step": 25, "player_id": 2, "played": ["♥10"], "field_after": ["♥10"], "reset_reason": null, "policy": {"♥10": 0.25530228405308236, "♠K": 0.24501730587242954, "♣J": 0.24798379425864253, "pass": 0.25169661581584557}, "value": 0.5395950078964233}}
{"step": {"step": 26, "player_id": 3, "played": ["♥Q"], "field_after": ["♥Q"], "reset_reason": null, "policy": {"♣K": 0.27926665215162333, "♥K": 0.2329450357942271, "♥Q": 0.2632853707149005, "pass": 0.22450294133924914}, "value": 0.4476567208766937}}
{"step": {"step": 27, "player_id": 0, "played": ["♦K"], "field_after": ["♦K"], "reset_reason": null, "policy": {"♦K": 0.5048900140311573, "pass": 0.4951099859688427}, "value": 0.4318753182888031}}
{"step": {"step": 28, "player_id": 1, "played": ["♣2"], "field_after": ["♣2"], "reset_reason": null, "policy": {"♣2": 0.3655039627932272, "♣A": 0.306468126168849, "pass": 0.3280279110379238}, "value": 0.46005862951278687}}
{"step": {"step": 29, "player_id": 2, "played": null, "field_after": ["♣2"], "reset_reason": null, "policy": {"pass": 1.0}, "value": 0.537900984287262}}
{"step": {"step": 30, "player_id": 3, "played": null, "field_after": ["♣2"], "reset_reason": null, "policy": {"pass": 1.0}, "value": 0.4522375762462616}}
{"step": {"step": 31, "player_id": 0, "played": null, "field_after": [], "reset_reason": "all_pass", "policy": {"pass": 1.0}, "value": 0.4525737464427948}}
{"step": {"step": 32, "player_id": 1, "played": ["♦7"], "field_after": ["♦7"], "reset_reason": null, "policy": {"♥5": 0.1661226547172026, "♥6": 0.13933083815498748, "♦7": 0.13624190471091702, "♣10": 0.13649078861335914, "♣A": 0.1275888356559875, "♣Q": 0.17016782797847166, "♦J": 0.12405715016907454}, "value": 0.46713513135910034}}
{"step": {"step": 33, "player_id": 2, "played": ["♦8"], "field_after": [], "reset_reason": "eight_cut", "policy": {"♦8": 0.2571644885583225, "♠K": 0.2518484162594878, "♣J": 0.23482854735060107, "pass": 0.2561585478315886}, "value": 0.5328643918037415}}
{"step": {"step": 34, "player_id": 2, "played": ["♥7"], "field_after": ["♥7"], "reset_reason": null, "policy": {"♦4": 0.18244905776770437, "♠5": 0.15743377491786223, "♣6": 0.15299906031399188, "♥7": 0.16365770624561052, "♠K": 0.15214683690574515, "♣J": 0.19131356384908585}, "value": 0.5433037877082825}}
{"step": {"step": 35, "player_id": 3, "played": ["♦9"], "field_after": ["♦9"], "reset_reason": null, "policy": {"♥8": 0.1778423567494015, "♥9": 0.1520811583319422, "♦9": 0.1793490493549501, "♣K": 0.15346265798206243, "♥K": 0.14393980954633254, "pass": 0.1933249680353112}, "value": 0.44539767503738403}}
{"step": {"step": 36, "player_id": 0, "played": ["♠Q"], "field_after": ["♠Q"], "reset_reason": null, "policy": {"♠Q": 0.5011479555016533, "pass": 0.4988520444983468}, "value": 0.4473987817764282}}
{"step": {"step": 37, "player_id": 1, "played": ["♣A"], "field_after": ["♣A"], "reset_reason": null, "policy": {"♣A": 0.54784472269794, "pass": 0.45215527730205995}, "value": 0.4610016942024231}}
{"step": {"step": 38, "player_id": 2, "played": null, "field_after": ["♣A"], "reset_reason": null, "policy": {"pass": 1.0}, "value": 0.5382053852081299}}
{"step": {"step": 39, "player_id": 3, "played": null, "field_after": ["♣A"], "reset_reason": null, "policy": {"pass": 1.0}, "value": 0.44791746139526367}}
{"step": {"step": 40, "player_id": 0, "played": null, "field_after": [], "reset_reason": "all_pass", "policy": {"pass": 1.0}, "value": 0.44640371203422546}}
{"step": {"step": 41, "player_id": 1, "played": ["♦J"], "field_after": ["♦J"], "reset_reason": null, "policy": {"♥5": 0.23062129146066662, "♥6": 0.1978561793477429, "♣10": 0.2001783092658532, "♣Q": 0.1969093587283065, "♦J": 0.1744348611974309}, "value": 0.4718674123287201}}
{"step": {"step": 42, "player_id": 2, "played": ["♠K"], "field_after": ["♠K"], "reset_reason": null, "policy": {"♠K": 0.5314158940487596, "pass": 0.46858410595124034}, "value": 0.5455961227416992}}
{"step": {"step": 43, "player_id": 3, "played": null, "field_after": ["♠K"], "reset_reason": null, "policy": {"pass": 1.0}, "value": 0.45671704411506653}}
{"step": {"step": 44, "player_id": 0, "played": null, "field_after": ["♠K"], "reset_reason": null, "policy": {"pass": 1.0}, "value": 0.43961939215660095}}
{"step": {"step": 45, "player_id": 1, "played": null, "field_after": [], "reset_reason": "all_pass", "policy": {"pass": 1.0}, "value": 0.4808705449104309}}
{"step": {"step": 46, "player_id": 2, "played": ["♠5"], "field_after": ["♠5"], "reset_reason": null, "policy": {"♦4": 0.28465853050790313, "♠5": 0.23354521895043684, "♣6": 0.23109701384494308, "♣J": 0.25069923669671684}, "value": 0.5528264045715332}}
{"step": {"step": 47, "player_id": 3, "played": ["♠7"], "field_after": ["♠7"], "reset_reason": null, "policy": {"♠7": 0.17325304814879905, "♥8": 0.1504327023811695, "♥9": 0.17628131099403554, "♣K": 0.15103325723476704, "♥K": 0.1476013033392452, "pass": 0.20139837790198378}, "value": 0.4426826536655426}}
{"step": {"step": 48, "player_id": 0, "played": ["♠9"], "field_after": ["♠9"], "reset_reason": null, "policy": {"♠8": 0.3434662480458418, "♠9": 0.33200565341966776, "pass": 0.32452809853449033}, "value": 0.44536781311035156}}
{"step": {"step": 49, "player_id": 1, "played": ["♣10"], "field_after": ["♣10"], "reset_reason": null, "policy": {"♣10": 0.3548929992230654, "♣Q": 0.2948075169142205, "pass": 0.350299483862714}, "value": 0.46638253331184387}}
{"step": {"step": 50, "player_id": 2, "played": ["♣J"], "field_after": ["♣J"], "reset_reason": null, "policy": {"♣J": 0.5175842634114965, "pass": 0.4824157365885034}, "value": 0.543777346611023}}
{"step": {"step": 51, "player_id": 3, "played": ["♣K"], "field_after": ["♣K"], "reset_reason": null, "policy": {"♣K": 0.3602857605344468, "♥K": 0.2950274100992159, "pass": 0.34468682936633727}, "value": 0.45296746492385864}}
{"step": {"step": 52, "player_id": 0, "played": null, "field_after": ["♣K"], "reset_reason": null, "policy": {"pass": 1.0}, "value": 0.4318985641002655}}
{"step": {"step": 53, "player_id": 1, "played": null, "field_after": ["♣K"], "reset_reason": null, "policy": {"pass": 1.0}, "value": 0.4844948649406433}}
{"step": {"step": 54, "player_id": 2, "played": null, "field_after": [], "reset_reason": "all_pass", "policy": {"pass": 1.0}, "value": 0.544899582862854}}
{"step": {"step": 55, "player_id": 3, "played": ["♦5"], "field_after": ["♦5"], "reset_reason": null, "policy": {"♣3": 0.15898614121881655, "♦3": 0.13457967356333544, "♦5": 0.1407662928243468, "♥8": 0.13726439264091808, "♥9": 0.12756443680503396, "♦3|♣3": 0.17580954178476968, "♥K": 0.12502952116277938}, "value": 0.4593523442745209}}
{"step": {"step": 56, "player_id": 0, "played": ["♠8"], "field_after": [], "reset_reason": "eight_cut", "policy": {"♦6": 0.25226414541722825, "♣7": 0.25451103817342835, "♠8": 0.2399975293416382, "pass": 0.25322728706770525}, "value": 0.44197407364845276}}
{"step": {"step": 57, "player_id": 0, "played": ["♣5"], "field_after": ["♣5"], "reset_reason": null, "policy": {"♥3": 0.04447367432516417, "♠4": 0.0385049567971025, "♣4": 0.037577546590149564, "♥4": 0.0387026468699812, "♣5": 0.03877058383527363, "♦6": 0.04980799443493787, "♣7": 0.03059227807337779, "♥3|JOKER(♦J)": 0.0373874182716992, "♠4|♣4": 0.04299457012104781, "♠4|♥4": 0.033200322050115534, "♥4|♣4": 0.03078130830356246, "♠4|JOKER(♦J)": 0.039355688011337216, "♣4|JOKER(♦J)": 0.032448680656278886, "♥4|JOKER(♦J)": 0.04468773866513533, "♣5|JOKER(♦J)": 0.035512631239206276, "♦6|JOKER(♦J)": 0.032976348899479924, "♣7|JOKER(♦J)": 0.04782435785236903, "♠4|♥4|♣4": 0.03543545739828541, "♠4|♣4|JOKER(♦J)": 0.03254371529690708, "♠4|♥4|JOKER(♦J)": 0.02977714667072488, "♥4|♣4|JOKER(♦J)": 0.04180481970702556, "♠4|♥4|♣4|JOKER(♦J)": 0.028935808699897047, "♥3|♥4|JOKER(♦J)": 0.026960880818972306, "♣4|♣5|JOKER(♦J)": 0.04135283279509422, "♣5|JOKER(♦J)|♣7": 0.03761266451749948, "♣4|♣5|JOKER(♦J)|♣7": 0.028824825807221958, "JOKER(♦J)": 0.04115310329215373}, "value": 0.4414077401161194}}
{"step": {"step": 58, "player_id": 1, "played": ["♥6"], "field_after": ["♥6"], "reset_reason": null, "policy": {"♥6": 0.351506666865602, "♣Q": 0.29175363353975775, "pass": 0.3567396995946403}, "value": 0.4678366184234619}}
{"step": {"step": 59, "player_id": 2, "played": null, "field_after": ["♥6"], "reset_reason": null, "policy": {"pass": 1.0}, "value": 0.5564439296722412}}
{"step": {"step": 60, "player_id": 3, "played": ["♥K"], "field_after": ["♥K"], "reset_reason": null, "policy": {"♥8": 0.2624318017910256, "♥9": 0.23974750937790845, "♥K": 0.25166051071877826, "pass": 0.24616017811228771}, "value": 0.469550758600235}}
{"step": {"step": 61, "player_id": 0, "played": null, "field_after": ["♥K"], "reset_reason": null, "policy": {"pass": 1.0}, "value": 0.44665980339050293}}
{"step": {"step": 62, "player_id": 1, "played": null, "field_after": ["♥K"], "reset_reason": null, "policy": {"pass": 1.0}, "value": 0.4837864339351654}}
{"step": {"step": 63, "player_id": 2, "played": null, "field_after": [], "reset_reason": "all_pass", "policy": {"pass": 1.0}, "value": 0.5419948101043701}}
{"step": {"step": 64, "player_id": 3, "played": ["♥9"], "field_after": ["♥9"], "reset_reason": null, "policy": {"♣3": 0.22803052582547187, "♦3": 0.186893514923498, "♥8": 0.20142195227918272, "♥9": 0.19918858683482435, "♦3|♣3": 0.18446542013702302}, "value": 0.468011736869812}}
{"step": {"step": 65, "player_id": 0, "played": null, "field_after": ["♥9"], "reset_reason": null, "policy": {"pass": 1.0}, "value": 0.4455702602863312}}
{"step": {"step": 66, "player_id": 1, "played": ["♣Q"], "field_after": ["♣Q"], "reset_reason": null, "policy": {"♣Q": 0.5485030880727112, "pass": 0.4514969119272889}, "value": 0.4762559235095978}}
{"step": {"step": 67, "player_id": 2, "played": null, "field_after": ["♣Q"], "reset_reason": null, "policy": {"pass": 1.0}, "value": 0.5549054741859436}}
{"step": {"step": 68, "player_id": 3, "played": null, "field_after": ["♣Q"], "reset_reason": null, "policy": {"pass": 1.0}, "value": 0.4637964367866516}}
{"step": {"step": 69, "player_id": 0, "played": null, "field_after": [], "reset_reason": "all_pass", "policy": {"pass": 1.0}, "value": 0.44919225573539734}}
{"step": {"step": 70, "player_id": 1, "played": ["♥5"], "field_after": ["♥5"], "reset_reason": null, "policy": {"♥5": 1.0}, "value": 0.4803268015384674}}
{"step": {"step": 71, "player_id": 2, "played": ["♣6"], "field_after": ["♣6"], "reset_reason": null, "policy": {"♣6": 0.5270114219114281, "pass": 0.4729885780885719}, "value": 0.5568782687187195}}
{"step": {"step": 72, "player_id": 3, "played": ["♥8"], "field_after": [], "reset_reason": "eight_cut", "policy": {"♥8": 0.535163263227911, "pass": 0.46483673677208903}, "value": 0.4560825526714325}}
{"step": {"step": 73, "player_id": 3, "played": ["♣3"], "field_after": ["♣3"], "reset_reason": null, "policy": {"♣3": 0.36895077245686264, "♦3": 0.3145853494059236, "♦3|♣3": 0.3164638781372137}, "value": 0.4737967848777771}}
{"step": {"step": 74, "player_id": 0, "played": ["♠4"], "field_after": ["♠4"], "reset_reason": null, "policy": {"♠4": 0.16210640136842117, "♣4": 0.15615937752486952, "♥4": 0.1622928482717768, "♦6": 0.15472854644089418, "♣7": 0.15931254853036195, "pass": 0.20540027786367646}, "value": 0.44249603152275085}}
{"step": {"step": 75, "player_id": 2, "played": null, "field_after": ["♠4"], "reset_reason": null, "policy": {"pass": 1.0}, "value": 0.5549066662788391}}
{"step": {"step": 76, "player_id": 3, "played": null, "field_after": [], "reset_reason": "all_pass", "policy": {"pass": 1.0}, "value": 0.4622308611869812}}
{"step": {"step": 77, "player_id": 0, "played": ["♥3", "♥4", "JOKER(♦J)"], "field_after": ["♥3", "♥4", "JOKER(♥5)"], "reset_reason": null, "policy": {"♥3": 0.08111886085683649, "♣4": 0.07012346233698305, "♥4": 0.06920723844314984, "♦6": 0.06999953723209852, "♣7": 0.07099016181870975, "♥3|JOKER(♦J)": 0.09296493914777812, "♥4|♣4": 0.0581181804312334, "♣4|JOKER(♦J)": 0.06924821653977072, "♥4|JOKER(♦J)": 0.08068845099443434, "♦6|JOKER(♦J)": 0.06197414722281233, "♣7|JOKER(♦J)": 0.057589746317307684, "♥4|♣4|JOKER(♦J)": 0.07464112862360138, "♥3|♥4|JOKER(♦J)": 0.060341412744598505, "JOKER(♦J)": 0.08299451729068592}, "value": 0.44066137075424194}}
{"step": {"step": 78, "player_id": 2, "played": null, "field_after": ["♥3", "♥4", "JOKER(♥5)"], "reset_reason": null, "policy": {"pass": 1.0}, "value": 0.5510154962539673}}
{"step": {"step": 79, "player_id": 3, "played": null, "field_after": [], "reset_reason": "all_pass", "policy": {"pass": 1.0}, "value": 0.4638960361480713}}
{"step": {"step": 80, "player_id": 0, "played": ["♦6"], "field_after": ["♦6"], "reset_reason": null, "policy": {"♣4": 0.3752043379219678, "♦6": 0.31425921660280287, "♣7": 0.31053644547522924}, "value": 0.44391733407974243}}
{"step": {"step": 81, "player_id": 2, "played": null, "field_after": ["♦6"], "reset_reason": null, "policy": {"pass": 1.0}, "value": 0.5523558855056763}}
{"step": {"step": 82, "player_id": 3, "played": null, "field_after": [], "reset_reason": "all_pass", "policy": {"pass": 1.0}, "value": 0.46368443965911865}}
{"step": {"step": 83, "player_id": 0, "played": ["♣7"], "field_after": ["♣7"], "reset_reason": null, "policy": {"♣4": 0.5359900192965722, "♣7": 0.46400998070342786}, "value": 0.44606417417526245}}
{"step": {"step": 84, "player_id": 2, "played": null, "field_after": ["♣7"], "reset_reason": null, "policy": {"pass": 1.0}, "value": 0.5522302985191345}}
{"step": {"step": 85, "player_id": 3, "played": null, "field_after": [], "reset_reason": "all_pass", "policy": {"pass": 1.0}, "value": 0.46305346488952637}}
{"step": {"step": 86, "player_id": 0, "played": ["♣4"], "field_after": ["♣4"], "reset_reason": null, "policy": {"♣4": 1.0}, "value": 0.4438176453113556}}
{"step": {"step": 87, "player_id": 2, "played": null, "field_after": ["♣4"], "reset_reason": null, "policy": {"pass": 1.0}, "value": 0.542505145072937}}
{"step": {"step": 88, "player_id": 3, "played": null, "field_after": [], "reset_reason": "all_pass", "policy": {"pass": 1.0}, "value": 0.46654585003852844}}
{"step": {"step": 89, "player_id": 0, "played": null, "field_after": [], "reset_reason": null, "policy": {}, "value": 1.0}}
{"step": {"step": 90, "player_id": 2, "played": ["♦4"], "field_after": ["♦4"], "reset_reason": null, "policy": {"♦4": 1.0}, "value": 0.5566765666007996}}
{"episode_end": {"episode": 12, "ended": true}}
{"episode_summary": {"episode": 13, "seed": 12358, "ended": true, "steps_count": 93, "winner": 0}}
{"initial_hands": [["♣Q", "♦8", "♣A", "♥5", "♠K", "JOKER(♥5)", "♥J", "♣10", "♠2", "♠A", "♣7", "♦A", "♦2", "♥2"], ["♣K", "♠6", "♦7", "♥8", "♦K", "♣6", "♠10", "♥9", "♣9", "♦5", "♦4", "♥K", "♦Q"], ["♦9", "♥10", "♠J", "♥7", "♣J", "♣5", "♠9", "♥Q", "♠8", "♥A", "♣2", "♣4", "♥3"], ["♥4", "♦6", "♠5", "♦3", "♠7", "♦10", "♣8", "♦J", "♠4", "♠Q", "♥6", "♣3", "♠3"]]}
{"step": {"step": 1, "player_id": 3, "played": ["♥6"], "field_after": ["♥6"], "reset_reason": null, "policy": {"♠3": 0.05788063779214809, "♣3": 0.049394751992602515, "♦3": 0.05116977878526342, "♠4": 0.05027717838775961, "♥4": 0.052668090978238366, "♠5": 0.06311178735569965, "♥6": 0.042638602312095805, "♦6": 0.05107688537838889, "♠7": 0.0554019474670919, "♣8": 0.04647232078120885, "♦10": 0.04282802758358046, "♣3|♠3": 0.05119012165337044, "♦3|♠3": 0.04237841952313709, "♦3|♣3": 0.0593315037444288, "♥4|♠4": 0.047292775965557685, "♦6|♥6": 0.04385568317873687, "♦3|♣3|♠3": 0.061309995474323586, "♠3|♠4|♠5": 0.04583860160716531, "♠Q": 0.04499137596872689, "♦J": 0.04089151407047577}, "value": 0.4826137125492096}}
{"step": {"step": 2, "player_id": 0, "played": ["♥2"], "field_after": ["♥2"], "reset_reason": null, "policy": {"♣7": 0.0902677001759228, "♦8": 0.07382743305963939, "♣10": 0.07877464753931851, "♠2": 0.07986478462837772, "♥2": 0.07500448836205593, "♦2": 0.0994036140153101, "♠A": 0.06409254024917231, "♠K": 0.08021569806491001, "♣A": 0.0803053160317675, "♣Q": 0.06450520161920384, "♥J": 0.07119386677205282, "♦A": 0.07581110478775321, "pass": 0.06673360469451581}, "value": 0.4589693248271942}}
{"step": {"step": 3, "player_id": 1, "played": null, "field_after": ["♥2"], "reset_reason": null, "policy": {"pass": 1.0}, "value": 0.4638766050338745}}
{"step": {"step": 4, "player_id": 2, "played": null, "field_after": ["♥2"], "reset_reason": null, "policy": {"pass": 1.0}, "value": 0.5564258098602295}}
{"step": {"step": 5, "player_id": 3, "played": null, "field_after": [], "reset_reason": "all_pass", "policy": {"pass": 1.0}, "value": 0.47842198610305786}}
{"step": {"step": 6, "player_id": 0, "played": ["JOKER(♥5)"], "field_after": [], "reset_reason": "joker_cut", "policy": {"♥5": 0.03284978920131605, "♣7": 0.029809825874146732, "♦8": 0.027201665975605152, "♣10": 0.029045230131439663, "♠2": 0.026611366987561075, "♦2": 0.03745966582977696, "♥5|JOKER(♥5)": 0.022643375940676058, "♣7|JOKER(♥5)": 0.025984637175006247, "♦8|JOKER(♥5)": 0.0330462472651306, "♣10|JOKER(♥5)": 0.02530817402646047, "♠2|♦2": 0.024189951070383384, "♠2|JOKER(♥5)": 0.028853511231450475, "♦2|JOKER(♥5)": 0.023982920344536758, "♠A|JOKER(♥5)": 0.032140991793879276, "♠K|JOKER(♥5)": 0.02748562737655423, "♣A|JOKER(♥5)": 0.02486728285909255, "♣Q|JOKER(♥5)": 0.03348706043902619, "♥J|JOKER(♥5)": 0.026245263690891255, "♦A|JOKER(♥5)": 0.024446467928937305, "♣A|♠A": 0.022152043123724954, "♠A|♦A": 0.03323227222952933, "♣A|♦A": 0.02149208240963546, "♠2|♦2|JOKER(♥5)": 0.020271584756416536, "♣A|♠A|JOKER(♥5)": 0.030470709038757583, "♠A|♦A|JOKER(♥5)": 0.029971164287447994, "♣A|♦A|JOKER(♥5)": 0.022620047786919006, "♣A|♠A|♦A": 0.03118691747992301, "♣10|JOKER(♥5)|♣Q": 0.024003960275787776, "♣A|♠A|♦A|JOKER(♥5)": 0.024164964034442012, "JOKER(♥5)": 0.03218521956162176, "♠A": 0.02858770711610866, "♠K": 0.03481990837498713, "♣A": 0.02789515019963309, "♣Q": 0.019353995747159142, "♥J": 0.03376946027096849, "♦A": 0.028163758165067672}, "value": 0.4708639085292816}}
{"step": {"step": 7, "player_id": 0, "played": ["♦2"], "field_after": ["♦2"], "reset_reason": null, "policy": {"♥5": 0.07026111440735654, "♣7": 0.06225421350681037, "♦8": 0.053517818002875084, "♣10": 0.05894901907073614, "♠2": 0.05353565496695982, "♦2": 0.075379781134063, "♠2|♦2": 0.047213811299327266, "♣A|♠A": 0.05249746202340914, "♠A|♦A": 0.0706755508872209, "♣A|♦A": 0.05233387540392239, "♣A|♠A|♦A": 0.05022286802244878, "♠A": 0.058790788051161336, "♠K": 0.049530629278209996, "♣A": 0.0658605864665909, "♣Q": 0.05752172635867224, "♥J": 0.05092138047674568, "♦A": 0.07053372064349034}, "value": 0.47015199065208435}}
{"step": {"step": 8, "player_id": 1, "played": null, "field_after": ["♦2"], "reset_reason": null, "policy": {"pass": 1.0}, "value": 0.46110111474990845}}
{"step": {"step": 9, "player_id": 2, "played": null, "field_after": ["♦2"], "reset_reason": null, "policy": {"pass": 1.0}, "value": 0.561428964138031}}
{"step": {"step": 10, "player_id": 3, "played": null, "field_after": [], "reset_reason": "all_pass", "policy": {"pass": 1.0}, "value": 0.4874013364315033}}
{"step": {"step": 11, "player_id": 0, "played": ["♣10"], "field_after": ["♣10"], "reset_reason": null, "policy": {"♥5": 0.08004018311329353, "♣7": 0.07041327469178787, "♦8": 0.06235511490995062, "♣10": 0.06641210058035332, "♠2": 0.06234042261538887, "♣A|♠A": 0.0841011455416554, "♠A|♦A": 0.05425243973601393, "♣A|♦A": 0.05998302057881356, "♣A|♠A|♦A": 0.07918839409254029, "♠A": 0.05878760358362798, "♠K": 0.0572740160125988, "♣A": 0.0692147862420194, "♣Q": 0.05670449981977503, "♥J": 0.07428188480345925, "♦A": 0.06465111367872213}, "value": 0.4740298092365265}}
{"step": {"step": 12, "player_id": 1, "played": ["♦K"], "field_after": ["♦K"], "reset_reason": null, "policy": {"♣K": 0.2229076422548336, "♥K": 0.19248098380386056, "♦K": 0.20859754991138424, "♦Q": 0.20310829586389534, "pass": 0.1729055281660264}, "value": 0.4726150929927826}}
{"step": {"step": 13, "player_id": 2, "played": ["♥A"], "field_after": ["♥A"], "reset_reason": null, "policy": {"♣2": 0.33691219422375607, "♥A": 0.3249345669808924, "pass": 0.3381532387953515}, "value": 0.5396475195884705}}
{"step": {"step": 14, "player_id": 3, "played": null, "field_after": ["♥A"], "reset_reason": null, "policy": {"pass": 1.0}, "value": 0.4752476215362549}}
{"step": {"step": 15, "player_id": 0, "played": ["♠2"], "field_after": ["♠2"], "reset_reason": null, "policy": {"♠2": 0.5337688167237677, "pass": 0.46623118327623225}, "value": 0.4569787383079529}}
{"step": {"step": 16, "player_id": 1, "played": null, "field_after": ["♠2"], "reset_reason": null, "policy": {"pass": 1.0}, "value": 0.45927876234054565}}
{"step": {"step": 17, "player_id": 2, "played": null, "field_after": ["♠2"], "reset_reason": null, "policy": {"pass": 1.0}, "value": 0.5579366683959961}}
{"step": {"step": 18, "player_id": 3, "played": null, "field_after": [], "reset_reason": "all_pass", "policy": {"pass": 1.0}, "value": 0.4777257442474365}}
{"step": {"step": 19, "player_id": 0, "played": ["♦8"], "field_after": [], "reset_reason": "eight_cut", "policy": {"♥5": 0.09203519924293473, "♣7": 0.0790682488307245, "♦8": 0.07717707518523592, "♣A|♠A": 0.07624899879393598, "♠A|♦A": 0.07496416223087507, "♣A|♦A": 0.09744570310272899, "♣A|♠A|♦A": 0.06308512320151911, "♠A": 0.07160714092716441, "♠K": 0.08855578373943078, "♣A": 0.0669042167442113, "♣Q": 0.0655778915410155, "♥J": 0.0805127360080855, "♦A": 0.06681772045213827}, "value": 0.46267077326774597}}
{"step": {"step": 20, "player_id": 0, "played": ["♣A"], "field_after": ["♣A"], "reset_reason": null, "policy": {"♥5": 0.10087482847932787, "♣7": 0.08307157320718989, "♣A|♠A": 0.0845502360079176, "♠A|♦A": 0.08183549821221088, "♣A|♦A": 0.07889719052391646, "♣A|♠A|♦A": 0.10485416726115168, "♠A": 0.07017273909069736, "♠K": 0.07751558398986824, "♣A": 0.09353338867593786, "♣Q": 0.07064454827187819, "♥J": 0.06924780292883212, "♦A": 0.0848024433510718}, "value": 0.4608798027038574}}
{"step": {"step": 21, "player_id": 1, "played": null, "field_after": ["♣A"], "reset_reason": null, "policy": {"pass": 1.0}, "value": 0.46515050530433655}}
{"step": {"step": 22, "player_id": 2, "played": ["♣2"], "field_after": ["♣2"], "reset_reason": null, "policy": {"♣2": 0.5238873329429063, "pass": 0.47611266705709365}, "value": 0.5547048449516296}}
{"step": {"step": 23, "player_id": 3, "played": null, "field_after": ["♣2"], "reset_reason": null, "policy": {"pass": 1.0}, "value": 0.4856507182121277}}
{"step": {"step": 24, "player_id": 0, "played": null, "field_after": ["♣2"], "reset_reason": null, "policy": {"pass": 1.0}, "value": 0.4526093900203705}}
{"step": {"step": 25, "player_id": 1, "played": null, "field_after": [], "reset_reason": "all_pass", "policy": {"pass": 1.0}, "value": 0.484599769115448}}
{"step": {"step": 26, "player_id": 2, "played": ["♥7"], "field_after": ["♥7"], "reset_reason": null, "policy": {"♥3": 0.08522006380428285, "♣4": 0.07433861140318164, "♣5": 0.07330384894740216, "♥7": 0.07519367235043446, "♠8": 0.07695700476165702, "♠9": 0.0980821688764595, "♦9": 0.06588604967632783, "♥10": 0.08232468062571979, "♦9|♠9": 0.09333234710453901, "♠J|♣J": 0.07368508944586877, "♠J": 0.0624600537050147, "♣J": 0.07480706273364571, "♥Q": 0.0644093465654666}, "value": 0.5561633110046387}}
{"step": {"step": 27, "player_id": 3, "played": ["♦10"], "field_after": ["♦10"], "reset_reason": null, "policy": {"♣8": 0.21701010340398177, "♦10": 0.18220465024368318, "♠Q": 0.20588629003564002, "♦J": 0.1964308725653245, "pass": 0.19846808375137057}, "value": 0.47002753615379333}}
{"step": {"step": 28, "player_id": 0, "played": ["♦A"], "field_after": ["♦A"], "reset_reason": null, "policy": {"♠A": 0.16744910652146497, "♠K": 0.16270065889047283, "♣Q": 0.1725801537175428, "♥J": 0.1548815146889279, "♦A": 0.15213579290140058, "pass": 0.190252773280191}, "value": 0.4322395622730255}}
{"step": {"step": 29, "player_id": 1, "played": null, "field_after": ["♦A"], "reset_reason": null, "policy": {"pass": 1.0}, "value": 0.4666367173194885}}
{"step": {"step": 30, "player_id": 2, "played": null, "field_after": ["♦A"], "reset_reason": null, "policy": {"pass": 1.0}, "value": 0.5481621026992798}}
{"step": {"step": 31, "player_id": 3, "played": null, "field_after": [], "reset_reason": "all_pass", "policy": {"pass": 1.0}, "value": 0.4826914072036743}}
{"step": {"step": 32, "player_id": 0, "played": ["♥J"], "field_after": ["♥J"], "reset_reason": null, "policy": {"♥5": 0.18611397826845846, "♣7": 0.15475105002107825, "♠A": 0.15597229430938225, "♠K": 0.151236290512783, "♣Q": 0.15255945986415217, "♥J": 0.19936692702414585}, "value": 0.4566567838191986}}
{"step": {"step": 33, "player_id": 1, "played": ["♥K"], "field_after": ["♥K"], "reset_reason": null, "policy": {"♣K": 0.2735610346001818, "♥K": 0.21989585598075306, "♦Q": 0.25927441036677434, "pass": 0.24726869905229082}, "value": 0.4429195821285248}}
{"step": {"step": 34, "player_id": 2, "played": null, "field_after": ["♥K"], "reset_reason": null, "policy": {"pass": 1.0}, "value": 0.5371261835098267}}
{"step": {"step": 35, "player_id": 3, "played": null, "field_after": ["♥K"], "reset_reason": null, "policy": {"pass": 1.0}, "value": 0.47029632329940796}}
{"step": {"step": 36, "player_id": 0, "played": ["♠A"], "field_after": ["♠A"], "reset_reason": null, "policy": {"♠A": 0.5226585128362335, "pass": 0.47734148716376645}, "value": 0.45409226417541504}}
{"step": {"step": 37, "player_id": 1, "played": null, "field_after": ["♠A"], "reset_reason": null, "policy": {"pass": 1.0}, "value": 0.4713228642940521}}
{"step": {"step": 38, "player_id": 2, "played": null, "field_after": ["♠A"], "reset_reason": null, "policy": {"pass": 1.0}, "value": 0.5528789758682251}}
{"step": {"step": 39, "player_id": 3, "played": null, "field_after": [], "reset_reason": "all_pass", "policy": {"pass": 1.0}, "value": 0.4730512797832489}}
{"step": {"step": 40, "player_id": 0, "played": ["♣7"], "field_after": ["♣7"], "reset_reason": null, "policy": {"♥5": 0.2904309665195409, "♣7": 0.24319326812803674, "♠K": 0.2341333012323188, "♣Q": 0.23224246412010358}, "value": 0.46229779720306396}}
{"step": {"step": 41, "player_id": 1, "played": ["♥8"], "field_after": [], "reset_reason": "eight_cut", "policy": {"♥8": 0.15767434877819383, "♣9": 0.13621218265868093, "♥9": 0.14811896579905043, "♠10": 0.13884991462626392, "♣K": 0.12196459143977359, "♦Q": 0.1663553541673959, "pass": 0.1308246425306415}, "value": 0.48077353835105896}}
{"step": {"step": 42, "player_id": 1, "played": ["♣K"], "field_after": ["♣K"], "reset_reason": null, "policy": {"♦4": 0.09533582589690208, "♦5": 0.07949796247085131, "♠6": 0.08246829986390189, "♣6": 0.08754416476973116, "♦7": 0.07377415594821368, "♣9": 0.10373018920929515, "♥9": 0.07913108086399284, "♠10": 0.08188874208993258, "♠6|♣6": 0.09425392461059787, "♥9|♣9": 0.07154072676136337, "♣K": 0.0685081797745813, "♦Q": 0.08232674774063689}, "value": 0.48863714933395386}}
{"step": {"step": 43, "player_id": 2, "played": null, "field_after": ["♣K"], "reset_reason": null, "policy": {"pass": 1.0}, "value": 0.5442698001861572}}
{"step": {"step": 44, "player_id": 3, "played": null, "field_after": ["♣K"], "reset_reason": null, "policy": {"pass": 1.0}, "value": 0.4729612469673157}}
{"step": {"step": 45, "player_id": 0, "played": null, "field_after": [], "reset_reason": "all_pass", "policy": {"pass": 1.0}, "value": 0.4467221796512604}}
{"step": {"step": 46, "player_id": 1, "played": ["♣6"], "field_after": ["♣6"], "reset_reason": null, "policy": {"♦4": 0.102778466732024, "♦5": 0.0876983939847672, "♠6": 0.08996160787717562, "♣6": 0.09597017498343435, "♦7": 0.08162626878281429, "♣9": 0.11209984241233692, "♥9": 0.08506087916291619, "♠10": 0.08842873514450937, "♠6|♣6": 0.10345997691092107, "♥9|♣9": 0.07884874741655702, "♦Q": 0.07406690659254392}, "value": 0.49225905537605286}}
{"step": {"step": 47, "player_id": 2, "played": ["♥10"], "field_after": ["♥10"], "reset_reason": null, "policy": {"♠8": 0.12736767403539223, "♠9": 0.11465850957841042, "♦9": 0.1287210038720348, "♥10": 0.1260304882047625, "♠J": 0.11948503074660408, "♣J": 0.14780203335947056, "♥Q": 0.1063681378174129, "pass": 0.12956712238591256}, "value": 0.5473240613937378}}
{"step": {"step": 48, "player_id": 3, "played": ["♦J"], "field_after": ["♦J"], "reset_reason": null, "policy": {"♠Q": 0.37216833819812756, "♦J": 0.31194170000300064, "pass": 0.3158899617988719}, "value": 0.4741384983062744}}
{"step": {"step": 49, "player_id": 0, "played": ["♣Q"], "field_after": ["♣Q"], "reset_reason": null, "policy": {"♠K": 0.34531804092002827, "♣Q": 0.3264575362999599, "pass": 0.32822442278001196}, "value": 0.44742411375045776}}
{"step": {"step": 50, "player_id": 1, "played": null, "field_after": ["♣Q"], "reset_reason": null, "policy": {"pass": 1.0}, "value": 0.4736604392528534}}
{"step": {"step": 51, "player_id": 2, "played": null, "field_after": ["♣Q"], "reset_reason": null, "policy": {"pass": 1.0}, "value": 0.5503264665603638}}
{"step": {"step": 52, "player_id": 3, "played": null, "field_after": [], "reset_reason": "all_pass", "policy": {"pass": 1.0}, "value": 0.4796596169471741}}
{"step": {"step": 53, "player_id": 0, "played": ["♠K"], "field_after": ["♠K"], "reset_reason": null, "policy": {"♥5": 0.5483057673050488, "♠K": 0.4516942326949513}, "value": 0.45234739780426025}}
{"step": {"step": 54, "player_id": 1, "played": null, "field_after": ["♠K"], "reset_reason": null, "policy": {"pass": 1.0}, "value": 0.4754111170768738}}
{"step": {"step": 55, "player_id": 2, "played": null, "field_after": ["♠K"], "reset_reason": null, "policy": {"pass": 1.0}, "value": 0.5377659797668457}}
{"step": {"step": 56, "player_id": 3, "played": null, "field_after": [], "reset_reason": "all_pass", "policy": {"pass": 1.0}, "value": 0.47855615615844727}}
{"step": {"step": 57, "player_id": 0, "played": ["♥5"], "field_after": ["♥5"], "reset_reason": null, "policy": {"♥5": 1.0}, "value": 0.4452296197414398}}
{"step": {"step": 58, "player_id": 1, "played": ["♦Q"], "field_after": ["♦Q"], "reset_reason": null, "policy": {"♠6": 0.15068666997135877, "♦7": 0.12667728201234277, "♣9": 0.14555405413448244, "♥9": 0.14351725609330185, "♠10": 0.13254411006713082, "♦Q": 0.17199943518816455, "pass": 0.12902119253321884}, "value": 0.4736853837966919}}
{"step": {"step": 59, "player_id": 2, "played": null, "field_after": ["♦Q"], "reset_reason": null, "policy": {"pass": 1.0}, "value": 0.5418785810470581}}
{"step": {"step": 60, "player_id": 3, "played": null, "field_after": [], "reset_reason": "all_pass", "policy": {"pass": 1.0}, "value": 0.48422688245773315}}
{"step": {"step": 61, "player_id": 1, "played": ["♥9", "♣9"], "field_after": ["♥9", "♣9"], "reset_reason": null, "policy": {"♦4": 0.14066754497105063, "♦5": 0.11782302283125327, "♠6": 0.1197978261374159, "♦7": 0.1277877837708591, "♣9": 0.11097662617670014, "♥9": 0.15499807046414982, "♠10": 0.110013802723065, "♥9|♣9": 0.11793532292550617}, "value": 0.4856284558773041}}
{"step": {"step": 62, "player_id": 2, "played": ["♠J", "♣J"], "field_after": ["♠J", "♣J"], "reset_reason": null, "policy": {"♠J|♣J": 0.5187187623235815, "pass": 0.48128123767641856}, "value": 0.5578009486198425}}
{"step": {"step": 63, "player_id": 3, "played": null, "field_after": ["♠J", "♣J"], "reset_reason": null, "policy": {"pass": 1.0}, "value": 0.48113730549812317}}
{"step": {"step": 64, "player_id": 1, "played": null, "field_after": [], "reset_reason": "all_pass", "policy": {"pass": 1.0}, "value": 0.470020592212677}}
{"step": {"step": 65, "player_id": 2, "played": ["♠8"], "field_after": [], "reset_reason": "eight_cut", "policy": {"♥3": 0.13866929458248958, "♣4": 0.11526476928246698, "♣5": 0.11793000937284034, "♠8": 0.11806315249457716, "♠9": 0.11970964341289476, "♦9": 0.15631956873506933, "♦9|♠9": 0.10337886193174808, "♥Q": 0.13066470018791385}, "value": 0.5574681758880615}}
{"step": {"step": 66, "player_id": 2, "played": ["♣5"], "field_after": ["♣5"], "reset_reason": null, "policy": {"♥3": 0.1604013059952746, "♣4": 0.13354733507789585, "♣5": 0.13694467325849952, "♠9": 0.13476604169681564, "♦9": 0.13958838684981126, "♦9|♠9": 0.1778367873811738, "♥Q": 0.1169154697405293}, "value": 0.5497905015945435}}
{"step": {"step": 67, "player_id": 3, "played": ["♠7"], "field_after": ["♠7"], "reset_reason": null, "policy": {"♦6": 0.21604340326814317, "♠7": 0.17531227871975846, "♣8": 0.2077908127113046, "♠Q": 0.19272888249157794, "pass": 0.2081246228092158}, "value": 0.47705328464508057}}
{"step": {"step": 68, "player_id": 1, "played": ["♠10"], "field_after": ["♠10"], "reset_reason": null, "policy": {"♠10": 0.5143400041612808, "pass": 0.4856599958387192}, "value": 0.5016103982925415}}
{"step": {"step": 69, "player_id": 2, "played": ["♥Q"], "field_after": ["♥Q"], "reset_reason": null, "policy": {"♥Q": 0.4859553352571694, "pass": 0.5140446647428306}, "value": 0.534542441368103}}
{"step": {"step": 70, "player_id": 3, "played": null, "field_after": ["♥Q"], "reset_reason": null, "policy": {"pass": 1.0}, "value": 0.4853992760181427}}
{"step": {"step": 71, "player_id": 1, "played": null, "field_after": [], "reset_reason": "all_pass", "policy": {"pass": 1.0}, "value": 0.4717143774032593}}
{"step": {"step": 72, "player_id": 2, "played": ["♥3"], "field_after": ["♥3"], "reset_reason": null, "policy": {"♥3": 0.22571514196896716, "♣4": 0.19169227270562936, "♠9": 0.20285298615209782, "♦9": 0.1921830590440686, "♦9|♠9": 0.18755654012923706}, "value": 0.5499212741851807}}
{"step": {"step": 73, "player_id": 3, "played": ["♣8"], "field_after": [], "reset_reason": "eight_cut", "policy": {"♠4": 0.15905730385301367, "♥4": 0.13805937527678624, "♠5": 0.1365504767981168, "♦6": 0.13808172558110793, "♣8": 0.13044755229404736, "♠Q": 0.17683018151491953, "pass": 0.12097338468200852}, "value": 0.47677889466285706}}
{"step": {"step": 74, "player_id": 3, "played": ["♣3"], "field_after": ["♣3"], "reset_reason": null, "policy": {"♠3": 0.08085036595549663, "♣3": 0.06995462316076825, "♦3": 0.07210864144142623, "♠4": 0.06970891406744169, "♥4": 0.07302494843253947, "♠5": 0.08967883318790931, "♦6": 0.05733212739549034, "♣3|♠3": 0.07290025515742735, "♦3|♠3": 0.076327723912059, "♦3|♣3": 0.0655692226804049, "♥4|♠4": 0.05790942192367295, "♦3|♣3|♠3": 0.07125086596728888, "♠3|♠4|♠5": 0.06030353667345522, "♠Q": 0.08308052004461979}, "value": 0.48472654819488525}}
{"step": {"step": 75, "player_id": 1, "played": ["♠6"], "field_after": ["♠6"], "reset_reason": null, "policy": {"♦4": 0.22814919499685232, "♦5": 0.18857945997523054, "♠6": 0.19360471913560565, "♦7": 0.19607340793019679, "pass": 0.19359321796211482}, "value": 0.47940120100975037}}
{"step": {"step": 76, "player_id": 2, "played": ["♠9"], "field_after": ["♠9"], "reset_reason": null, "policy": {"♠9": 0.3497692256231193, "♦9": 0.30386185261784093, "pass": 0.3463689217590397}, "value": 0.5554887056350708}}
{"step": {"step": 77, "player_id": 3, "played": ["♠Q"], "field_after": ["♠Q"], "reset_reason": null, "policy": {"♠Q": 0.5402671882777297, "pass": 0.4597328117222703}, "value": 0.4783743619918823}}
{"step": {"step": 78, "player_id": 1, "played": null, "field_after": ["♠Q"], "reset_reason": null, "policy": {"pass": 1.0}, "value": 0.4820888340473175}}
{"step": {"step": 79, "player_id": 2, "played": null, "field_after": [], "reset_reason": "all_pass", "policy": {"pass": 1.0}, "value": 0.5446028709411621}}
{"step": {"step": 80, "player_id": 3, "played": ["♦6"], "field_after": ["♦6"], "reset_reason": null, "policy": {"♠3": 0.12410762651607705, "♦3": 0.10590250108563105, "♠4": 0.10786585162525124, "♥4": 0.10348292680422172, "♠5": 0.1081292091616643, "♦6": 0.13540616642622563, "♦3|♠3": 0.08708199153445761, "♥4|♠4": 0.10705860741803945, "♠3|♠4|♠5": 0.1209651194284321}, "value": 0.48456987738609314}}
{"step": {"step": 81, "player_id": 1, "played": ["♦7"], "field_after": ["♦7"], "reset_reason": null, "policy": {"♦7": 0.5242664156487555, "pass": 0.47573358435124447}, "value": 0.49689728021621704}}
{"step": {"step": 82, "player_id": 2, "played": ["♦9"], "field_after": ["♦9"], "reset_reason": null, "policy": {"♦9": 0.523047799092972, "pass": 0.47695220090702795}, "value": 0.5387345552444458}}
{"step": {"step": 83, "player_id": 3, "played": null, "field_after": ["♦9"], "reset_reason": null, "policy": {"pass": 1.0}, "value": 0.47590726613998413}}
{"step": {"step": 84, "player_id": 1, "played": null, "field_after": [], "reset_reason": "all_pass", "policy": {"pass": 1.0}, "value": 0.4763476550579071}}
{"step": {"step": 85, "player_id": 2, "played": ["♣4"], "field_after": ["♣4"], "reset_reason": null, "policy": {"♣4": 1.0}, "value": 0.5467767715454102}}
{"step": {"step": 86, "player_id": 3, "played": ["♠5"], "field_after": ["♠5"], "reset_reason": null, "policy": {"♠5": 0.5181708085035214, "pass": 0.48182919149647857}, "value": 0.4786415100097656}}
{"step": {"step": 87, "player_id": 1, "played": null, "field_after": [], "reset_reason": "all_pass", "policy": {"pass": 1.0}, "value": 0.49367275834083557}}
{"step": {"step": 88, "player_id": 3, "played": ["♦3", "♠3"], "field_after": ["♦3", "♠3"], "reset_reason": null, "policy": {"♠3": 0.18287516568261394, "♦3": 0.15661686060380373, "♠4": 0.15609737390981077, "♥4": 0.15282555701861714, "♦3|♠3": 0.15348661106933018, "♥4|♠4": 0.19809843171582422}, "value": 0.4813661575317383}}
{"step": {"step": 89, "player_id": 1, "played": null, "field_after": [], "reset_reason": "all_pass", "policy": {"pass": 1.0}, "value": 0.48321375250816345}}
{"step": {"step": 90, "player_id": 3, "played": ["♥4"], "field_after": ["♥4"], "reset_reason": null, "policy": {"♠4": 0.37474499381506743, "♥4": 0.31063503697098194, "♥4|♠4": 0.31461996921395063}, "value": 0.4800316095352173}}
{"step": {"step": 91, "player_id": 1, "played": ["♦5"], "field_after": ["♦5"], "reset_reason": null, "policy": {"♦5": 0.5071655839668848, "pass": 0.49283441603311523}, "value": 0.4823291003704071}}
{"step": {"step": 92, "player_id": 3, "played": null, "field_after": [], "reset_reason": "all_pass", "policy": {"pass": 1.0}, "value": 0.4733251929283142}}
{"step": {"step": 93, "player_id": 1, "played": ["♦4"], "field_after": ["♦4"], "reset_reason": null, "policy": {"♦4": 1.0}, "value": 0.4859139621257782}}
{"episode_end": {"episode": 13, "ended": true}}
{"episode_summary": {"episode": 14, "seed": 12359, "ended": true, "steps_count": 80, "winner": 0}}
{"initial_hands": [["♦6", "♠8", "♠7", "♦7", "♥K", "♣10", "♣J", "♣6", "♠J", "♦A", "♣Q", "♠K", "♠2", "♣A"], ["♣9", "♠A", "♥10", "♦9", "♥6", "♣2", "♥3", "♠5", "♣4", "♦4", "♠9", "♠3", "♣3"], ["♣7", "♥7", "♦8", "♣5", "♠10", "♥2", "♦Q", "♥A", "♠Q", "♥9", "♥8", "♠6", "♦2"], ["♦J", "♦5", "♥5", "♦3", "♦10", "♥Q", "♥4", "♦K", "♣8", "♥J", "♣K", "♠4", "JOKER(♥5)"]]}
{"step": {"step": 1, "player_id": 3, "played": ["♦5"], "field_after": ["♦5"], "reset_reason": null, "policy": {"♦3": 0.029377491820215228, "♠4": 0.026112349065000318, "♥4": 0.024248728688574656, "♥5": 0.02663891153956034, "♦5": 0.026951129983958964, "♣8": 0.033182273692605076, "♦10": 0.021131820028506994, "♦3|JOKER(♥5)": 0.026858427792126792, "♥4|♠4": 0.029048822768350597, "♠4|JOKER(♥5)": 0.023304156051213408, "♥4|JOKER(♥5)": 0.021149413249723224, "♦5|♥5": 0.027220625302416205, "♥5|JOKER(♥5)": 0.02168695028110788, "♦5|JOKER(♥5)": 0.03132138178686867, "♣8|JOKER(♥5)": 0.025455569767076112, "♦10|JOKER(♥5)": 0.02153615791608092, "♣K|JOKER(♥5)": 0.033104741992031964, "♥J|JOKER(♥5)": 0.023422045196447968, "♥Q|JOKER(♥5)": 0.02263888525802524, "♦J|JOKER(♥5)": 0.020920965584285602, "♦K|JOKER(♥5)": 0.02949862532317448, "♦K|♣K": 0.01990024223159256, "♦J|♥J": 0.019049049436262778, "♥4|♠4|JOKER(♥5)": 0.029256262840181183, "♦5|♥5|JOKER(♥5)": 0.025716468108664042, "♦3|JOKER(♥5)|♦5": 0.019352464854173666, "♦K|♣K|JOKER(♥5)": 0.029092537381911945, "♥J|♥Q|JOKER(♥5)": 0.022721335574035294, "♦J|♥J|JOKER(♥5)": 0.02025721720356539, "♦J|JOKER(♥5)|♦K": 0.029065866914553748, "♥4|♥5|JOKER(♥5)": 0.027082958705120938, "♦10|♦J|JOKER(♥5)": 0.030219441675123627, "♦10|♦J|JOKER(♥5)|♦K": 0.026189762982967567, "JOKER(♥5)": 0.01873631671151453, "♣K": 0.030355549735237287, "♥J": 0.024891597724758612, "♥Q": 0.020620925376220487, "♦J": 0.03608389277468643, "♦K": 0.026598636682079266}, "value": 0.47302424907684326}}
{"step": {"step": 2, "player_id": 0, "played": ["♦6"], "field_after": ["♦6"], "reset_reason": null, "policy": {"♣6": 0.0725539844823176, "♦6": 0.07144929497295245, "♠7": 0.0641071114391245, "♦7": 0.06870906101395083, "♠8": 0.06336693174191407, "♣10": 0.08297737985120276, "♠2": 0.059600783839100155, "♠J": 0.06838189647335453, "♠K": 0.07248799964117514, "♣A": 0.05742785212017823, "♣J": 0.05921620097013917, "♣Q": 0.06758423579574012, "♥K": 0.051644479249138085, "♦A": 0.07873859058082436, "pass": 0.061754197828887976}, "value": 0.4553827941417694}}
{"step": {"step": 3, "player_id": 1, "played": ["♣2"], "field_after": ["♣2"], "reset_reason": null, "policy": {"♠9": 0.1441103444096419, "♣9": 0.14331006773360194, "♦9": 0.16230585534400177, "♥10": 0.13836780849741862, "♣2": 0.13529286715887245, "♠A": 0.16251866713793392, "pass": 0.11409438971852934}, "value": 0.4882787764072418}}
{"step": {"step": 4, "player_id": 2, "played": null, "field_after": ["♣2"], "reset_reason": null, "policy": {"pass": 1.0}, "value": 0.5420222282409668}}
{"step": {"step": 5, "player_id": 3, "played": null, "field_after": ["♣2"], "reset_reason": null, "policy": {"pass": 1.0}, "value": 0.47702887654304504}}
{"step": {"step": 6, "player_id": 0, "played": null, "field_after": [], "reset_reason": "all_pass", "policy": {"pass": 1.0}, "value": 0.46183690428733826}}
{"step": {"step": 7, "player_id": 1, "played": ["♠9"], "field_after": ["♠9"], "reset_reason": null, "policy": {"♠3": 0.05108829034604842, "♣3": 0.050060944578352154, "♥3": 0.054111884262441734, "♣4": 0.04712950323276696, "♦4": 0.047861804520096966, "♠5": 0.06240436297572385, "♥6": 0.03851695728839894, "♠9": 0.04695623092967889, "♣9": 0.051605522421904304, "♦9": 0.04410187297187736, "♥10": 0.03823069566029601, "♠3|♣3": 0.04793257985542809, "♥3|♠3": 0.03942423579002532, "♥3|♣3": 0.05318356702343722, "♣4|♦4": 0.044192208485000835, "♣9|♠9": 0.042002755616791745, "♦9|♠9": 0.059444783315539075, "♣9|♦9": 0.041881526424594834, "♥3|♠3|♣3": 0.04263256547473168, "♣9|♦9|♠9": 0.0379523159887766, "♠A": 0.05928539283808883}, "value": 0.4891718924045563}}
{"step": {"step": 8, "player_id": 2, "played": ["♠10"], "field_after": ["♠10"], "reset_reason": null, "policy": {"♠10": 0.153963290460657, "♥2": 0.14377140198427268, "♦2": 0.13729120819064852, "♠Q": 0.14580152461702733, "♥A": 0.1200571697208902, "♦Q": 0.17063472563174686, "pass": 0.1284806793947575}, "value": 0.5459153652191162}}
{"step": {"step": 9, "player_id": 3, "played": ["♣K"], "field_after": ["♣K"], "reset_reason": null, "policy": {"♣K": 0.16283831999968532, "♥J": 0.15822300133013073, "♥Q": 0.14774097208124534, "♦J": 0.17318320076697483, "♦K": 0.1669521887542996, "pass": 0.19106231706766422}, "value": 0.4755541682243347}}
{"step": {"step": 10, "player_id": 0, "played": ["♣A"], "field_after": ["♣A"], "reset_reason": null, "policy": {"♠2": 0.2659943983560561, "♣A": 0.25183350371819496, "♦A": 0.2404171032558759, "pass": 0.24175499466987294}, "value": 0.4572441279888153}}
{"step": {"step": 11, "player_id": 1, "played": null, "field_after": ["♣A"], "reset_reason": null, "policy": {"pass": 1.0}, "value": 0.45947030186653137}}
{"step": {"step": 12, "player_id": 2, "played": ["♥2"], "field_after": ["♥2"], "reset_reason": null, "policy": {"♥2": 0.3790977281013917, "♦2": 0.31222350649428116, "pass": 0.3086787654043272}, "value": 0.5416367650032043}}
{"step": {"step": 13, "player_id": 3, "played": null, "field_after": ["♥2"], "reset_reason": null, "policy": {"pass": 1.0}, "value": 0.47158560156822205}}
{"step": {"step": 14, "player_id": 0, "played": null, "field_after": ["♥2"], "reset_reason": null, "policy": {"pass": 1.0}, "value": 0.461905837059021}}
{"step": {"step": 15, "player_id": 1, "played": null, "field_after": [], "reset_reason": "all_pass", "policy": {"pass": 1.0}, "value": 0.4736248254776001}}
{"step": {"step": 16, "player_id": 2, "played": ["♠6"], "field_after": ["♠6"], "reset_reason": null, "policy": {"♣5": 0.07773377556608611, "♠6": 0.06264831419667219, "♣7": 0.06071837734640688, "♥7": 0.06811690163487676, "♥8": 0.05947324754893177, "♦8": 0.08542943196461213, "♥9": 0.05999915012955619, "♦2": 0.06767675360479614, "♣7|♥7": 0.07880253448023744, "♦8|♥8": 0.056275878595436875, "♦Q|♠Q": 0.05278063910997508, "♥7|♥8|♥9": 0.06308218841152805, "♠Q": 0.06178503114248282, "♥A": 0.0799993864963483, "♦Q": 0.06547838977205336}, "value": 0.5582895278930664}}
{"step": {"step": 17, "player_id": 3, "played": ["♦J"], "field_after": ["♦J"], "reset_reason": null, "policy": {"♣8": 0.14541090109303134, "♦10": 0.13973767862541459, "♥J": 0.12841567626098055, "♥Q": 0.15268232323183334, "♦J": 0.15266049251171504, "♦K": 0.16297246746966323, "pass": 0.1181204608073618}, "value": 0.46027684211730957}}
{"step": {"step": 18, "player_id": 0, "played": ["♣Q"], "field_after": ["♣Q"], "reset_reason": null, "policy": {"♠2": 0.17625622474016286, "♠K": 0.16833322887388702, "♣Q": 0.14805293214155046, "♥K": 0.15929312538874055, "♦A": 0.14722156427316846, "pass": 0.20084292458249073}, "value": 0.4682038426399231}}
{"step": {"step": 19, "player_id": 1, "played": ["♠A"], "field_after": ["♠A"], "reset_reason": null, "policy": {"♠A": 0.5024022684920043, "pass": 0.4975977315079956}, "value": 0.470880389213562}}
{"step": {"step": 20, "player_id": 2, "played": ["♦2"], "field_after": ["♦2"], "reset_reason": null, "policy": {"♦2": 0.5310851411489744, "pass": 0.4689148588510256}, "value": 0.5540531873703003}}
{"step": {"step": 21, "player_id": 3, "played": null, "field_after": ["♦2"], "reset_reason": null, "policy": {"pass": 1.0}, "value": 0.4839533865451813}}
{"step": {"step": 22, "player_id": 0, "played": null, "field_after": ["♦2"], "reset_reason": null, "policy": {"pass": 1.0}, "value": 0.4573211371898651}}
{"step": {"step": 23, "player_id": 1, "played": null, "field_after": [], "reset_reason": "all_pass", "policy": {"pass": 1.0}, "value": 0.47052857279777527}}
{"step": {"step": 24, "player_id": 2, "played": ["♥8"], "field_after": [], "reset_reason": "eight_cut", "policy": {"♣5": 0.0916524692883167, "♣7": 0.07314366186772833, "♥7": 0.07408538293936184, "♥8": 0.07943270411622129, "♦8": 0.07050452563147805, "♥9": 0.09582850822302193, "♣7|♥7": 0.07374505057824027, "♦8|♥8": 0.07897222515807684, "♦Q|♠Q": 0.09041639313998771, "♥7|♥8|♥9": 0.06438096849106732, "♠Q": 0.06261719870472153, "♥A": 0.07254200542635474, "♦Q": 0.07267890643542355}, "value": 0.5522632598876953}}
{"step": {"step": 25, "player_id": 2, "played": ["♦Q", "♠Q"], "field_after": ["♦Q", "♠Q"], "reset_reason": null, "policy": {"♣5": 0.11329452312491345, "♣7": 0.09161086126089345, "♥7": 0.09292409972382816, "♦8": 0.09824971098255202, "♥9": 0.09027007768431465, "♣7|♥7": 0.12213488798660982, "♦Q|♠Q": 0.09219860105809696, "♠Q": 0.10117149472053422, "♥A": 0.11492477597911058, "♦Q": 0.08322096747914669}, "value": 0.5531294345855713}}
{"step": {"step": 26, "player_id": 3, "played": ["♦K", "JOKER(♦K)"], "field_after": ["♦K", "JOKER(♦K)"], "reset_reason": null, "policy": {"♦K|JOKER(♦K)": 0.5404933099244963, "pass": 0.45950669007550377}, "value": 0.4755192697048187}}
{"step": {"step": 27, "player_id": 0, "played": null, "field_after": ["♦K", "JOKER(♦K)"], "reset_reason": null, "policy": {"pass": 1.0}, "value": 0.45516741275787354}}
{"step": {"step": 28, "player_id": 1, "played": null, "field_after": ["♦K", "JOKER(♦K)"], "reset_reason": null, "policy": {"pass": 1.0}, "value": 0.48823216557502747}}
{"step": {"step": 29, "player_id": 2, "played": null, "field_after": [], "reset_reason": "all_pass", "policy": {"pass": 1.0}, "value": 0.5490807294845581}}
{"step": {"step": 30, "player_id": 3, "played": ["♥4", "♠4"], "field_after": ["♥4", "♠4"], "reset_reason": null, "policy": {"♦3": 0.11862097044092151, "♠4": 0.10632971587296194, "♥4": 0.101910307548708, "♥5": 0.10516739452255645, "♣8": 0.11562617850070878, "♦10": 0.1337292252231168, "♥4|♠4": 0.0872849230090308, "♥J": 0.1085602830779939, "♥Q": 0.12277100180400177}, "value": 0.48552602529525757}}
{"step": {"step": 31, "player_id": 0, "played": ["♣J", "♠J"], "field_after": ["♣J", "♠J"], "reset_reason": null, "policy": {"♠7|♦7": 0.2571611417562889, "♣J|♠J": 0.26155732138670906, "♥K|♠K": 0.22903649951953783, "pass": 0.2522450373374642}, "value": 0.47157859802246094}}
{"step": {"step": 32, "player_id": 1, "played": null, "field_after": ["♣J", "♠J"], "reset_reason": null, "policy": {"pass": 1.0}, "value": 0.4544999897480011}}
{"step": {"step": 33, "player_id": 2, "played": null, "field_after": ["♣J", "♠J"], "reset_reason": null, "policy": {"pass": 1.0}, "value": 0.5484640002250671}}
{"step": {"step": 34, "player_id": 3, "played": null, "field_after": [], "reset_reason": "all_pass", "policy": {"pass": 1.0}, "value": 0.4883367717266083}}
{"step": {"step": 35, "player_id": 0, "played": ["♠7", "♦7"], "field_after": ["♠7", "♦7"], "reset_reason": null, "policy": {"♣6": 0.10986241969654204, "♠7": 0.09238339219162083, "♦7": 0.08477886425065977, "♠8": 0.09056664377952439, "♣10": 0.08128556803971786, "♠2": 0.11102828619652695, "♠7|♦7": 0.08054773847920509, "♥K|♠K": 0.08722001257853453, "♠K": 0.10546116947794121, "♥K": 0.07838776733830705, "♦A": 0.07847813797142031}, "value": 0.47217828035354614}}
{"step": {"step": 36, "player_id": 1, "played": ["♣9", "♦9"], "field_after": ["♣9", "♦9"], "reset_reason": null, "policy": {"♣9|♦9": 0.5028039966122515, "pass": 0.4971960033877485}, "value": 0.48802924156188965}}
{"step": {"step": 37, "player_id": 2, "played": null, "field_after": ["♣9", "♦9"], "reset_reason": null, "policy": {"pass": 1.0}, "value": 0.5487246513366699}}
{"step": {"step": 38, "player_id": 3, "played": null, "field_after": ["♣9", "♦9"], "reset_reason": null, "policy": {"pass": 1.0}, "value": 0.49295979738235474}}
{"step": {"step": 39, "player_id": 0, "played": ["♥K", "♠K"], "field_after": ["♥K", "♠K"], "reset_reason": null, "policy": {"♥K|♠K": 0.5112366119598724, "pass": 0.4887633880401277}, "value": 0.47002139687538147}}
{"step": {"step": 40, "player_id": 1, "played": null, "field_after": ["♥K", "♠K"], "reset_reason": null, "policy": {"pass": 1.0}, "value": 0.4776974618434906}}
{"step": {"step": 41, "player_id": 2, "played": null, "field_after": ["♥K", "♠K"], "reset_reason": null, "policy": {"pass": 1.0}, "value": 0.5407686829566956}}
{"step": {"step": 42, "player_id": 3, "played": null, "field_after": [], "reset_reason": "all_pass", "policy": {"pass": 1.0}, "value": 0.47036290168762207}}
{"step": {"step": 43, "player_id": 0, "played": ["♣6"], "field_after": ["♣6"], "reset_reason": null, "policy": {"♣6": 0.2328306274609043, "♠8": 0.1969762371368331, "♣10": 0.19246579510247092, "♠2": 0.1964441965305902, "♦A": 0.18128314376920152}, "value": 0.46638521552085876}}
{"step": {"step": 44, "player_id": 1, "played": ["♥10"], "field_after": ["♥10"], "reset_reason": null, "policy": {"♥10": 0.5130702872264615, "pass": 0.4869297127735384}, "value": 0.4726700186729431}}
{"step": {"step": 45, "player_id": 2, "played": ["♥A"], "field_after": ["♥A"], "reset_reason": null, "policy": {"♥A": 0.5054242438633341, "pass": 0.494575756136666}, "value": 0.5336871147155762}}
{"step": {"step": 46, "player_id": 3, "played": null, "field_after": ["♥A"], "reset_reason": null, "policy": {"pass": 1.0}, "value": 0.4779491126537323}}
{"step": {"step": 47, "player_id": 0, "played": ["♠2"], "field_after": ["♠2"], "reset_reason": null, "policy": {"♠2": 0.5230702138871558, "pass": 0.4769297861128443}, "value": 0.4547974467277527}}
{"step": {"step": 48, "player_id": 1, "played": null, "field_after": ["♠2"], "reset_reason": null, "policy": {"pass": 1.0}, "value": 0.4497365355491638}}
{"step": {"step": 49, "player_id": 2, "played": null, "field_after": ["♠2"], "reset_reason": null, "policy": {"pass": 1.0}, "value": 0.5577480792999268}}
{"step": {"step": 50, "player_id": 3, "played": null, "field_after": [], "reset_reason": "all_pass", "policy": {"pass": 1.0}, "value": 0.4763689637184143}}
{"step": {"step": 51, "player_id": 0, "played": ["♠8"], "field_after": [], "reset_reason": "eight_cut", "policy": {"♠8": 0.3641317091458519, "♣10": 0.31618873133442293, "♦A": 0.31967955951972515}, "value": 0.46353501081466675}}
{"step": {"step": 52, "player_id": 0, "played": ["♦A"], "field_after": ["♦A"], "reset_reason": null, "policy": {"♣10": 0.5336405982378887, "♦A": 0.4663594017621113}, "value": 0.4616505205631256}}
{"step": {"step": 53, "player_id": 1, "played": null, "field_after": ["♦A"], "reset_reason": null, "policy": {"pass": 1.0}, "value": 0.46057555079460144}}
{"step": {"step": 54, "player_id": 2, "played": null, "field_after": ["♦A"], "reset_reason": null, "policy": {"pass": 1.0}, "value": 0.5517492294311523}}
{"step": {"step": 55, "player_id": 3, "played": null, "field_after": [], "reset_reason": "all_pass", "policy": {"pass": 1.0}, "value": 0.48250409960746765}}
{"step": {"step": 56, "player_id": 0, "played": ["♣10"], "field_after": ["♣10"], "reset_reason": null, "policy": {"♣10": 1.0}, "value": 0.4593001902103424}}
{"step": {"step": 57, "player_id": 1, "played": null, "field_after": ["♣10"], "reset_reason": null, "policy": {"pass": 1.0}, "value": 0.4768979251384735}}
{"step": {"step": 58, "player_id": 2, "played": null, "field_after": ["♣10"], "reset_reason": null, "policy": {"pass": 1.0}, "value": 0.5294183492660522}}
{"step": {"step": 59, "player_id": 3, "played": ["♥Q"], "field_after": ["♥Q"], "reset_reason": null, "policy": {"♥J": 0.3469297135073007, "♥Q": 0.30987445813504233, "pass": 0.343195828357657}, "value": 0.4771256148815155}}
{"step": {"step": 60, "player_id": 1, "played": null, "field_after": ["♥Q"], "reset_reason": null, "policy": {"pass": 1.0}, "value": 0.483002632856369}}
{"step": {"step": 61, "player_id": 2, "played": null, "field_after": [], "reset_reason": "all_pass", "policy": {"pass": 1.0}, "value": 0.5524395108222961}}
{"step": {"step": 62, "player_id": 3, "played": ["♣8"], "field_after": [], "reset_reason": "eight_cut", "policy": {"♦3": 0.22726349754223266, "♥5": 0.18540045534191585, "♣8": 0.18468814699486588, "♦10": 0.19867047917395733, "♥J": 0.20397742094702825}, "value": 0.48113495111465454}}
{"step": {"step": 63, "player_id": 3, "played": ["♥J"], "field_after": ["♥J"], "reset_reason": null, "policy": {"♦3": 0.28452323025191695, "♥5": 0.2382214832710191, "♦10": 0.23304778384855818, "♥J": 0.24420750262850574}, "value": 0.4836897552013397}}
{"step": {"step": 64, "player_id": 1, "played": null, "field_after": ["♥J"], "reset_reason": null, "policy": {"pass": 1.0}, "value": 0.4559774398803711}}
{"step": {"step": 65, "player_id": 2, "played": null, "field_after": [], "reset_reason": "all_pass", "policy": {"pass": 1.0}, "value": 0.5473618507385254}}
{"step": {"step": 66, "player_id": 3, "played": ["♥5"], "field_after": ["♥5"], "reset_reason": null, "policy": {"♦3": 0.3698669502849215, "♥5": 0.317333241822455, "♦10": 0.31279980789262346}, "value": 0.4834124445915222}}
{"step": {"step": 67, "player_id": 1, "played": ["♥6"], "field_after": ["♥6"], "reset_reason": null, "policy": {"♥6": 0.49694448508460864, "pass": 0.5030555149153914}, "value": 0.48409298062324524}}
{"step": {"step": 68, "player_id": 2, "played": ["♥9"], "field_after": ["♥9"], "reset_reason": null, "policy": {"♣7": 0.21992822488250946, "♥7": 0.1921675806496186, "♦8": 0.19226164255753822, "♥9": 0.20307908237474392, "pass": 0.1925634695355899}, "value": 0.5431321263313293}}
{"step": {"step": 69, "player_id": 3, "played": ["♦10"], "field_after": ["♦10"], "reset_reason": null, "policy": {"♦10": 0.5357843326441715, "pass": 0.46421566735582853}, "value": 0.4663642346858978}}
{"step": {"step": 70, "player_id": 1, "played": null, "field_after": ["♦10"], "reset_reason": null, "policy": {"pass": 1.0}, "value": 0.4778016209602356}}
{"step": {"step": 71, "player_id": 2, "played": null, "field_after": [], "reset_reason": "all_pass", "policy": {"pass": 1.0}, "value": 0.5274788737297058}}
{"step": {"step": 72, "player_id": 3, "played": ["♦3"], "field_after": ["♦3"], "reset_reason": null, "policy": {"♦3": 1.0}, "value": 0.4776259660720825}}
{"step": {"step": 73, "player_id": 1, "played": ["♠5"], "field_after": ["♠5"], "reset_reason": null, "policy": {"♣4": 0.255803466897868, "♦4": 0.24980851298265422, "♠5": 0.2507151232418673, "pass": 0.2436728968776106}, "value": 0.47006306052207947}}
{"step": {"step": 74, "player_id": 2, "played": ["♣7"], "field_after": ["♣7"], "reset_reason": null, "policy": {"♣7": 0.252503458410223, "♥7": 0.24672944305736927, "♦8": 0.2505087277592206, "pass": 0.2502583707731871}, "value": 0.5500152111053467}}
{"step": {"step": 75, "player_id": 1, "played": null, "field_after": [], "reset_reason": "all_pass", "policy": {"pass": 1.0}, "value": 0.4766008257865906}}
{"step": {"step": 76, "player_id": 2, "played": ["♥7"], "field_after": ["♥7"], "reset_reason": null, "policy": {"♣5": 0.37397279840731523, "♥7": 0.30809380400301845, "♦8": 0.3179333975896663}, "value": 0.5497620701789856}}
{"step": {"step": 77, "player_id": 1, "played": null, "field_after": [], "reset_reason": "all_pass", "policy": {"pass": 1.0}, "value": 0.46812838315963745}}
{"step": {"step": 78, "player_id": 2, "played": ["♣5"], "field_after": ["♣5"], "reset_reason": null, "policy": {"♣5": 0.5520585192046301, "♦8": 0.44794148079536983}, "value": 0.5520846843719482}}
{"step": {"step": 79, "player_id": 1, "played": null, "field_after": [], "reset_reason": "all_pass", "policy": {"pass": 1.0}, "value": 0.47722968459129333}}
{"step": {"step": 80, "player_id": 2, "played": ["♦8"], "field_after": [], "reset_reason": "eight_cut", "policy": {"♦8": 1.0}, "value": 0.5510896444320679}}
{"episode_end": {"episode": 14, "ended": true}}
{"episode_summary": {"episode": 15, "seed": 12360, "ended": true, "steps_count": 79, "winner": 3}}
{"initial_hands": [["♣A", "♣2", "♠K", "♠6", "♠4", "♥J", "♦7", "JOKER(♦K)", "♦6", "♠9", "♦9", "♠7", "♦2", "♥A"], ["♦8", "♣8", "♣3", "♠J", "♠5", "♦J", "♠10", "♦Q", "♥Q", "♣Q", "♥4", "♦3", "♣4"], ["♣6", "♣K", "♥5", "♥10", "♦5", "♥3", "♣10", "♣5", "♥K", "♠8", "♥6", "♥7", "♠3"], ["♦4", "♦K", "♣7", "♦A", "♠2", "♠Q", "♦10", "♥9", "♥2", "♣J", "♥8", "♣9", "♠A"]]}
{"step": {"step": 1, "player_id": 1, "played": ["♦Q", "♣Q"], "field_after": ["♦Q", "♣Q"], "reset_reason": null, "policy": {"♣3": 0.05367015756551949, "♦3": 0.047523576469077844, "♣4": 0.04852451978626764, "♥4": 0.050953268180427065, "♠5": 0.04896774650796591, "♣8": 0.06104658695620642, "♦8": 0.039287050647623736, "♠10": 0.04955719813045147, "♣3|♦3": 0.054257526487979366, "♥4|♣4": 0.04232034823120555, "♦8|♣8": 0.039398903535332375, "♠J|♦J": 0.04938214377531273, "♥Q|♣Q": 0.03938560820392909, "♦Q|♣Q": 0.05588543412363725, "♦Q|♥Q": 0.04306346943547497, "♦Q|♥Q|♣Q": 0.039680006652843686, "♠J": 0.06384380425065757, "♣Q": 0.04273080332446338, "♥Q": 0.037730772074505724, "♦J": 0.03770023385993744, "♦Q": 0.05509084180118121}, "value": 0.4752599895000458}}
{"step": {"step": 2, "player_id": 2, "played": ["♣K", "♥K"], "field_after": ["♣K", "♥K"], "reset_reason": null, "policy": {"♣K|♥K": 0.528504022243941, "pass": 0.471495977756059}, "value": 0.5288208723068237}}
{"step": {"step": 3, "player_id": 3, "played": ["♠2", "♥2"], "field_after": ["♠2", "♥2"], "reset_reason": null, "policy": {"♠2|♥2": 0.34977919481294106, "♦A|♠A": 0.33378529878137586, "pass": 0.3164355064056831}, "value": 0.47397229075431824}}
{"step": {"step": 4, "player_id": 0, "played": null, "field_after": ["♠2", "♥2"], "reset_reason": null, "policy": {"pass": 1.0}, "value": 0.4552217423915863}}
{"step": {"step": 5, "player_id": 1, "played": null, "field_after": ["♠2", "♥2"], "reset_reason": null, "policy": {"pass": 1.0}, "value": 0.45411786437034607}}
{"step": {"step": 6, "player_id": 2, "played": null, "field_after": [], "reset_reason": "all_pass", "policy": {"pass": 1.0}, "value": 0.5607122778892517}}
{"step": {"step": 7, "player_id": 3, "played": ["♦A", "♠A"], "field_after": ["♦A", "♠A"], "reset_reason": null, "policy": {"♦4": 0.0868551035320772, "♣7": 0.0787141755010756, "♥8": 0.0736956812266074, "♣9": 0.07831618008761732, "♥9": 0.07091400535486349, "♦10": 0.10572978566297933, "♥9|♣9": 0.06520762889039235, "♦A|♠A": 0.07104082658532354, "♠A": 0.09236640268818355, "♠Q": 0.07214153258659628, "♣J": 0.06128291136316572, "♦A": 0.07755124304325482, "♦K": 0.06618452347786333}, "value": 0.4685986638069153}}
{"step": {"step": 8, "player_id": 0, "played": ["♣2", "JOKER(♦2)"], "field_after": ["♣2", "JOKER(♦2)"], "reset_reason": null, "policy": {"♣2|♦2": 0.25514496752822047, "♣2|JOKER(♦2)": 0.24377302065512654, "♦2|JOKER(♦2)": 0.25823234160329667, "pass": 0.2428496702133563}, "value": 0.43634170293807983}}
{"step": {"step": 9, "player_id": 1, "played": null, "field_after": ["♣2", "JOKER(♦2)"], "reset_reason": null, "policy": {"pass": 1.0}, "value": 0.4836595058441162}}
{"step": {"step": 10, "player_id": 2, "played": null, "field_after": ["♣2", "JOKER(♦2)"], "reset_reason": null, "policy": {"pass": 1.0}, "value": 0.5637181401252747}}
{"step": {"step": 11, "player_id": 3, "played": null, "field_after": [], "reset_reason": "all_pass", "policy": {"pass": 1.0}, "value": 0.4849075675010681}}
{"step": {"step": 12, "player_id": 0, "played": ["♠9", "♦9"], "field_after": ["♠9", "♦9"], "reset_reason": null, "policy": {"♠4": 0.07664783987588197, "♠6": 0.06310909827242263, "♦6": 0.06284296863427535, "♠7": 0.06174057277970724, "♦7": 0.05704694228352631, "♠9": 0.07569036421833532, "♦9": 0.056399495761545064, "♦2": 0.06016416029894799, "♠6|♦6": 0.07013759904825692, "♦7|♠7": 0.05708070667978267, "♠9|♦9": 0.05281722097197418, "♣A|♥A": 0.06625871465894864, "♠K": 0.057030437671056707, "♣A": 0.06948073697886582, "♥A": 0.061264449477138765, "♥J": 0.052288692389334465}, "value": 0.46435537934303284}}
{"step": {"step": 13, "player_id": 1, "played": ["♠J", "♦J"], "field_after": ["♠J", "♦J"], "reset_reason": null, "policy": {"♠J|♦J": 0.5358338120361797, "pass": 0.46416618796382014}, "value": 0.4791668951511383}}
{"step": {"step": 14, "player_id": 2, "played": null, "field_after": ["♠J", "♦J"], "reset_reason": null, "policy": {"pass": 1.0}, "value": 0.5620055198669434}}
{"step": {"step": 15, "player_id": 3, "played": null, "field_after": ["♠J", "♦J"], "reset_reason": null, "policy": {"pass": 1.0}, "value": 0.4774854779243469}}
{"step": {"step": 16, "player_id": 0, "played": ["♣A", "♥A"], "field_after": ["♣A", "♥A"], "reset_reason": null, "policy": {"♣A|♥A": 0.5118559601843903, "pass": 0.48814403981560966}, "value": 0.47343793511390686}}
{"step": {"step": 17, "player_id": 1, "played": null, "field_after": ["♣A", "♥A"], "reset_reason": null, "policy": {"pass": 1.0}, "value": 0.4721760153770447}}
{"step": {"step": 18, "player_id": 2, "played": null, "field_after": ["♣A", "♥A"], "reset_reason": null, "policy": {"pass": 1.0}, "value": 0.5518659949302673}}
{"step": {"step": 19, "player_id": 3, "played": null, "field_after": [], "reset_reason": "all_pass", "policy": {"pass": 1.0}, "value": 0.4847586154937744}}
{"step": {"step": 20, "player_id": 0, "played": ["♦6"], "field_after": ["♦6"], "reset_reason": null, "policy": {"♠4": 0.11706138947025163, "♠6": 0.09851854853523803, "♦6": 0.09365172393487352, "♠7": 0.09514870542371834, "♦7": 0.09201832854762029, "♦2": 0.12137152130316128, "♠6|♦6": 0.08326938759935108, "♦7|♠7": 0.0932257707505469, "♠K": 0.11354606534513131, "♥J": 0.09218855909010752}, "value": 0.4695076048374176}}
{"step": {"step": 21, "player_id": 1, "played": ["♦8"], "field_after": [], "reset_reason": "eight_cut", "policy": {"♣8": 0.20501930548556468, "♦8": 0.19046269255775816, "♠10": 0.20586903280266075, "♥Q": 0.2045828973588653, "pass": 0.19406607179515106}, "value": 0.4711056053638458}}
{"step": {"step": 22, "player_id": 1, "played": ["♥4", "♣4"], "field_after": ["♥4", "♣4"], "reset_reason": null, "policy": {"♣3": 0.10844899220156136, "♦3": 0.09748392152202305, "♣4": 0.09927213985192918, "♥4": 0.10306512165843104, "♠5": 0.09779386525139534, "♣8": 0.11909362108762497, "♠10": 0.08039348733966215, "♣3|♦3": 0.09735450701147981, "♥4|♣4": 0.10958952514335278, "♥Q": 0.08750481893254035}, "value": 0.4782419800758362}}
{"step": {"step": 23, "player_id": 2, "played": ["♥5", "♦5"], "field_after": ["♥5", "♦5"], "reset_reason": null, "policy": {"♥5|♣5": 0.1615031865796934, "♦5|♣5": 0.16517052172355978, "♥5|♦5": 0.16611551487756002, "♣6|♥6": 0.1602729295021278, "♥10|♣10": 0.14562118499072005, "pass": 0.2013166623263391}, "value": 0.5482571125030518}}
{"step": {"step": 24, "player_id": 3, "played": ["♥9", "♣9"], "field_after": ["♥9", "♣9"], "reset_reason": null, "policy": {"♥9|♣9": 0.49020750138961294, "pass": 0.509792498610387}, "value": 0.47038504481315613}}
{"step": {"step": 25, "player_id": 0, "played": null, "field_after": ["♥9", "♣9"], "reset_reason": null, "policy": {"pass": 1.0}, "value": 0.45669791102409363}}
{"step": {"step": 26, "player_id": 1, "played": null, "field_after": ["♥9", "♣9"], "reset_reason": null, "policy": {"pass": 1.0}, "value": 0.48938894271850586}}
{"step": {"step": 27, "player_id": 2, "played": ["♥10", "♣10"], "field_after": ["♥10", "♣10"], "reset_reason": null, "policy": {"♥10|♣10": 0.5119448522701721, "pass": 0.488055147729828}, "value": 0.5463781952857971}}
{"step": {"step": 28, "player_id": 3, "played": null, "field_after": ["♥10", "♣10"], "reset_reason": null, "policy": {"pass": 1.0}, "value": 0.46831730008125305}}
{"step": {"step": 29, "player_id": 0, "played": null, "field_after": ["♥10", "♣10"], "reset_reason": null, "policy": {"pass": 1.0}, "value": 0.46895211935043335}}
{"step": {"step": 30, "player_id": 1, "played": null, "field_after": [], "reset_reason": "all_pass", "policy": {"pass": 1.0}, "value": 0.4970250427722931}}
{"step": {"step": 31, "player_id": 2, "played": ["♣6"], "field_after": ["♣6"], "reset_reason": null, "policy": {"♠3": 0.11653851260697853, "♥3": 0.10574971065432862, "♣5": 0.1083770821107182, "♣6": 0.10691829794941583, "♥6": 0.102956853323338, "♥7": 0.1321441745455507, "♠8": 0.09459995032819736, "♥3|♠3": 0.10665362302627857, "♣6|♥6": 0.12606179545519414}, "value": 0.5597520470619202}}
{"step": {"step": 32, "player_id": 3, "played": ["♦K"], "field_after": ["♦K"], "reset_reason": null, "policy": {"♣7": 0.14911715770232592, "♥8": 0.14899206610116883, "♦10": 0.13433999656004128, "♠Q": 0.14365748071386467, "♣J": 0.1348943376323659, "♦K": 0.1740015561588979, "pass": 0.11499740513133543}, "value": 0.44992193579673767}}
{"step": {"step": 33, "player_id": 0, "played": ["♦2"], "field_after": ["♦2"], "reset_reason": null, "policy": {"♦2": 0.49881755967334684, "pass": 0.5011824403266532}, "value": 0.43568605184555054}}
{"step": {"step": 34, "player_id": 1, "played": null, "field_after": ["♦2"], "reset_reason": null, "policy": {"pass": 1.0}, "value": 0.45816224813461304}}
{"step": {"step": 35, "player_id": 2, "played": null, "field_after": ["♦2"], "reset_reason": null, "policy": {"pass": 1.0}, "value": 0.5608779788017273}}
{"step": {"step": 36, "player_id": 3, "played": null, "field_after": [], "reset_reason": "all_pass", "policy": {"pass": 1.0}, "value": 0.475981742143631}}
{"step": {"step": 37, "player_id": 0, "played": ["♠K"], "field_after": ["♠K"], "reset_reason": null, "policy": {"♠4": 0.16581733600182633, "♠6": 0.1397106231884236, "♠7": 0.13259606694922577, "♦7": 0.13524876707879901, "♦7|♠7": 0.13318814388644334, "♠K": 0.17380934568434547, "♥J": 0.1196297172109366}, "value": 0.46706193685531616}}
{"step": {"step": 38, "player_id": 1, "played": null, "field_after": ["♠K"], "reset_reason": null, "policy": {"pass": 1.0}, "value": 0.47216150164604187}}
{"step": {"step": 39, "player_id": 2, "played": null, "field_after": ["♠K"], "reset_reason": null, "policy": {"pass": 1.0}, "value": 0.5334757566452026}}
{"step": {"step": 40, "player_id": 3, "played": null, "field_after": [], "reset_reason": "all_pass", "policy": {"pass": 1.0}, "value": 0.45572367310523987}}
{"step": {"step": 41, "player_id": 0, "played": ["♠7"], "field_after": ["♠7"], "reset_reason": null, "policy": {"♠4": 0.18461070117062237, "♠6": 0.15560364250708053, "♠7": 0.15038155855075158, "♦7": 0.15479776342759935, "♦7|♠7": 0.15291293251340923, "♥J": 0.20169340183053683}, "value": 0.46588438749313354}}
{"step": {"step": 42, "player_id": 1, "played": ["♠10"], "field_after": ["♠10"], "reset_reason": null, "policy": {"♣8": 0.2678950223058841, "♠10": 0.23500726600960065, "♥Q": 0.26250631087974285, "pass": 0.23459140080477245}, "value": 0.4824890196323395}}
{"step": {"step": 43, "player_id": 2, "played": null, "field_after": ["♠10"], "reset_reason": null, "policy": {"pass": 1.0}, "value": 0.5364688038825989}}
{"step": {"step": 44, "player_id": 3, "played": ["♠Q"], "field_after": ["♠Q"], "reset_reason": null, "policy": {"♠Q": 0.3287103603117277, "♣J": 0.3594951209223568, "pass": 0.3117945187659154}, "value": 0.4665485918521881}}
{"step": {"step": 45, "player_id": 0, "played": null, "field_after": ["♠Q"], "reset_reason": null, "policy": {"pass": 1.0}, "value": 0.4522548317909241}}
{"step": {"step": 46, "player_id": 1, "played": null, "field_after": ["♠Q"], "reset_reason": null, "policy": {"pass": 1.0}, "value": 0.47299179434776306}}
{"step": {"step": 47, "player_id": 2, "played": null, "field_after": [], "reset_reason": "all_pass", "policy": {"pass": 1.0}, "value": 0.5436000823974609}}
{"step": {"step": 48, "player_id": 3, "played": ["♦10"], "field_after": ["♦10"], "reset_reason": null, "policy": {"♦4": 0.23049967844759195, "♣7": 0.1936936211760341, "♥8": 0.18098234384960227, "♦10": 0.20726620534439022, "♣J": 0.18755815118238156}, "value": 0.4742395877838135}}
{"step": {"step": 49, "player_id": 0, "played": ["♥J"], "field_after": ["♥J"], "reset_reason": null, "policy": {"♥J": 0.5054284082473485, "pass": 0.4945715917526515}, "value": 0.44229552149772644}}
{"step": {"step": 50, "player_id": 1, "played": ["♥Q"], "field_after": ["♥Q"], "reset_reason": null, "policy": {"♥Q": 0.534038007050236, "pass": 0.465961992949764}, "value": 0.4346897602081299}}
{"step": {"step": 51, "player_id": 2, "played": null, "field_after": ["♥Q"], "reset_reason": null, "policy": {"pass": 1.0}, "value": 0.5565624833106995}}
{"step": {"step": 52, "player_id": 3, "played": null, "field_after": ["♥Q"], "reset_reason": null, "policy": {"pass": 1.0}, "value": 0.46196943521499634}}
{"step": {"step": 53, "player_id": 0, "played": null, "field_after": [], "reset_reason": "all_pass", "policy": {"pass": 1.0}, "value": 0.4635557234287262}}
{"step": {"step": 54, "player_id": 1, "played": ["♣3"], "field_after": ["♣3"], "reset_reason": null, "policy": {"♣3": 0.21569498931853112, "♦3": 0.1949258211401386, "♠5": 0.20412003508263157, "♣8": 0.19389599825942, "♣3|♦3": 0.19136315619927866}, "value": 0.4830290973186493}}
{"step": {"step": 55, "player_id": 2, "played": ["♣5"], "field_after": ["♣5"], "reset_reason": null, "policy": {"♣5": 0.2044467114370253, "♥6": 0.19655500577695711, "♥7": 0.21307223022772456, "♠8": 0.19767809631004596, "pass": 0.18824795624824706}, "value": 0.5537522435188293}}
{"step": {"step": 56, "player_id": 3, "played": ["♣7"], "field_after": ["♣7"], "reset_reason": null, "policy": {"♣7": 0.2669780674224671, "♥8": 0.23780163728600093, "♣J": 0.24696932290858617, "pass": 0.24825097238294583}, "value": 0.46066245436668396}}
{"step": {"step": 57, "player_id": 0, "played": null, "field_after": ["♣7"], "reset_reason": null, "policy": {"pass": 1.0}, "value": 0.4533078074455261}}
{"step": {"step": 58, "player_id": 1, "played": ["♣8"], "field_after": [], "reset_reason": "eight_cut", "policy": {"♣8": 0.5132768433334449, "pass": 0.4867231566665551}, "value": 0.5086643695831299}}
{"step": {"step": 59, "player_id": 1, "played": ["♠5"], "field_after": ["♠5"], "reset_reason": null, "policy": {"♦3": 0.5352695513692398, "♠5": 0.46473044863076013}, "value": 0.48246049880981445}}
{"step": {"step": 60, "player_id": 2, "played": ["♠8"], "field_after": [], "reset_reason": "eight_cut", "policy": {"♥6": 0.23859889642737758, "♥7": 0.24539452647184512, "♠8": 0.2670882244569289, "pass": 0.2489183526438484}, "value": 0.5458769798278809}}
{"step": {"step": 61, "player_id": 2, "played": ["♠3"], "field_after": ["♠3"], "reset_reason": null, "policy": {"♠3": 0.21874488501404601, "♥3": 0.1962424484073365, "♥6": 0.20755675211237215, "♥7": 0.1934783911297778, "♥3|♠3": 0.18397752333646744}, "value": 0.5448523759841919}}
{"step": {"step": 62, "player_id": 3, "played": ["♦4"], "field_after": ["♦4"], "reset_reason": null, "policy": {"♦4": 0.27239594753811613, "♥8": 0.24262405121483058, "♣J": 0.23006068296061302, "pass": 0.25491931828644027}, "value": 0.4693015217781067}}
{"step": {"step": 63, "player_id": 0, "played": ["♠6"], "field_after": ["♠6"], "reset_reason": null, "policy": {"♠6": 0.3589638340682624, "♦7": 0.3178252105020401, "pass": 0.3232109554296975}, "value": 0.44364333152770996}}
{"step": {"step": 64, "player_id": 1, "played": null, "field_after": ["♠6"], "reset_reason": null, "policy": {"pass": 1.0}, "value": 0.48408639430999756}}
{"step": {"step": 65, "player_id": 2, "played": ["♥7"], "field_after": ["♥7"], "reset_reason": null, "policy": {"♥7": 0.5144072729015098, "pass": 0.48559272709849016}, "value": 0.5475853681564331}}
{"step": {"step": 66, "player_id": 3, "played": ["♥8"], "field_after": [], "reset_reason": "eight_cut", "policy": {"♥8": 0.34995833845622937, "♣J": 0.31078247205016213, "pass": 0.3392591894936084}, "value": 0.46524864435195923}}
{"step": {"step": 67, "player_id": 3, "played": ["♣J"], "field_after": ["♣J"], "reset_reason": null, "policy": {"♣J": 1.0}, "value": 0.4654613733291626}}
{"step": {"step": 68, "player_id": 0, "played": null, "field_after": ["♣J"], "reset_reason": null, "policy": {"pass": 1.0}, "value": 0.44536563754081726}}
{"step": {"step": 69, "player_id": 1, "played": null, "field_after": ["♣J"], "reset_reason": null, "policy": {"pass": 1.0}, "value": 0.4674017131328583}}
{"step": {"step": 70, "player_id": 2, "played": null, "field_after": [], "reset_reason": "all_pass", "policy": {"pass": 1.0}, "value": 0.5402518510818481}}
{"step": {"step": 71, "player_id": 3, "played": null, "field_after": [], "reset_reason": null, "policy": {}, "value": 1.0}}
{"step": {"step": 72, "player_id": 0, "played": ["♠4"], "field_after": ["♠4"], "reset_reason": null, "policy": {"♠4": 0.546196191229026, "♦7": 0.453803808770974}, "value": 0.4652518332004547}}
{"step": {"step": 73, "player_id": 1, "played": null, "field_after": ["♠4"], "reset_reason": null, "policy": {"pass": 1.0}, "value": 0.49334585666656494}}
{"step": {"step": 74, "player_id": 2, "played": ["♥6"], "field_after": ["♥6"], "reset_reason": null, "policy": {"♥6": 0.4919099930181854, "pass": 0.5080900069818145}, "value": 0.5508306622505188}}
{"step": {"step": 75, "player_id": 0, "played": ["♦7"], "field_after": ["♦7"], "reset_reason": null, "policy": {"♦7": 0.5229765542073966, "pass": 0.47702344579260336}, "value": 0.4568943679332733}}
{"step": {"step": 76, "player_id": 1, "played": null, "field_after": ["♦7"], "reset_reason": null, "policy": {"pass": 1.0}, "value": 0.4958640933036804}}
{"step": {"step": 77, "player_id": 2, "played": null, "field_after": [], "reset_reason": "all_pass", "policy": {"pass": 1.0}, "value": 0.5493677854537964}}
{"step": {"step": 78, "player_id": 0, "played": null, "field_after": [], "reset_reason": null, "policy": {}, "value": 1.0}}
{"step": {"step": 79, "player_id": 1, "played": ["♦3"], "field_after": ["♦3"], "reset_reason": null, "policy": {"♦3": 1.0}, "value": 0.4880536198616028}}
{"episode_end": {"episode": 15, "ended": true}}
{"episode_summary": {"episode": 16, "seed": 12361, "ended": true, "steps_count": 77, "winner": 0}}
{"initial_hands": [["♥8", "♠5", "♣8", "♣5", "♦10", "♣J", "♦5", "♦9", "♦7", "♣K", "♠K", "♦A", "♠2", "JOKER(♦2)"], ["♦3", "♥J", "♥6", "♦Q", "♥9", "♠6", "♦J", "♠A", "♠Q", "♣7", "♣Q", "♠3", "♥4"], ["♥Q", "♠7", "♦K", "♣3", "♠8", "♣6", "♠9", "♥5", "♣9", "♦8", "♠10", "♥3", "♣4"], ["♦6", "♦2", "♣10", "♠J", "♥7", "♥K", "♣2", "♣A", "♦4", "♥10", "♠4", "♥2", "♥A"]]}
{"step": {"step": 1, "player_id": 1, "played": ["♠3"], "field_after": ["♠3"], "reset_reason": null, "policy": {"♠3": 0.05768058307539782, "♦3": 0.049205884403417555, "♥4": 0.04858148769154627, "♠6": 0.052570350143088834, "♥6": 0.047464734193876285, "♣7": 0.061812343168306624, "♥9": 0.044661302925828976, "♦3|♠3": 0.05159632995343796, "♥6|♠6": 0.05900105889219582, "♠Q|♣Q": 0.04620727195105242, "♦Q|♠Q": 0.0418109884814142, "♦Q|♣Q": 0.050148029165588984, "♥J|♦J": 0.04276282114430212, "♦Q|♠Q|♣Q": 0.060068852259471534, "♠A": 0.050665701784554734, "♠Q": 0.04450420716929072, "♣Q": 0.06211344060806122, "♥J": 0.0456423689003165, "♦J": 0.04268194583731065, "♦Q": 0.040820298251540654}, "value": 0.4771595597267151}}
{"step": {"step": 2, "player_id": 2, "played": ["♠10"], "field_after": ["♠10"], "reset_reason": null, "policy": {"♣4": 0.08822281133904518, "♥5": 0.08291460429924569, "♣6": 0.08567546890118738, "♠7": 0.08471557548416989, "♠8": 0.0857522716630842, "♦8": 0.09590782160770837, "♠9": 0.0703287301932107, "♣9": 0.08431216649264602, "♠10": 0.09017211073989777, "♥Q": 0.07191332861532333, "♦K": 0.08086844475491539, "pass": 0.07921666590956615}, "value": 0.5395612716674805}}
{"step": {"step": 3, "player_id": 3, "played": ["♣2"], "field_after": ["♣2"], "reset_reason": null, "policy": {"♣2": 0.12429180146629513, "♥2": 0.1149931447554518, "♦2": 0.12218299461024094, "♠J": 0.13137938104002642, "♣A": 0.11760872641964769, "♥A": 0.1403989301214861, "♥K": 0.10963810271657423, "pass": 0.1395069188702776}, "value": 0.47711580991744995}}
{"step": {"step": 4, "player_id": 0, "played": null, "field_after": ["♣2"], "reset_reason": null, "policy": {"pass": 1.0}, "value": 0.45358097553253174}}
{"step": {"step": 5, "player_id": 1, "played": null, "field_after": ["♣2"], "reset_reason": null, "policy": {"pass": 1.0}, "value": 0.47850850224494934}}
{"step": {"step": 6, "player_id": 2, "played": null, "field_after": [], "reset_reason": "all_pass", "policy": {"pass": 1.0}, "value": 0.536830484867096}}
{"step": {"step": 7, "player_id": 3, "played": ["♣A", "♥A"], "field_after": ["♣A", "♥A"], "reset_reason": null, "policy": {"♠4": 0.07437331908059566, "♦4": 0.060329757817096014, "♦6": 0.060538848437720255, "♥7": 0.06615593800467648, "♣10": 0.059648429776861064, "♥10": 0.08085655101761537, "♥2": 0.05485714364293195, "♦2": 0.06651256366664741, "♦4|♠4": 0.0696212096061574, "♣10|♥10": 0.05673886907559877, "♦2|♥2": 0.05025266057646799, "♣A|♥A": 0.061939788903671106, "♠J": 0.052864308254529424, "♣A": 0.07219400677265378, "♥A": 0.057992523412821205, "♥K": 0.05512408195395621}, "value": 0.49849143624305725}}
{"step": {"step": 8, "player_id": 0, "played": ["♠2", "JOKER(♠2)"], "field_after": ["♠2", "JOKER(♠2)"], "reset_reason": null, "policy": {"♠2|JOKER(♠2)": 0.5396949677625102, "pass": 0.4603050322374897}, "value": 0.45951128005981445}}
{"step": {"step": 9, "player_id": 1, "played": null, "field_after": ["♠2", "JOKER(♠2)"], "reset_reason": null, "policy": {"pass": 1.0}, "value": 0.45125895738601685}}
{"step": {"step": 10, "player_id": 2, "played": null, "field_after": ["♠2", "JOKER(♠2)"], "reset_reason": null, "policy": {"pass": 1.0}, "value": 0.5462632179260254}}
{"step": {"step": 11, "player_id": 3, "played": null, "field_after": [], "reset_reason": "all_pass", "policy": {"pass": 1.0}, "value": 0.4940818250179291}}
{"step": {"step": 12, "player_id": 0, "played": ["♣5", "♦5"], "field_after": ["♣5", "♦5"], "reset_reason": null, "policy": {"♠5": 0.06447817978878007, "♣5": 0.05456011816052555, "♦5": 0.05518198767847705, "♦7": 0.056076346859361574, "♣8": 0.054619481652276744, "♥8": 0.06917740638192518, "♦9": 0.04763053983589503, "♦10": 0.05443193097134279, "♠5|♣5": 0.059877005972397944, "♠5|♦5": 0.048789783058024665, "♣5|♦5": 0.046042400037776196, "♥8|♣8": 0.059697622864065526, "♣K|♠K": 0.049159249603427546, "♠5|♣5|♦5": 0.06296677743731435, "♠K": 0.05439043870214741, "♣J": 0.044910415593677505, "♣K": 0.06760607755519535, "♦A": 0.05040423784738962}, "value": 0.4631549119949341}}
{"step": {"step": 13, "player_id": 1, "played": ["♦Q", "♣Q"], "field_after": ["♦Q", "♣Q"], "reset_reason": null, "policy": {"♥6|♠6": 0.171165363354048, "♠Q|♣Q": 0.15049956711414814, "♦Q|♠Q": 0.1565914713882656, "♦Q|♣Q": 0.17247835576386011, "♥J|♦J": 0.16170980183473252, "pass": 0.18755544054494558}, "value": 0.4984009861946106}}
{"step": {"step": 14, "player_id": 2, "played": null, "field_after": ["♦Q", "♣Q"], "reset_reason": null, "policy": {"pass": 1.0}, "value": 0.5381835103034973}}
{"step": {"step": 15, "player_id": 3, "played": ["♦2", "♥2"], "field_after": ["♦2", "♥2"], "reset_reason": null, "policy": {"♦2|♥2": 0.5171730622015381, "pass": 0.48282693779846186}, "value": 0.4885171949863434}}
{"step": {"step": 16, "player_id": 0, "played": null, "field_after": ["♦2", "♥2"], "reset_reason": null, "policy": {"pass": 1.0}, "value": 0.4512311816215515}}
{"step": {"step": 17, "player_id": 1, "played": null, "field_after": ["♦2", "♥2"], "reset_reason": null, "policy": {"pass": 1.0}, "value": 0.47021186351776123}}
{"step": {"step": 18, "player_id": 2, "played": null, "field_after": [], "reset_reason": "all_pass", "policy": {"pass": 1.0}, "value": 0.5412970185279846}}
{"step": {"step": 19, "player_id": 3, "played": ["♥7"], "field_after": ["♥7"], "reset_reason": null, "policy": {"♠4": 0.11373953471971011, "♦4": 0.09438523719839836, "♦6": 0.09156351041693882, "♥7": 0.09692709120313785, "♣10": 0.09211632365472983, "♥10": 0.12930123363819826, "♦4|♠4": 0.08341506374928442, "♣10|♥10": 0.09837428081837124, "♠J": 0.11245181854975408, "♥K": 0.08772590605147715}, "value": 0.4854923188686371}}
{"step": {"step": 20, "player_id": 0, "played": ["♠K"], "field_after": ["♠K"], "reset_reason": null, "policy": {"♣8": 0.11932565669024617, "♥8": 0.11288238140548386, "♦9": 0.11115973525553748, "♦10": 0.1085167754928221, "♠K": 0.10340941305505238, "♣J": 0.1350622018004422, "♣K": 0.08954504597503152, "♦A": 0.10551038451494131, "pass": 0.11458840581044288}, "value": 0.46686065196990967}}
{"step": {"step": 21, "player_id": 1, "played": ["♠A"], "field_after": ["♠A"], "reset_reason": null, "policy": {"♠A": 0.5378845113058686, "pass": 0.4621154886941315}, "value": 0.4663435220718384}}
{"step": {"step": 22, "player_id": 2, "played": null, "field_after": ["♠A"], "reset_reason": null, "policy": {"pass": 1.0}, "value": 0.5448882579803467}}
{"step": {"step": 23, "player_id": 3, "played": null, "field_after": ["♠A"], "reset_reason": null, "policy": {"pass": 1.0}, "value": 0.47301560640335083}}
{"step": {"step": 24, "player_id": 0, "played": null, "field_after": [], "reset_reason": "all_pass", "policy": {"pass": 1.0}, "value": 0.4645051956176758}}
{"step": {"step": 25, "player_id": 1, "played": ["♥6"], "field_after": ["♥6"], "reset_reason": null, "policy": {"♦3": 0.10431853108016023, "♥4": 0.08880657557985658, "♠6": 0.08902970874108655, "♥6": 0.09154004791123047, "♣7": 0.08520174611744807, "♥9": 0.11581447518725604, "♥6|♠6": 0.07707036106676268, "♥J|♦J": 0.09002649939611845, "♠Q": 0.1048060314560559, "♥J": 0.08237396366532511, "♦J": 0.0710120597986998}, "value": 0.47211557626724243}}
{"step": {"step": 26, "player_id": 2, "played": ["♠9"], "field_after": ["♠9"], "reset_reason": null, "policy": {"♠7": 0.12977340438796076, "♠8": 0.117893169679223, "♦8": 0.12693073897344512, "♠9": 0.12693685784975006, "♣9": 0.12936101839395464, "♥Q": 0.13687051208909765, "♦K": 0.1034314215726564, "pass": 0.12880287705391225}, "value": 0.5396484732627869}}
{"step": {"step": 27, "player_id": 3, "played": ["♣10"], "field_after": ["♣10"], "reset_reason": null, "policy": {"♣10": 0.2103260393217946, "♥10": 0.18583829121474194, "♠J": 0.20451301215686052, "♥K": 0.19432970339242236, "pass": 0.2049929539141806}, "value": 0.47806018590927124}}
{"step": {"step": 28, "player_id": 0, "played": ["♣J"], "field_after": ["♣J"], "reset_reason": null, "policy": {"♣J": 0.2686732842215133, "♣K": 0.24275172187226, "♦A": 0.24508022797925388, "pass": 0.2434947659269727}, "value": 0.4597623646259308}}
{"step": {"step": 29, "player_id": 1, "played": ["♠Q"], "field_after": ["♠Q"], "reset_reason": null, "policy": {"♠Q": 0.5560565127895746, "pass": 0.4439434872104254}, "value": 0.4397892951965332}}
{"step": {"step": 30, "player_id": 2, "played": ["♦K"], "field_after": ["♦K"], "reset_reason": null, "policy": {"♦K": 0.5315279975368562, "pass": 0.4684720024631438}, "value": 0.5429472923278809}}
{"step": {"step": 31, "player_id": 3, "played": null, "field_after": ["♦K"], "reset_reason": null, "policy": {"pass": 1.0}, "value": 0.4798985719680786}}
{"step": {"step": 32, "player_id": 0, "played": ["♦A"], "field_after": ["♦A"], "reset_reason": null, "policy": {"♦A": 0.512910464742985, "pass": 0.4870895352570151}, "value": 0.45804065465927124}}
{"step": {"step": 33, "player_id": 1, "played": null, "field_after": ["♦A"], "reset_reason": null, "policy": {"pass": 1.0}, "value": 0.4567491412162781}}
{"step": {"step": 34, "player_id": 2, "played": null, "field_after": ["♦A"], "reset_reason": null, "policy": {"pass": 1.0}, "value": 0.5399433970451355}}
{"step": {"step": 35, "player_id": 3, "played": null, "field_after": [], "reset_reason": "all_pass", "policy": {"pass": 1.0}, "value": 0.4712892174720764}}
{"step": {"step": 36, "player_id": 0, "played": ["♦9"], "field_after": ["♦9"], "reset_reason": null, "policy": {"♠5": 0.14105255069667005, "♦7": 0.12021396246440672, "♣8": 0.11551005745508904, "♥8": 0.1238131863338816, "♦9": 0.11913349410556952, "♦10": 0.15357471658900143, "♥8|♣8": 0.10906226993278222, "♣K": 0.1176397624225995}, "value": 0.47183239459991455}}
{"step": {"step": 37, "player_id": 1, "played": ["♦J"], "field_after": ["♦J"], "reset_reason": null, "policy": {"♥J": 0.3754413412217094, "♦J": 0.3006959513633933, "pass": 0.3238627074148973}, "value": 0.4661298990249634}}
{"step": {"step": 38, "player_id": 2, "played": ["♥Q"], "field_after": ["♥Q"], "reset_reason": null, "policy": {"♥Q": 0.5351116808893162, "pass": 0.4648883191106838}, "value": 0.5561181306838989}}
{"step": {"step": 39, "player_id": 3, "played": ["♥K"], "field_after": ["♥K"], "reset_reason": null, "policy": {"♥K": 0.5325667719832401, "pass": 0.4674332280167599}, "value": 0.474890798330307}}
{"step": {"step": 40, "player_id": 0, "played": null, "field_after": ["♥K"], "reset_reason": null, "policy": {"pass": 1.0}, "value": 0.44275912642478943}}
{"step": {"step": 41, "player_id": 1, "played": null, "field_after": ["♥K"], "reset_reason": null, "policy": {"pass": 1.0}, "value": 0.4748123288154602}}
{"step": {"step": 42, "player_id": 2, "played": null, "field_after": [], "reset_reason": "all_pass", "policy": {"pass": 1.0}, "value": 0.5214621424674988}}
{"step": {"step": 43, "player_id": 3, "played": ["♥10"], "field_after": ["♥10"], "reset_reason": null, "policy": {"♠4": 0.18129274871301693, "♦4": 0.15211140806396553, "♦6": 0.15217097574305813, "♥10": 0.15778505964479714, "♦4|♠4": 0.15790000662939613, "♠J": 0.1987398012057661}, "value": 0.4859533905982971}}
{"step": {"step": 44, "player_id": 0, "played": ["♣K"], "field_after": ["♣K"], "reset_reason": null, "policy": {"♣K": 0.5300492543640227, "pass": 0.4699507456359772}, "value": 0.4478395879268646}}
{"step": {"step": 45, "player_id": 1, "played": null, "field_after": ["♣K"], "reset_reason": null, "policy": {"pass": 1.0}, "value": 0.46250119805336}}
{"step": {"step": 46, "player_id": 2, "played": null, "field_after": ["♣K"], "reset_reason": null, "policy": {"pass": 1.0}, "value": 0.5354187488555908}}
{"step": {"step": 47, "player_id": 3, "played": null, "field_after": [], "reset_reason": "all_pass", "policy": {"pass": 1.0}, "value": 0.47113311290740967}}
{"step": {"step": 48, "player_id": 0, "played": ["♥8", "♣8"], "field_after": [], "reset_reason": "eight_cut", "policy": {"♠5": 0.18003426748028348, "♦7": 0.14896096457047286, "♣8": 0.15278786918337595, "♥8": 0.16181650365221326, "♦10": 0.15599517989472741, "♥8|♣8": 0.20040521521892707}, "value": 0.4644176959991455}}
{"step": {"step": 49, "player_id": 0, "played": ["♠5"], "field_after": ["♠5"], "reset_reason": null, "policy": {"♠5": 0.3720817651075185, "♦7": 0.31187685467164766, "♦10": 0.31604138022083383}, "value": 0.46100595593452454}}
{"step": {"step": 50, "player_id": 1, "played": ["♠6"], "field_after": ["♠6"], "reset_reason": null, "policy": {"♠6": 0.2240140643133023, "♣7": 0.19234535570467412, "♥9": 0.2021612610743666, "♥J": 0.19125849140715373, "pass": 0.1902208275005032}, "value": 0.47995010018348694}}
{"step": {"step": 51, "player_id": 2, "played": ["♠7"], "field_after": ["♠7"], "reset_reason": null, "policy": {"♠7": 0.20868464596748268, "♠8": 0.1828799473423162, "♦8": 0.204013881183352, "♣9": 0.20222182863922872, "pass": 0.2021996968676204}, "value": 0.5463505387306213}}
{"step": {"step": 52, "player_id": 3, "played": ["♠J"], "field_after": ["♠J"], "reset_reason": null, "policy": {"♠J": 0.5177135578177469, "pass": 0.4822864421822532}, "value": 0.4737357795238495}}
{"step": {"step": 53, "player_id": 0, "played": null, "field_after": ["♠J"], "reset_reason": null, "policy": {"pass": 1.0}, "value": 0.4453877806663513}}
{"step": {"step": 54, "player_id": 1, "played": null, "field_after": ["♠J"], "reset_reason": null, "policy": {"pass": 1.0}, "value": 0.4685598909854889}}
{"step": {"step": 55, "player_id": 2, "played": null, "field_after": [], "reset_reason": "all_pass", "policy": {"pass": 1.0}, "value": 0.5479971766471863}}
{"step": {"step": 56, "player_id": 3, "played": ["♠4"], "field_after": ["♠4"], "reset_reason": null, "policy": {"♠4": 0.28617573334738733, "♦4": 0.23177017960888696, "♦6": 0.2360699024011843, "♦4|♠4": 0.24598418464254146}, "value": 0.48586034774780273}}
{"step": {"step": 57, "player_id": 0, "played": ["♦10"], "field_after": ["♦10"], "reset_reason": null, "policy": {"♦7": 0.3304642540127477, "♦10": 0.33552133541826895, "pass": 0.33401441056898334}, "value": 0.44225019216537476}}
{"step": {"step": 58, "player_id": 1, "played": ["♥J"], "field_after": ["♥J"], "reset_reason": null, "policy": {"♥J": 0.5318424007082819, "pass": 0.468157599291718}, "value": 0.48904046416282654}}
{"step": {"step": 59, "player_id": 2, "played": null, "field_after": ["♥J"], "reset_reason": null, "policy": {"pass": 1.0}, "value": 0.5527899265289307}}
{"step": {"step": 60, "player_id": 3, "played": null, "field_after": ["♥J"], "reset_reason": null, "policy": {"pass": 1.0}, "value": 0.46763527393341064}}
{"step": {"step": 61, "player_id": 0, "played": null, "field_after": [], "reset_reason": "all_pass", "policy": {"pass": 1.0}, "value": 0.466023325920105}}
{"step": {"step": 62, "player_id": 1, "played": ["♦3"], "field_after": ["♦3"], "reset_reason": null, "policy": {"♦3": 0.27545401575424877, "♥4": 0.23816663314122727, "♣7": 0.2473061843171803, "♥9": 0.23907316678734367}, "value": 0.48159563541412354}}
{"step": {"step": 63, "player_id": 2, "played": ["♠8"], "field_after": [], "reset_reason": "eight_cut", "policy": {"♣4": 0.1582781725814947, "♥5": 0.13067670972931908, "♣6": 0.14046239019842968, "♠8": 0.1368059178059444, "♦8": 0.13961029866820973, "♣9": 0.17186210904800536, "pass": 0.12230440196859693}, "value": 0.5474843978881836}}
{"step": {"step": 64, "player_id": 2, "played": ["♣4"], "field_after": ["♣4"], "reset_reason": null, "policy": {"♣3": 0.13738509501630264, "♥3": 0.11415278019700256, "♣4": 0.12302716693540332, "♥5": 0.1201915991980672, "♣6": 0.12448654763866131, "♦8": 0.1502825545422156, "♣9": 0.10926713094654752, "♣3|♥3": 0.12120712552579994}, "value": 0.5426015257835388}}
{"step": {"step": 65, "player_id": 3, "played": ["♦6"], "field_after": ["♦6"], "reset_reason": null, "policy": {"♦6": 0.5158543793041955, "pass": 0.4841456206958045}, "value": 0.47467049956321716}}
{"step": {"step": 66, "player_id": 0, "played": ["♦7"], "field_after": ["♦7"], "reset_reason": null, "policy": {"♦7": 0.5187682567284312, "pass": 0.48123174327156887}, "value": 0.4528314173221588}}
{"step": {"step": 67, "player_id": 1, "played": ["♥9"], "field_after": ["♥9"], "reset_reason": null, "policy": {"♥9": 0.5134045167966218, "pass": 0.48659548320337814}, "value": 0.49129167199134827}}
{"step": {"step": 68, "player_id": 2, "played": null, "field_after": ["♥9"], "reset_reason": null, "policy": {"pass": 1.0}, "value": 0.5408150553703308}}
{"step": {"step": 69, "player_id": 3, "played": null, "field_after": [], "reset_reason": "all_pass", "policy": {"pass": 1.0}, "value": 0.47635456919670105}}
{"step": {"step": 70, "player_id": 1, "played": ["♥4"], "field_after": ["♥4"], "reset_reason": null, "policy": {"♥4": 0.5347729032532053, "♣7": 0.46522709674679463}, "value": 0.4855204224586487}}
{"step": {"step": 71, "player_id": 2, "played": ["♣6"], "field_after": ["♣6"], "reset_reason": null, "policy": {"♥5": 0.2044202007368671, "♣6": 0.19693078816646212, "♦8": 0.20445741069150888, "♣9": 0.19986457493165383, "pass": 0.19432702547350802}, "value": 0.5386959314346313}}
{"step": {"step": 72, "player_id": 3, "played": null, "field_after": ["♣6"], "reset_reason": null, "policy": {"pass": 1.0}, "value": 0.4614846706390381}}
{"step": {"step": 73, "player_id": 1, "played": ["♣7"], "field_after": ["♣7"], "reset_reason": null, "policy": {"♣7": 0.5274988038224196, "pass": 0.4725011961775803}, "value": 0.4882642328739166}}
{"step": {"step": 74, "player_id": 2, "played": ["♣9"], "field_after": ["♣9"], "reset_reason": null, "policy": {"♦8": 0.33681327017386364, "♣9": 0.31187286901980493, "pass": 0.35131386080633137}, "value": 0.5370686054229736}}
{"step": {"step": 75, "player_id": 3, "played": null, "field_after": [], "reset_reason": "all_pass", "policy": {"pass": 1.0}, "value": 0.4709000587463379}}
{"step": {"step": 76, "player_id": 2, "played": ["♣3"], "field_after": ["♣3"], "reset_reason": null, "policy": {"♣3": 0.2218038560398758, "♥3": 0.18630625304621656, "♥5": 0.19896605376513338, "♦8": 0.19621993285651693, "♣3|♥3": 0.19670390429225734}, "value": 0.5495250225067139}}
{"step": {"step": 77, "player_id": 3, "played": ["♦4"], "field_after": ["♦4"], "reset_reason": null, "policy": {"♦4": 0.5401428419544124, "pass": 0.4598571580455875}, "value": 0.4690183997154236}}
{"episode_end": {"episode": 16, "ended": true}}
{"episode_summary": {"episode": 17, "seed": 12362, "ended": true, "steps_count": 84, "winner": 0}}
{"initial_hands": [["JOKER(♠2)", "♥10", "♣5", "♠A", "♦2", "♣K", "♦Q", "♥Q", "♠Q", "♠8", "♥9", "♣6", "♦A", "♥K"], ["♣7", "♣A", "♦8", "♥4", "♠7", "♣J", "♠K", "♠2", "♥8", "♠J", "♣10", "♠10", "♣2"], ["♣3", "♠6", "♦5", "♠3", "♣8", "♥6", "♦6", "♥J", "♠5", "♦K", "♥5", "♦4", "♠4"], ["♠9", "♣9", "♥A", "♦9", "♦10", "♣Q", "♣4", "♦J", "♦3", "♥7", "♦7", "♥2", "♥3"]]}
{"step": {"step": 1, "player_id": 3, "played": ["♦7"], "field_after": ["♦7"], "reset_reason": null, "policy": {"♥3": 0.05767114110744425, "♦3": 0.04955224440320371, "♣4": 0.05145577110963934, "♥7": 0.04921579220610655, "♦7": 0.04876301809764315, "♠9": 0.06405317677531742, "♣9": 0.04481485463327593, "♦9": 0.04950047106196247, "♦10": 0.05553547334696802, "♥2": 0.045186107079366676, "♦3|♥3": 0.043825795369614416, "♥7|♦7": 0.05078492204730812, "♠9|♣9": 0.04460760053219725, "♠9|♦9": 0.05644634633490772, "♣9|♦9": 0.04893962759883755, "♠9|♣9|♦9": 0.04552537909228246, "♦9|♦10|♦J": 0.060175609995739704, "♣Q": 0.04605472361191612, "♥A": 0.0454706317530698, "♦J": 0.0424213138431992}, "value": 0.475506067276001}}
{"step": {"step": 2, "player_id": 0, "played": ["♥10"], "field_after": ["♥10"], "reset_reason": null, "policy": {"♠8": 0.09007257386617769, "♥9": 0.08942228266488908, "♥10": 0.08815858739150095, "♦2": 0.08715319470883265, "♠A": 0.08322417935063145, "♠Q": 0.09856831396720458, "♣K": 0.06695460639216616, "♥K": 0.08486076981861056, "♥Q": 0.09008788749612158, "♦A": 0.07244722908430709, "♦Q": 0.0662236608431935, "pass": 0.08282671441636454}, "value": 0.4716973900794983}}
{"step": {"step": 3, "player_id": 1, "played": ["♠J"], "field_after": ["♠J"], "reset_reason": null, "policy": {"♠2": 0.1609220005209379, "♣2": 0.14043351862944115, "♠J": 0.13735725559142956, "♠K": 0.14052258638024237, "♣A": 0.12868701604138824, "♣J": 0.17175197974829357, "pass": 0.12032564308826735}, "value": 0.4876641631126404}}
{"step": {"step": 4, "player_id": 2, "played": ["♦K"], "field_after": ["♦K"], "reset_reason": null, "policy": {"♦K": 0.527693502605394, "pass": 0.47230649739460595}, "value": 0.5503613948822021}}
{"step": {"step": 5, "player_id": 3, "played": ["♥2"], "field_after": ["♥2"], "reset_reason": null, "policy": {"♥2": 0.3422832896867323, "♥A": 0.31783338485978785, "pass": 0.33988332545347977}, "value": 0.47239717841148376}}
{"step": {"step": 6, "player_id": 0, "played": null, "field_after": ["♥2"], "reset_reason": null, "policy": {"pass": 1.0}, "value": 0.4517884850502014}}
{"step": {"step": 7, "player_id": 1, "played": null, "field_after": ["♥2"], "reset_reason": null, "policy": {"pass": 1.0}, "value": 0.49853581190109253}}
{"step": {"step": 8, "player_id": 2, "played": null, "field_after": [], "reset_reason": "all_pass", "policy": {"pass": 1.0}, "value": 0.550981879234314}}
{"step": {"step": 9, "player_id": 3, "played": ["♦9", "♦10", "♦J"], "field_after": ["♦9", "♦10", "♦J"], "reset_reason": null, "policy": {"♥3": 0.06705573101655841, "♦3": 0.06009075058642514, "♣4": 0.05980174856488819, "♥7": 0.05770976307361698, "♠9": 0.055084270823276875, "♣9": 0.0737816024453265, "♦9": 0.05069900088713151, "♦10": 0.05710195277125554, "♦3|♥3": 0.06505178898901681, "♠9|♣9": 0.05197926126537257, "♠9|♦9": 0.050212319962784885, "♣9|♦9": 0.05868770915105646, "♠9|♣9|♦9": 0.05059112609768888, "♦9|♦10|♦J": 0.06442756725664217, "♣Q": 0.055603563340897735, "♥A": 0.05162254978133394, "♦J": 0.07049929398672712}, "value": 0.4720868170261383}}
{"step": {"step": 10, "player_id": 0, "played": ["JOKER(♥A)", "♥Q", "♥K"], "field_after": ["JOKER(♥A)", "♥Q", "♥K"], "reset_reason": null, "policy": {"JOKER(♥A)|♥Q|♥K": 0.5385346575246546, "pass": 0.46146534247534543}, "value": 0.4494144916534424}}
{"step": {"step": 11, "player_id": 1, "played": null, "field_after": ["JOKER(♥A)", "♥Q", "♥K"], "reset_reason": null, "policy": {"pass": 1.0}, "value": 0.4842512011528015}}
{"step": {"step": 12, "player_id": 2, "played": null, "field_after": ["JOKER(♥A)", "♥Q", "♥K"], "reset_reason": null, "policy": {"pass": 1.0}, "value": 0.561702311038971}}
{"step": {"step": 13, "player_id": 3, "played": null, "field_after": [], "reset_reason": "all_pass", "policy": {"pass": 1.0}, "value": 0.4708799719810486}}
{"step": {"step": 14, "player_id": 0, "played": ["♣5"], "field_after": ["♣5"], "reset_reason": null, "policy": {"♣5": 0.09833525681102717, "♣6": 0.07920280582807196, "♠8": 0.08422150600969025, "♥9": 0.0851600256774181, "♦2": 0.076305699877709, "♠A|♦A": 0.10510454776231067, "♦Q|♠Q": 0.07372105001035328, "♠A": 0.08576653839653044, "♠Q": 0.09282528758121138, "♣K": 0.07266252779194554, "♦A": 0.06495968509429842, "♦Q": 0.08173506915943371}, "value": 0.4719241261482239}}
{"step": {"step": 15, "player_id": 1, "played": ["♣2"], "field_after": ["♣2"], "reset_reason": null, "policy": {"♠7": 0.09190709419163898, "♣7": 0.08152905456664623, "♥8": 0.08975517382600297, "♦8": 0.08198360614019737, "♠10": 0.08080681282756037, "♣10": 0.09838680236668432, "♠2": 0.07012672106643836, "♣2": 0.08292406429324772, "♠K": 0.08474435316886343, "♣A": 0.0755763526601369, "♣J": 0.07200039788789607, "pass": 0.09025956700468721}, "value": 0.4882746934890747}}
{"step": {"step": 16, "player_id": 2, "played": null, "field_after": ["♣2"], "reset_reason": null, "policy": {"pass": 1.0}, "value": 0.5554729700088501}}
{"step": {"step": 17, "player_id": 3, "played": null, "field_after": ["♣2"], "reset_reason": null, "policy": {"pass": 1.0}, "value": 0.47532930970191956}}
{"step": {"step": 18, "player_id": 0, "played": null, "field_after": [], "reset_reason": "all_pass", "policy": {"pass": 1.0}, "value": 0.4574972987174988}}
{"step": {"step": 19, "player_id": 1, "played": ["♠K"], "field_after": ["♠K"], "reset_reason": null, "policy": {"♥4": 0.08633746716778289, "♠7": 0.07165359750791482, "♣7": 0.07064735947631282, "♥8": 0.07254707974623674, "♦8": 0.06410757704449484, "♠10": 0.08621849900617111, "♣10": 0.06331912035795498, "♠2": 0.06668274480247739, "♣7|♠7": 0.08525877198001612, "♦8|♥8": 0.06088444865155788, "♣10|♠10": 0.06011442458052468, "♠K": 0.07249178720242791, "♣A": 0.0605785540904587, "♣J": 0.07915856838566887}, "value": 0.4811477065086365}}
{"step": {"step": 20, "player_id": 2, "played": null, "field_after": ["♠K"], "reset_reason": null, "policy": {"pass": 1.0}, "value": 0.5428457856178284}}
{"step": {"step": 21, "player_id": 3, "played": ["♥A"], "field_after": ["♥A"], "reset_reason": null, "policy": {"♥A": 0.5267755029860686, "pass": 0.4732244970139314}, "value": 0.47261109948158264}}
{"step": {"step": 22, "player_id": 0, "played": ["♦2"], "field_after": ["♦2"], "reset_reason": null, "policy": {"♦2": 0.5192337300149978, "pass": 0.48076626998500205}, "value": 0.44970792531967163}}
{"step": {"step": 23, "player_id": 1, "played": null, "field_after": ["♦2"], "reset_reason": null, "policy": {"pass": 1.0}, "value": 0.47846224904060364}}
{"step": {"step": 24, "player_id": 2, "played": null, "field_after": ["♦2"], "reset_reason": null, "policy": {"pass": 1.0}, "value": 0.5677643418312073}}
{"step": {"step": 25, "player_id": 3, "played": null, "field_after": [], "reset_reason": "all_pass", "policy": {"pass": 1.0}, "value": 0.48355546593666077}}
{"step": {"step": 26, "player_id": 0, "played": ["♣K"], "field_after": ["♣K"], "reset_reason": null, "policy": {"♣6": 0.11503144296555926, "♠8": 0.09395055493347473, "♥9": 0.100689951521852, "♠A|♦A": 0.10079909438444042, "♦Q|♠Q": 0.08939913316261654, "♠A": 0.11968492190466713, "♠Q": 0.08840579564217409, "♣K": 0.0996694651079253, "♦A": 0.10858116441969061, "♦Q": 0.08378847595760003}, "value": 0.46366754174232483}}
{"step": {"step": 27, "player_id": 1, "played": ["♣A"], "field_after": ["♣A"], "reset_reason": null, "policy": {"♠2": 0.34848201059259176, "♣A": 0.3326437353729822, "pass": 0.31887425403442604}, "value": 0.47812893986701965}}
{"step": {"step": 28, "player_id": 2, "played": null, "field_after": ["♣A"], "reset_reason": null, "policy": {"pass": 1.0}, "value": 0.5541796684265137}}
{"step": {"step": 29, "player_id": 3, "played": null, "field_after": ["♣A"], "reset_reason": null, "policy": {"pass": 1.0}, "value": 0.4701228141784668}}
{"step": {"step": 30, "player_id": 0, "played": null, "field_after": [], "reset_reason": "all_pass", "policy": {"pass": 1.0}, "value": 0.4501308500766754}}
{"step": {"step": 31, "player_id": 1, "played": ["♦8", "♥8"], "field_after": [], "reset_reason": "eight_cut", "policy": {"♥4": 0.09608247666156941, "♠7": 0.08249655735380905, "♣7": 0.07983260338436773, "♥8": 0.08499622393678187, "♦8": 0.07765639618330546, "♠10": 0.1024029614302528, "♣10": 0.07178341262293833, "♠2": 0.07929543885992973, "♣7|♠7": 0.0995709766635937, "♦8|♥8": 0.07333946047024764, "♣10|♠10": 0.06816843172111225, "♣J": 0.08437506071209191}, "value": 0.47951436042785645}}
{"step": {"step": 32, "player_id": 1, "played": ["♠7"], "field_after": ["♠7"], "reset_reason": null, "policy": {"♥4": 0.1254335446978595, "♠7": 0.10500651412740648, "♣7": 0.10527328112536449, "♠10": 0.10699156207966425, "♣10": 0.10007905329944371, "♠2": 0.13299167094803846, "♣7|♠7": 0.09126509480568112, "♣10|♠10": 0.1026856432165111, "♣J": 0.13027363570003106}, "value": 0.48822012543678284}}
{"step": {"step": 33, "player_id": 2, "played": ["♣8"], "field_after": [], "reset_reason": "eight_cut", "policy": {"♣8": 0.3464001302779772, "♥J": 0.3217827900337289, "pass": 0.3318170796882938}, "value": 0.5424806475639343}}
{"step": {"step": 34, "player_id": 2, "played": ["♦5"], "field_after": ["♦5"], "reset_reason": null, "policy": {"♠3": 0.04728070497518064, "♣3": 0.037767742917328366, "♠4": 0.03961950773259559, "♦4": 0.04133827779976224, "♠5": 0.04136594662585635, "♥5": 0.050684409646482305, "♦5": 0.037572670434550454, "♠6": 0.0422899879074072, "♥6": 0.04575142191990366, "♦6": 0.03953652197684067, "♣3|♠3": 0.0358547430386564, "♦4|♠4": 0.0446864311728094, "♠5|♥5": 0.036355869363098044, "♦5|♠5": 0.04792012851848915, "♦5|♥5": 0.03743694179524783, "♠6|♥6": 0.034633179013534986, "♠6|♦6": 0.045963804444945834, "♥6|♦6": 0.036154154139685375, "♦5|♠5|♥5": 0.03303325742394351, "♠6|♥6|♦6": 0.03321162467807682, "♠3|♠4|♠5": 0.044129077000766556, "♠4|♠5|♠6": 0.031172804354616373, "♦4|♦5|♦6": 0.030321294503460248, "♠3|♠4|♠5|♠6": 0.04661635547937287, "♥J": 0.03930314313738905}, "value": 0.5516857504844666}}
{"step": {"step": 35, "player_id": 3, "played": ["♠9"], "field_after": ["♠9"], "reset_reason": null, "policy": {"♥7": 0.22356632267437374, "♠9": 0.18993118721265292, "♣9": 0.21117689640846715, "♣Q": 0.18932063481025732, "pass": 0.1860049588942489}, "value": 0.4642362594604492}}
{"step": {"step": 36, "player_id": 0, "played": ["♠A"], "field_after": ["♠A"], "reset_reason": null, "policy": {"♠A": 0.21712383439187152, "♠Q": 0.18277652054050325, "♦A": 0.21624490100819696, "♦Q": 0.1931808914211482, "pass": 0.19067385263827996}, "value": 0.45197874307632446}}
{"step": {"step": 37, "player_id": 1, "played": ["♠2"], "field_after": ["♠2"], "reset_reason": null, "policy": {"♠2": 0.5249294992087136, "pass": 0.47507050079128643}, "value": 0.47771790623664856}}
{"step": {"step": 38, "player_id": 2, "played": null, "field_after": ["♠2"], "reset_reason": null, "policy": {"pass": 1.0}, "value": 0.5488201379776001}}
{"step": {"step": 39, "player_id": 3, "played": null, "field_after": ["♠2"], "reset_reason": null, "policy": {"pass": 1.0}, "value": 0.47295159101486206}}
{"step": {"step": 40, "player_id": 0, "played": null, "field_after": [], "reset_reason": "all_pass", "policy": {"pass": 1.0}, "value": 0.45109155774116516}}
{"step": {"step": 41, "player_id": 1, "played": ["♥4"], "field_after": ["♥4"], "reset_reason": null, "policy": {"♥4": 0.1829298712635307, "♣7": 0.15840215444617736, "♠10": 0.15666315985976026, "♣10": 0.15693357438084612, "♣10|♠10": 0.14479927611283316, "♣J": 0.2002719639368524}, "value": 0.4815412759780884}}
{"step": {"step": 42, "player_id": 2, "played": ["♥5"], "field_after": ["♥5"], "reset_reason": null, "policy": {"♠5": 0.14153215929104654, "♥5": 0.13421245878565288, "♠6": 0.14430561180153675, "♥6": 0.14610347099422769, "♦6": 0.1358179814159846, "♥J": 0.16764368275800684, "pass": 0.13038463495354463}, "value": 0.540515124797821}}
{"step": {"step": 43, "player_id": 3, "played": ["♥7"], "field_after": ["♥7"], "reset_reason": null, "policy": {"♥7": 0.26665992535647803, "♣9": 0.2326346279971428, "♣Q": 0.26775592488260663, "pass": 0.2329495217637726}, "value": 0.46202701330184937}}
{"step": {"step": 44, "player_id": 0, "played": ["♠Q"], "field_after": ["♠Q"], "reset_reason": null, "policy": {"♠8": 0.17574640360957905, "♥9": 0.1634464867775075, "♠Q": 0.1734365020314697, "♦A": 0.15986502506614156, "♦Q": 0.1428008251164307, "pass": 0.18470475739887152}, "value": 0.4591542184352875}}
{"step": {"step": 45, "player_id": 1, "played": null, "field_after": ["♠Q"], "reset_reason": null, "policy": {"pass": 1.0}, "value": 0.4925307333469391}}
{"step": {"step": 46, "player_id": 2, "played": null, "field_after": ["♠Q"], "reset_reason": null, "policy": {"pass": 1.0}, "value": 0.5545243620872498}}
{"step": {"step": 47, "player_id": 3, "played": null, "field_after": [], "reset_reason": "all_pass", "policy": {"pass": 1.0}, "value": 0.4761901795864105}}
{"step": {"step": 48, "player_id": 0, "played": ["♦A"], "field_after": ["♦A"], "reset_reason": null, "policy": {"♣6": 0.22932045242692875, "♠8": 0.18545555194777472, "♥9": 0.203117228215112, "♦A": 0.20054295581070286, "♦Q": 0.18156381159948168}, "value": 0.4570464789867401}}
{"step": {"step": 49, "player_id": 1, "played": null, "field_after": ["♦A"], "reset_reason": null, "policy": {"pass": 1.0}, "value": 0.4669431746006012}}
{"step": {"step": 50, "player_id": 2, "played": null, "field_after": ["♦A"], "reset_reason": null, "policy": {"pass": 1.0}, "value": 0.55588698387146}}
{"step": {"step": 51, "player_id": 3, "played": null, "field_after": [], "reset_reason": "all_pass", "policy": {"pass": 1.0}, "value": 0.47639065980911255}}
{"step": {"step": 52, "player_id": 0, "played": ["♦Q"], "field_after": ["♦Q"], "reset_reason": null, "policy": {"♣6": 0.28678576942225414, "♠8": 0.22475925995132803, "♥9": 0.2421443808650179, "♦Q": 0.2463105897613999}, "value": 0.4615746736526489}}
{"step": {"step": 53, "player_id": 1, "played": null, "field_after": ["♦Q"], "reset_reason": null, "policy": {"pass": 1.0}, "value": 0.4903314411640167}}
{"step": {"step": 54, "player_id": 2, "played": null, "field_after": ["♦Q"], "reset_reason": null, "policy": {"pass": 1.0}, "value": 0.5555775165557861}}
{"step": {"step": 55, "player_id": 3, "played": null, "field_after": [], "reset_reason": "all_pass", "policy": {"pass": 1.0}, "value": 0.47799625992774963}}
{"step": {"step": 56, "player_id": 0, "played": ["♣6"], "field_after": ["♣6"], "reset_reason": null, "policy": {"♣6": 0.3796008147166946, "♠8": 0.30785562966032215, "♥9": 0.31254355562298325}, "value": 0.4634894132614136}}
{"step": {"step": 57, "player_id": 1, "played": ["♣10"], "field_after": ["♣10"], "reset_reason": null, "policy": {"♣7": 0.22110262058366392, "♠10": 0.1946069601845835, "♣10": 0.2060772186622839, "♣J": 0.1980654835599223, "pass": 0.1801477170095464}, "value": 0.4838113784790039}}
{"step": {"step": 58, "player_id": 2, "played": ["♥J"], "field_after": ["♥J"], "reset_reason": null, "policy": {"♥J": 0.5160295206874709, "pass": 0.4839704793125291}, "value": 0.5324102640151978}}
{"step": {"step": 59, "player_id": 3, "played": ["♣Q"], "field_after": ["♣Q"], "reset_reason": null, "policy": {"♣Q": 0.5240311569333824, "pass": 0.4759688430666176}, "value": 0.4653540551662445}}
{"step": {"step": 60, "player_id": 0, "played": null, "field_after": ["♣Q"], "reset_reason": null, "policy": {"pass": 1.0}, "value": 0.43755313754081726}}
{"step": {"step": 61, "player_id": 1, "played": null, "field_after": ["♣Q"], "reset_reason": null, "policy": {"pass": 1.0}, "value": 0.49384191632270813}}
{"step": {"step": 62, "player_id": 2, "played": null, "field_after": [], "reset_reason": "all_pass", "policy": {"pass": 1.0}, "value": 0.536790668964386}}
{"step": {"step": 63, "player_id": 3, "played": ["♣4"], "field_after": ["♣4"], "reset_reason": null, "policy": {"♥3": 0.22309968193237584, "♦3": 0.19463295172411418, "♣4": 0.20019810749867015, "♣9": 0.19130688345707236, "♦3|♥3": 0.19076237538776758}, "value": 0.48574578762054443}}
{"step": {"step": 64, "player_id": 0, "played": ["♠8"], "field_after": [], "reset_reason": "eight_cut", "policy": {"♠8": 0.3369065301554456, "♥9": 0.3297007692377544, "pass": 0.3333927006068}, "value": 0.4391304850578308}}
{"step": {"step": 65, "player_id": 0, "played": ["♥9"], "field_after": ["♥9"], "reset_reason": null, "policy": {"♥9": 1.0}, "value": 0.457861065864563}}
{"step": {"step": 66, "player_id": 1, "played": ["♣J"], "field_after": ["♣J"], "reset_reason": null, "policy": {"♠10": 0.3523461580368078, "♣J": 0.3031455463008666, "pass": 0.3445082956623257}, "value": 0.47427821159362793}}
{"step": {"step": 67, "player_id": 2, "played": null, "field_after": ["♣J"], "reset_reason": null, "policy": {"pass": 1.0}, "value": 0.5456606149673462}}
{"step": {"step": 68, "player_id": 3, "played": null, "field_after": [], "reset_reason": "all_pass", "policy": {"pass": 1.0}, "value": 0.46436622738838196}}
{"step": {"step": 69, "player_id": 1, "played": ["♣7"], "field_after": ["♣7"], "reset_reason": null, "policy": {"♣7": 0.5359779386774861, "♠10": 0.464022061322514}, "value": 0.48907119035720825}}
{"step": {"step": 70, "player_id": 2, "played": null, "field_after": ["♣7"], "reset_reason": null, "policy": {"pass": 1.0}, "value": 0.5393508672714233}}
{"step": {"step": 71, "player_id": 3, "played": ["♣9"], "field_after": ["♣9"], "reset_reason": null, "policy": {"♣9": 0.5097097187660609, "pass": 0.49029028123393914}, "value": 0.4656966030597687}}
{"step": {"step": 72, "player_id": 1, "played": ["♠10"], "field_after": ["♠10"], "reset_reason": null, "policy": {"♠10": 0.5212351300011223, "pass": 0.4787648699988777}, "value": 0.484264612197876}}
{"step": {"step": 73, "player_id": 2, "played": null, "field_after": ["♠10"], "reset_reason": null, "policy": {"pass": 1.0}, "value": 0.5295979976654053}}
{"step": {"step": 74, "player_id": 3, "played": null, "field_after": [], "reset_reason": "all_pass", "policy": {"pass": 1.0}, "value": 0.4718417227268219}}
{"step": {"step": 75, "player_id": 1, "played": null, "field_after": [], "reset_reason": null, "policy": {}, "value": 1.0}}
{"step": {"step": 76, "player_id": 2, "played": ["♠4"], "field_after": ["♠4"], "reset_reason": null, "policy": {"♠3": 0.0677926619592382, "♣3": 0.05460622537570642, "♠4": 0.05909527164723315, "♦4": 0.05671932406241077, "♠5": 0.05896534696498304, "♠6": 0.0684738460382668, "♥6": 0.05211672631487909, "♦6": 0.05933783806137107, "♣3|♠3": 0.06501200435210243, "♦4|♠4": 0.055413353253299456, "♠6|♥6": 0.04908340309205482, "♠6|♦6": 0.06308777288697166, "♥6|♦6": 0.05180474849586901, "♠6|♥6|♦6": 0.06757572815668599, "♠3|♠4|♠5": 0.05393455794731918, "♠4|♠5|♠6": 0.049990839918442095, "♠3|♠4|♠5|♠6": 0.06699035147316665}, "value": 0.5458878874778748}}
{"step": {"step": 77, "player_id": 3, "played": null, "field_after": [], "reset_reason": "all_pass", "policy": {"pass": 1.0}, "value": 0.46021440625190735}}
{"step": {"step": 78, "player_id": 2, "played": ["♠6", "♥6", "♦6"], "field_after": ["♠6", "♥6", "♦6"], "reset_reason": null, "policy": {"♠3": 0.09324620459883431, "♣3": 0.07576217336005237, "♦4": 0.0810807261616361, "♠5": 0.08143070715700511, "♠6": 0.08054623830727542, "♥6": 0.10000060334889936, "♦6": 0.07493321813020486, "♣3|♠3": 0.08405150516984664, "♠6|♥6": 0.09225165127166687, "♠6|♦6": 0.07831855463325417, "♥6|♦6": 0.06967132953250194, "♠6|♥6|♦6": 0.088707088328823}, "value": 0.548900306224823}}
{"step": {"step": 79, "player_id": 3, "played": null, "field_after": [], "reset_reason": "all_pass", "policy": {"pass": 1.0}, "value": 0.45612406730651855}}
{"step": {"step": 80, "player_id": 2, "played": ["♠5"], "field_after": ["♠5"], "reset_reason": null, "policy": {"♠3": 0.22729083063060518, "♣3": 0.18662344958469657, "♦4": 0.1938467275487291, "♠5": 0.1952106132099672, "♣3|♠3": 0.19702837902600184}, "value": 0.5426896810531616}}
{"step": {"step": 81, "player_id": 3, "played": null, "field_after": [], "reset_reason": "all_pass", "policy": {"pass": 1.0}, "value": 0.4688930809497833}}
{"step": {"step": 82, "player_id": 2, "played": ["♣3", "♠3"], "field_after": ["♣3", "♠3"], "reset_reason": null, "policy": {"♠3": 0.28071390461315654, "♣3": 0.23537204082911317, "♦4": 0.24438306277096256, "♣3|♠3": 0.2395309917867677}, "value": 0.5494924783706665}}
{"step": {"step": 83, "player_id": 3, "played": null, "field_after": [], "reset_reason": "all_pass", "policy": {"pass": 1.0}, "value": 0.46961528062820435}}
{"step": {"step": 84, "player_id": 2, "played": ["♦4"], "field_after": ["♦4"], "reset_reason": null, "policy": {"♦4": 1.0}, "value": 0.556547224521637}}
{"episode_end": {"episode": 17, "ended": true}}
{"episode_summary": {"episode": 18, "seed": 12363, "ended": true, "steps_count": 89, "winner": 1}}
{"initial_hands": [["♦A", "♣5", "♥K", "♣2", "♦5", "♠9", "♠6", "♣J", "♣Q", "♦10", "♣8", "♥7", "♥2", "♠2"], ["♦7", "♦6", "♥9", "♣K", "♦9", "♦K", "♥J", "♠8", "♠K", "♠Q", "♦Q", "♦2", "♣A"], ["♦3", "♥8", "♦4", "♦J", "♥5", "♥10", "♠5", "♣10", "♥A", "♥6", "♠10", "♣4", "♥4"], ["JOKER(♥A)", "♠3", "♦8", "♣6", "♥Q", "♠A", "♠4", "♣7", "♠7", "♣9", "♠J", "♥3", "♣3"]]}
{"step": {"step": 1, "player_id": 2, "played": ["♦4", "♥4"], "field_after": ["♦4", "♥4"], "reset_reason": null, "policy": {"♦3": 0.05134337172582988, "♣4": 0.04228699240127929, "♥4": 0.04383745548671267, "♦4": 0.04447675226252558, "♠5": 0.04129382449104405, "♥5": 0.05631649435806874, "♥6": 0.0411143243000588, "♥8": 0.04326468986930314, "♠10": 0.0514340627224185, "♣10": 0.04259900084258045, "♥10": 0.03501475072948803, "♣4|♥4": 0.04711882979777072, "♦4|♣4": 0.038656598448696906, "♦4|♥4": 0.04927734271182878, "♥5|♠5": 0.04301282990248263, "♣10|♠10": 0.04074069710013038, "♥10|♠10": 0.053795881476542545, "♥10|♣10": 0.039723840202337636, "♦4|♣4|♥4": 0.03736046118145364, "♥10|♣10|♠10": 0.035082662578605865, "♥4|♥5|♥6": 0.05045284525203401, "♥A": 0.03593398517721714, "♦J": 0.035862306981590736}, "value": 0.5426267385482788}}
{"step": {"step": 2, "player_id": 3, "played": ["♦8", "JOKER(♠J)"], "field_after": [], "reset_reason": "eight_cut", "policy": {"♣6|JOKER(♠J)": 0.10614311455723152, "♣7|♠7": 0.09761596909472861, "♠7|JOKER(♠J)": 0.09544537643592303, "♣7|JOKER(♠J)": 0.10200195422479877, "♦8|JOKER(♠J)": 0.10115368674630784, "♣9|JOKER(♠J)": 0.1285535653697041, "♠A|JOKER(♠J)": 0.07776924362941866, "♠J|JOKER(♠J)": 0.09735583774483891, "♥Q|JOKER(♠J)": 0.1042955507678812, "pass": 0.08966570142916717}, "value": 0.4634432792663574}}
{"step": {"step": 3, "player_id": 3, "played": ["♠7"], "field_after": ["♠7"], "reset_reason": null, "policy": {"♠3": 0.07183388193775213, "♣3": 0.06376266732001824, "♥3": 0.06326584174821034, "♠4": 0.060373014755129815, "♣6": 0.0645697271173691, "♠7": 0.08001164442047048, "♣7": 0.05065610305013831, "♣9": 0.06047433403264976, "♠3|♣3": 0.07131868086498923, "♠3|♥3": 0.05582077782351839, "♥3|♣3": 0.05388437478769878, "♣7|♠7": 0.06328743193035274, "♠3|♥3|♣3": 0.05477327000812205, "♠A": 0.07171069805652047, "♠J": 0.056447643213381485, "♥Q": 0.05780990893367876}, "value": 0.47624471783638}}
{"step": {"step": 4, "player_id": 0, "played": ["♣8"], "field_after": [], "reset_reason": "eight_cut", "policy": {"♣8": 0.09726844223884508, "♠9": 0.09463893086184216, "♦10": 0.0955364020363039, "♠2": 0.09786909524804971, "♣2": 0.08553752283528407, "♥2": 0.11190280113547212, "♣J": 0.07370815522244467, "♣Q": 0.09212021497442145, "♥K": 0.09588104018412416, "♦A": 0.07619098997962206, "pass": 0.0793464052835906}, "value": 0.4462648332118988}}
{"step": {"step": 5, "player_id": 0, "played": ["♣J"], "field_after": ["♣J"], "reset_reason": null, "policy": {"♣5": 0.0641067695809775, "♦5": 0.05261474267532554, "♠6": 0.055161148782083766, "♥7": 0.056690183877821064, "♠9": 0.052718168527588656, "♦10": 0.06843645438287098, "♠2": 0.0464734242591561, "♣2": 0.05726157742075209, "♥2": 0.061614351300045354, "♣5|♦5": 0.048053786454140296, "♣2|♠2": 0.044508182207099366, "♥2|♠2": 0.05539108113061414, "♣2|♥2": 0.048418784174000376, "♣2|♥2|♠2": 0.06671642734958197, "♣J": 0.054198696189223544, "♣Q": 0.04642468965013026, "♥K": 0.06946271979112699, "♦A": 0.05174881224746224}, "value": 0.4378456771373749}}
{"step": {"step": 6, "player_id": 1, "played": ["♦Q"], "field_after": ["♦Q"], "reset_reason": null, "policy": {"♦2": 0.13965645157455978, "♠K": 0.12214244035724642, "♠Q": 0.12311355683836382, "♣A": 0.11981058143544361, "♣K": 0.10935859618027109, "♦K": 0.15279916289939627, "♦Q": 0.10853687574977129, "pass": 0.12458233496494761}, "value": 0.4403965473175049}}
{"step": {"step": 7, "player_id": 2, "played": ["♥A"], "field_after": ["♥A"], "reset_reason": null, "policy": {"♥A": 0.5384818833132547, "pass": 0.4615181166867452}, "value": 0.548427164554596}}
{"step": {"step": 8, "player_id": 3, "played": null, "field_after": ["♥A"], "reset_reason": null, "policy": {"pass": 1.0}, "value": 0.47621655464172363}}
{"step": {"step": 9, "player_id": 0, "played": ["♠2"], "field_after": ["♠2"], "reset_reason": null, "policy": {"♠2": 0.2597156667257144, "♣2": 0.24019091676582352, "♥2": 0.2619479658267097, "pass": 0.23814545068175233}, "value": 0.43095481395721436}}
{"step": {"step": 10, "player_id": 1, "played": null, "field_after": ["♠2"], "reset_reason": null, "policy": {"pass": 1.0}, "value": 0.4528701901435852}}
{"step": {"step": 11, "player_id": 2, "played": null, "field_after": ["♠2"], "reset_reason": null, "policy": {"pass": 1.0}, "value": 0.5600078105926514}}
{"step": {"step": 12, "player_id": 3, "played": null, "field_after": [], "reset_reason": "all_pass", "policy": {"pass": 1.0}, "value": 0.47441157698631287}}
{"step": {"step": 13, "player_id": 0, "played": ["♦10"], "field_after": ["♦10"], "reset_reason": null, "policy": {"♣5": 0.09043809107862917, "♦5": 0.07548815829243266, "♠6": 0.07736984572070978, "♥7": 0.07698380607331913, "♠9": 0.07367141602543134, "♦10": 0.09829184827485932, "♣2": 0.06540288313705005, "♥2": 0.08022669261611438, "♣5|♦5": 0.08741863247780869, "♣2|♥2": 0.06761699662180251, "♣Q": 0.06236677124393921, "♥K": 0.07725876747473179, "♦A": 0.06746609096317185}, "value": 0.4398314952850342}}
{"step": {"step": 14, "player_id": 1, "played": ["♠Q"], "field_after": ["♠Q"], "reset_reason": null, "policy": {"♦2": 0.1379359415213251, "♠K": 0.12981224297773267, "♠Q": 0.13376253843081054, "♣A": 0.12014668716649066, "♣K": 0.10813191172794205, "♥J": 0.1418788129056524, "♦K": 0.10654281069171266, "pass": 0.12178905457833387}, "value": 0.4797475337982178}}
{"step": {"step": 15, "player_id": 2, "played": null, "field_after": ["♠Q"], "reset_reason": null, "policy": {"pass": 1.0}, "value": 0.5497130751609802}}
{"step": {"step": 16, "player_id": 3, "played": ["♠A"], "field_after": ["♠A"], "reset_reason": null, "policy": {"♠A": 0.5281843776839695, "pass": 0.47181562231603047}, "value": 0.4858054220676422}}
{"step": {"step": 17, "player_id": 0, "played": ["♥2"], "field_after": ["♥2"], "reset_reason": null, "policy": {"♣2": 0.3264728652471343, "♥2": 0.337520147796047, "pass": 0.33600698695681863}, "value": 0.4275735318660736}}
{"step": {"step": 18, "player_id": 1, "played": null, "field_after": ["♥2"], "reset_reason": null, "policy": {"pass": 1.0}, "value": 0.47298747301101685}}
{"step": {"step": 19, "player_id": 2, "played": null, "field_after": ["♥2"], "reset_reason": null, "policy": {"pass": 1.0}, "value": 0.5541800260543823}}
{"step": {"step": 20, "player_id": 3, "played": null, "field_after": [], "reset_reason": "all_pass", "policy": {"pass": 1.0}, "value": 0.47320711612701416}}
{"step": {"step": 21, "player_id": 0, "played": ["♣5"], "field_after": ["♣5"], "reset_reason": null, "policy": {"♣5": 0.1146763071615871, "♦5": 0.0974678458010358, "♠6": 0.09545511414185717, "♥7": 0.09839728839410453, "♠9": 0.09348381731178458, "♣2": 0.12628455714410816, "♣5|♦5": 0.07859514427748451, "♣Q": 0.09873211705102498, "♥K": 0.11305174699703335, "♦A": 0.08385606171997963}, "value": 0.4439440965652466}}
{"step": {"step": 22, "player_id": 1, "played": ["♦7"], "field_after": ["♦7"], "reset_reason": null, "policy": {"♦6": 0.09035136876652379, "♦7": 0.084629482307415, "♠8": 0.09253042590323401, "♥9": 0.08085321356045966, "♦9": 0.08038939257782313, "♦2": 0.09914278054707133, "♠K": 0.07178458709665561, "♣A": 0.08063840586332441, "♣K": 0.08424496029085175, "♥J": 0.07561533041947827, "♦K": 0.07215062676591885, "pass": 0.08766942590124409}, "value": 0.4851459264755249}}
{"step": {"step": 23, "player_id": 2, "played": ["♦J"], "field_after": ["♦J"], "reset_reason": null, "policy": {"♥8": 0.1750224207870246, "♠10": 0.16324302654512318, "♣10": 0.16468868371378756, "♥10": 0.16174250606197324, "♦J": 0.13922016861246436, "pass": 0.19608319427962703}, "value": 0.5339842438697815}}
{"step": {"step": 24, "player_id": 3, "played": ["♥Q"], "field_after": ["♥Q"], "reset_reason": null, "policy": {"♥Q": 0.5326177826422217, "pass": 0.46738221735777824}, "value": 0.47662946581840515}}
{"step": {"step": 25, "player_id": 0, "played": ["♣2"], "field_after": ["♣2"], "reset_reason": null, "policy": {"♣2": 0.2654851885249377, "♥K": 0.23332861927704374, "♦A": 0.2615553306727211, "pass": 0.23963086152529753}, "value": 0.4362519383430481}}
{"step": {"step": 26, "player_id": 1, "played": null, "field_after": ["♣2"], "reset_reason": null, "policy": {"pass": 1.0}, "value": 0.49029040336608887}}
{"step": {"step": 27, "player_id": 2, "played": null, "field_after": ["♣2"], "reset_reason": null, "policy": {"pass": 1.0}, "value": 0.553150475025177}}
{"step": {"step": 28, "player_id": 3, "played": null, "field_after": [], "reset_reason": "all_pass", "policy": {"pass": 1.0}, "value": 0.4776167869567871}}
{"step": {"step": 29, "player_id": 0, "played": ["♥K"], "field_after": ["♥K"], "reset_reason": null, "policy": {"♦5": 0.16599377732085588, "♠6": 0.13476843086304222, "♥7": 0.1351629374953582, "♠9": 0.14052660396977296, "♣Q": 0.12501741996562823, "♥K": 0.17858067103294942, "♦A": 0.11995015935239318}, "value": 0.44898444414138794}}
{"step": {"step": 30, "player_id": 1, "played": ["♦2"], "field_after": ["♦2"], "reset_reason": null, "policy": {"♦2": 0.33946609001903194, "♣A": 0.32417456310144305, "pass": 0.3363593468795251}, "value": 0.4938136339187622}}
{"step": {"step": 31, "player_id": 2, "played": null, "field_after": ["♦2"], "reset_reason": null, "policy": {"pass": 1.0}, "value": 0.5535832643508911}}
{"step": {"step": 32, "player_id": 3, "played": null, "field_after": ["♦2"], "reset_reason": null, "policy": {"pass": 1.0}, "value": 0.4829346537590027}}
{"step": {"step": 33, "player_id": 0, "played": null, "field_after": [], "reset_reason": "all_pass", "policy": {"pass": 1.0}, "value": 0.44612088799476624}}
{"step": {"step": 34, "player_id": 1, "played": ["♦K", "♠K"], "field_after": ["♦K", "♠K"], "reset_reason": null, "policy": {"♦6": 0.08428039854048218, "♠8": 0.07604799104362117, "♥9": 0.07790288415847049, "♦9": 0.0716912864114012, "♥9|♦9": 0.06233247922329387, "♣K|♠K": 0.08025780410344176, "♦K|♠K": 0.06179804081701576, "♣K|♦K": 0.06262751755470532, "♣K|♦K|♠K": 0.0836359931895419, "♠K": 0.06118748593613759, "♣A": 0.06202471329015449, "♣K": 0.07571997011768904, "♥J": 0.0607255360642885, "♦K": 0.0797678995497569}, "value": 0.49816983938217163}}
{"step": {"step": 35, "player_id": 2, "played": null, "field_after": ["♦K", "♠K"], "reset_reason": null, "policy": {"pass": 1.0}, "value": 0.541122555732727}}
{"step": {"step": 36, "player_id": 3, "played": null, "field_after": ["♦K", "♠K"], "reset_reason": null, "policy": {"pass": 1.0}, "value": 0.46156957745552063}}
{"step": {"step": 37, "player_id": 0, "played": null, "field_after": [], "reset_reason": "all_pass", "policy": {"pass": 1.0}, "value": 0.443019837141037}}
{"step": {"step": 38, "player_id": 1, "played": ["♦6"], "field_after": ["♦6"], "reset_reason": null, "policy": {"♦6": 0.14650019394699298, "♠8": 0.11941038161955676, "♥9": 0.12756813774975365, "♦9": 0.12537608065709507, "♥9|♦9": 0.11229028211098, "♣A": 0.14684204972831674, "♣K": 0.10816069363035978, "♥J": 0.11385218055694497}, "value": 0.48918065428733826}}
{"step": {"step": 39, "player_id": 2, "played": ["♥10"], "field_after": ["♥10"], "reset_reason": null, "policy": {"♥8": 0.21781062889568764, "♠10": 0.1933758837132003, "♣10": 0.20783913513851943, "♥10": 0.19939822056390372, "pass": 0.18157613168868886}, "value": 0.5386359691619873}}
{"step": {"step": 40, "player_id": 3, "played": ["♠J"], "field_after": ["♠J"], "reset_reason": null, "policy": {"♠J": 0.5192235378157769, "pass": 0.4807764621842231}, "value": 0.47036415338516235}}
{"step": {"step": 41, "player_id": 0, "played": ["♦A"], "field_after": ["♦A"], "reset_reason": null, "policy": {"♣Q": 0.3492916171598581, "♦A": 0.3256212362356243, "pass": 0.32508714660451754}, "value": 0.4375652074813843}}
{"step": {"step": 42, "player_id": 1, "played": null, "field_after": ["♦A"], "reset_reason": null, "policy": {"pass": 1.0}, "value": 0.47209542989730835}}
{"step": {"step": 43, "player_id": 2, "played": null, "field_after": ["♦A"], "reset_reason": null, "policy": {"pass": 1.0}, "value": 0.5404921174049377}}
{"step": {"step": 44, "player_id": 3, "played": null, "field_after": [], "reset_reason": "all_pass", "policy": {"pass": 1.0}, "value": 0.477090060710907}}
{"step": {"step": 45, "player_id": 0, "played": ["♥7"], "field_after": ["♥7"], "reset_reason": null, "policy": {"♦5": 0.23607217392632313, "♠6": 0.19009812445470167, "♥7": 0.19431637584044517, "♠9": 0.1954525339601565, "♣Q": 0.18406079181837365}, "value": 0.4610057473182678}}
{"step": {"step": 46, "player_id": 1, "played": ["♦9"], "field_after": ["♦9"], "reset_reason": null, "policy": {"♠8": 0.15776012125458885, "♥9": 0.13870700251252496, "♦9": 0.15407092259219998, "♣A": 0.1332283316274141, "♣K": 0.12650604313948424, "♥J": 0.16322786664037622, "pass": 0.12649971223341167}, "value": 0.47514742612838745}}
{"step": {"step": 47, "player_id": 2, "played": ["♠10"], "field_after": ["♠10"], "reset_reason": null, "policy": {"♠10": 0.35703984677789824, "♣10": 0.31903031776227975, "pass": 0.323929835459822}, "value": 0.5426538586616516}}
{"step": {"step": 48, "player_id": 3, "played": null, "field_after": ["♠10"], "reset_reason": null, "policy": {"pass": 1.0}, "value": 0.47458431124687195}}
{"step": {"step": 49, "player_id": 0, "played": ["♣Q"], "field_after": ["♣Q"], "reset_reason": null, "policy": {"♣Q": 0.49063021403650253, "pass": 0.5093697859634975}, "value": 0.4579281508922577}}
{"step": {"step": 50, "player_id": 1, "played": ["♣A"], "field_after": ["♣A"], "reset_reason": null, "policy": {"♣A": 0.3419561199196348, "♣K": 0.32053124055165544, "pass": 0.3375126395287098}, "value": 0.470112144947052}}
{"step": {"step": 51, "player_id": 2, "played": null, "field_after": ["♣A"], "reset_reason": null, "policy": {"pass": 1.0}, "value": 0.5455101728439331}}
{"step": {"step": 52, "player_id": 3, "played": null, "field_after": ["♣A"], "reset_reason": null, "policy": {"pass": 1.0}, "value": 0.46694692969322205}}
{"step": {"step": 53, "player_id": 0, "played": null, "field_after": [], "reset_reason": "all_pass", "policy": {"pass": 1.0}, "value": 0.45297300815582275}}
{"step": {"step": 54, "player_id": 1, "played": ["♥J"], "field_after": ["♥J"], "reset_reason": null, "policy": {"♠8": 0.27688230124017327, "♥9": 0.230029845413802, "♣K": 0.2457797484896973, "♥J": 0.24730810485632745}, "value": 0.474678635597229}}
{"step": {"step": 55, "player_id": 2, "played": null, "field_after": ["♥J"], "reset_reason": null, "policy": {"pass": 1.0}, "value": 0.5446720719337463}}
{"step": {"step": 56, "player_id": 3, "played": null, "field_after": ["♥J"], "reset_reason": null, "policy": {"pass": 1.0}, "value": 0.47513535618782043}}
{"step": {"step": 57, "player_id": 0, "played": null, "field_after": [], "reset_reason": "all_pass", "policy": {"pass": 1.0}, "value": 0.47411200404167175}}
{"step": {"step": 58, "player_id": 1, "played": ["♥9"], "field_after": ["♥9"], "reset_reason": null, "policy": {"♠8": 0.3644948440842878, "♥9": 0.30393828252099475, "♣K": 0.33156687339471747}, "value": 0.4787310063838959}}
{"step": {"step": 59, "player_id": 2, "played": ["♣10"], "field_after": ["♣10"], "reset_reason": null, "policy": {"♣10": 0.5432221128155612, "pass": 0.4567778871844388}, "value": 0.537026047706604}}
{"step": {"step": 60, "player_id": 3, "played": null, "field_after": ["♣10"], "reset_reason": null, "policy": {"pass": 1.0}, "value": 0.46611228585243225}}
{"step": {"step": 61, "player_id": 0, "played": null, "field_after": ["♣10"], "reset_reason": null, "policy": {"pass": 1.0}, "value": 0.46096372604370117}}
{"step": {"step": 62, "player_id": 1, "played": ["♣K"], "field_after": ["♣K"], "reset_reason": null, "policy": {"♣K": 0.5311552160832103, "pass": 0.4688447839167897}, "value": 0.48054593801498413}}
{"step": {"step": 63, "player_id": 2, "played": null, "field_after": ["♣K"], "reset_reason": null, "policy": {"pass": 1.0}, "value": 0.5400880575180054}}
{"step": {"step": 64, "player_id": 3, "played": null, "field_after": ["♣K"], "reset_reason": null, "policy": {"pass": 1.0}, "value": 0.4754812717437744}}
{"step": {"step": 65, "player_id": 0, "played": null, "field_after": [], "reset_reason": "all_pass", "policy": {"pass": 1.0}, "value": 0.44588518142700195}}
{"step": {"step": 66, "player_id": 1, "played": ["♠8"], "field_after": [], "reset_reason": "eight_cut", "policy": {"♠8": 1.0}, "value": 0.48623979091644287}}
{"step": {"step": 67, "player_id": 1, "played": null, "field_after": [], "reset_reason": null, "policy": {}, "value": 1.0}}
{"step": {"step": 68, "player_id": 2, "played": ["♦3"], "field_after": ["♦3"], "reset_reason": null, "policy": {"♦3": 0.16186415388334327, "♣4": 0.12858470932241778, "♠5": 0.13652225831869008, "♥5": 0.13692375904150816, "♥6": 0.1341169812446177, "♥8": 0.17507658118081873, "♥5|♠5": 0.1269115570086043}, "value": 0.5508806109428406}}
{"step": {"step": 69, "player_id": 3, "played": ["♣7"], "field_after": ["♣7"], "reset_reason": null, "policy": {"♠4": 0.22754416126327218, "♣6": 0.20267840081463054, "♣7": 0.1945689951312417, "♣9": 0.18691182716593557, "pass": 0.18829661562492017}, "value": 0.4671096205711365}}
{"step": {"step": 70, "player_id": 0, "played": ["♠9"], "field_after": ["♠9"], "reset_reason": null, "policy": {"♠9": 0.5125181065611081, "pass": 0.48748189343889187}, "value": 0.45269376039505005}}
{"step": {"step": 71, "player_id": 2, "played": null, "field_after": ["♠9"], "reset_reason": null, "policy": {"pass": 1.0}, "value": 0.5406413674354553}}
{"step": {"step": 72, "player_id": 3, "played": null, "field_after": [], "reset_reason": "all_pass", "policy": {"pass": 1.0}, "value": 0.47722959518432617}}
{"step": {"step": 73, "player_id": 0, "played": ["♠6"], "field_after": ["♠6"], "reset_reason": null, "policy": {"♦5": 0.5503605361328163, "♠6": 0.44963946386718373}, "value": 0.4641982316970825}}
{"step": {"step": 74, "player_id": 2, "played": ["♥8"], "field_after": [], "reset_reason": "eight_cut", "policy": {"♥8": 0.5518126789987642, "pass": 0.44818732100123576}, "value": 0.5400215983390808}}
{"step": {"step": 75, "player_id": 2, "played": ["♣4"], "field_after": ["♣4"], "reset_reason": null, "policy": {"♣4": 0.22519196990594756, "♠5": 0.18660282305374173, "♥5": 0.1968411048757087, "♥6": 0.19301346262194474, "♥5|♠5": 0.19835063954265736}, "value": 0.5505617260932922}}
{"step": {"step": 76, "player_id": 3, "played": ["♣9"], "field_after": ["♣9"], "reset_reason": null, "policy": {"♣6": 0.34978645573600253, "♣9": 0.3168247734963337, "pass": 0.3333887707676638}, "value": 0.4747657775878906}}
{"step": {"step": 77, "player_id": 0, "played": null, "field_after": ["♣9"], "reset_reason": null, "policy": {"pass": 1.0}, "value": 0.4463261067867279}}
{"step": {"step": 78, "player_id": 2, "played": null, "field_after": [], "reset_reason": "all_pass", "policy": {"pass": 1.0}, "value": 0.5408677458763123}}
{"step": {"step": 79, "player_id": 3, "played": ["♠3", "♣3"], "field_after": ["♠3", "♣3"], "reset_reason": null, "policy": {"♠3": 0.12148439185817479, "♣3": 0.11141039058973426, "♥3": 0.10435537874686183, "♠4": 0.10219722916047738, "♣6": 0.10468463374853053, "♠3|♣3": 0.14212665030698218, "♠3|♥3": 0.08509835125303661, "♥3|♣3": 0.10422407595356412, "♠3|♥3|♣3": 0.1244188983826383}, "value": 0.4733392000198364}}
{"step": {"step": 80, "player_id": 0, "played": null, "field_after": ["♠3", "♣3"], "reset_reason": null, "policy": {"pass": 1.0}, "value": 0.4489239752292633}}
{"step": {"step": 81, "player_id": 2, "played": ["♥5", "♠5"], "field_after": ["♥5", "♠5"], "reset_reason": null, "policy": {"♥5|♠5": 0.5187074988750053, "pass": 0.48129250112499466}, "value": 0.5440647006034851}}
{"step": {"step": 82, "player_id": 3, "played": null, "field_after": ["♥5", "♠5"], "reset_reason": null, "policy": {"pass": 1.0}, "value": 0.4705503284931183}}
{"step": {"step": 83, "player_id": 0, "played": null, "field_after": [], "reset_reason": "all_pass", "policy": {"pass": 1.0}, "value": 0.452940970659256}}
{"step": {"step": 84, "player_id": 2, "played": ["♥6"], "field_after": ["♥6"], "reset_reason": null, "policy": {"♥6": 1.0}, "value": 0.5449344515800476}}
{"step": {"step": 85, "player_id": 3, "played": null, "field_after": ["♥6"], "reset_reason": null, "policy": {"pass": 1.0}, "value": 0.4719454050064087}}
{"step": {"step": 86, "player_id": 0, "played": null, "field_after": [], "reset_reason": "all_pass", "policy": {"pass": 1.0}, "value": 0.4543726444244385}}
{"step": {"step": 87, "player_id": 2, "played": null, "field_after": [], "reset_reason": null, "policy": {}, "value": 1.0}}
{"step": {"step": 88, "player_id": 3, "played": ["♠4"], "field_after": ["♠4"], "reset_reason": null, "policy": {"♥3": 0.36004514785030284, "♠4": 0.33221218304067573, "♣6": 0.3077426691090215}, "value": 0.4719541668891907}}
{"step": {"step": 89, "player_id": 0, "played": ["♦5"], "field_after": ["♦5"], "reset_reason": null, "policy": {"♦5": 0.4851213088833717, "pass": 0.5148786911166283}, "value": 0.4459252655506134}}
{"episode_end": {"episode": 18, "ended": true}}
{"episode_summary": {"episode": 19, "seed": 12364, "ended": true, "steps_count": 89, "winner": 0}}
{"initial_hands": [["♠10", "♥5", "♣A", "♣6", "JOKER(♠J)", "♣5", "♠J", "♠9", "♥6", "♥7", "♠K", "♠Q", "♦A", "♠4"], ["♦4", "♣2", "♦5", "♥2", "♦6", "♦7", "♣7", "♦K", "♠2", "♥K", "♠3", "♥A", "♦Q"], ["♠6", "♠7", "♠A", "♣10", "♠8", "♦J", "♥10", "♥9", "♦9", "♠5", "♣K", "♣4", "♦2"], ["♦8", "♣3", "♥8", "♣J", "♣9", "♣8", "♥J", "♥4", "♥Q", "♦10", "♣Q", "♥3", "♦3"]]}
{"step": {"step": 1, "player_id": 3, "played": ["♥3", "♦3"], "field_after": ["♥3", "♦3"], "reset_reason": null, "policy": {"♣3": 0.04801751846916718, "♥3": 0.04502757868247508, "♦3": 0.04433196828271612, "♥4": 0.047230243758678826, "♣8": 0.04789207864049254, "♥8": 0.055971963253576014, "♦8": 0.036199215144442284, "♣9": 0.044909719410289, "♦10": 0.04897729058383667, "♣3|♥3": 0.03936746532490428, "♣3|♦3": 0.03847447495391697, "♥3|♦3": 0.04608965854736646, "♥8|♣8": 0.03797711500455613, "♦8|♣8": 0.05450130033178451, "♦8|♥8": 0.04091455740824888, "♣J|♥J": 0.03654477347762304, "♥Q|♣Q": 0.055587053890133194, "♣3|♥3|♦3": 0.040411335746260726, "♦8|♥8|♣8": 0.03684137842715406, "♣J": 0.03596266542904299, "♣Q": 0.0510403991814025, "♥J": 0.03383347922327054, "♥Q": 0.03389676682866184}, "value": 0.4872569441795349}}
{"step": {"step": 2, "player_id": 0, "played": ["♣6", "JOKER(♠4)"], "field_after": ["♣6", "JOKER(♠4)"], "reset_reason": null, "policy": {"♠4|JOKER(♠4)": 0.06552662505530567, "♥5|♣5": 0.058743252901506914, "♣5|JOKER(♠4)": 0.061488143737606, "♥5|JOKER(♠4)": 0.05766224243991442, "♣6|♥6": 0.05519726997901357, "♣6|JOKER(♠4)": 0.0730647166503968, "♥6|JOKER(♠4)": 0.050760984771991466, "♥7|JOKER(♠4)": 0.062561890641395, "♠9|JOKER(♠4)": 0.06069515210465073, "♠10|JOKER(♠4)": 0.0524696085358013, "♠J|JOKER(♠4)": 0.048132576306068604, "♠K|JOKER(♠4)": 0.06067227076641243, "♠Q|JOKER(♠4)": 0.051488448928353296, "♣A|JOKER(♠4)": 0.0732351039215381, "♦A|JOKER(♠4)": 0.053186729821268985, "♣A|♦A": 0.04795116974363623, "pass": 0.06716381369514045}, "value": 0.44822174310684204}}
{"step": {"step": 3, "player_id": 1, "played": ["♦7", "♣7"], "field_after": ["♦7", "♣7"], "reset_reason": null, "policy": {"♦7|♣7": 0.1719170763434577, "♣2|♠2": 0.1665567133096602, "♥2|♠2": 0.16487779038705225, "♣2|♥2": 0.16692936941350298, "♦K|♥K": 0.1384423847290241, "pass": 0.19127666581730288}, "value": 0.48323485255241394}}
{"step": {"step": 4, "player_id": 2, "played": ["♣10", "♥10"], "field_after": ["♣10", "♥10"], "reset_reason": null, "policy": {"♥9|♦9": 0.3509104393077298, "♣10|♥10": 0.31696802009100816, "pass": 0.33212154060126214}, "value": 0.536933183670044}}
{"step": {"step": 5, "player_id": 3, "played": ["♥Q", "♣Q"], "field_after": ["♥Q", "♣Q"], "reset_reason": null, "policy": {"♣J|♥J": 0.3573880832371023, "♥Q|♣Q": 0.3153917166628209, "pass": 0.32722020010007674}, "value": 0.48931849002838135}}
{"step": {"step": 6, "player_id": 0, "played": ["♣A", "♦A"], "field_after": ["♣A", "♦A"], "reset_reason": null, "policy": {"♣A|♦A": 0.514044613793151, "pass": 0.4859553862068489}, "value": 0.43373891711235046}}
{"step": {"step": 7, "player_id": 1, "played": ["♣2", "♥2"], "field_after": ["♣2", "♥2"], "reset_reason": null, "policy": {"♣2|♠2": 0.2560015197435835, "♥2|♠2": 0.23714159138922244, "♣2|♥2": 0.2661233869078445, "pass": 0.2407335019593496}, "value": 0.47954052686691284}}
{"step": {"step": 8, "player_id": 2, "played": null, "field_after": ["♣2", "♥2"], "reset_reason": null, "policy": {"pass": 1.0}, "value": 0.5403170585632324}}
{"step": {"step": 9, "player_id": 3, "played": null, "field_after": ["♣2", "♥2"], "reset_reason": null, "policy": {"pass": 1.0}, "value": 0.49360790848731995}}
{"step": {"step": 10, "player_id": 0, "played": null, "field_after": [], "reset_reason": "all_pass", "policy": {"pass": 1.0}, "value": 0.4316350221633911}}
{"step": {"step": 11, "player_id": 1, "played": ["♦4"], "field_after": ["♦4"], "reset_reason": null, "policy": {"♠3": 0.10387703816407182, "♦4": 0.09368333469317272, "♦5": 0.08892276206872053, "♦6": 0.09613004529258674, "♠2": 0.07770189338473357, "♦K|♥K": 0.11079897951371909, "♦4|♦5|♦6": 0.08444462531583909, "♥A": 0.09091057910154127, "♥K": 0.10487886267585353, "♦K": 0.07785214309371137, "♦Q": 0.07079973669605018}, "value": 0.4817540645599365}}
{"step": {"step": 12, "player_id": 2, "played": ["♠7"], "field_after": ["♠7"], "reset_reason": null, "policy": {"♠5": 0.10305626439802958, "♠6": 0.08521009441727452, "♠7": 0.09124277040261199, "♠8": 0.09108632808148587, "♥9": 0.08472771239764756, "♦9": 0.1122984460411337, "♦2": 0.0800411443471624, "♠A": 0.09014024574286347, "♣K": 0.0978932544889771, "♦J": 0.08436218153265398, "pass": 0.07994155815015977}, "value": 0.5456373691558838}}
{"step": {"step": 13, "player_id": 3, "played": ["♥8"], "field_after": [], "reset_reason": "eight_cut", "policy": {"♣8": 0.1335598031246859, "♥8": 0.12649414492353372, "♦8": 0.12091929636490056, "♣9": 0.1272007251344963, "♦10": 0.12081419829016449, "♣J": 0.14478220023059699, "♥J": 0.10619146263267135, "pass": 0.12003816929895075}, "value": 0.47267186641693115}}
{"step": {"step": 14, "player_id": 3, "played": ["♣3"], "field_after": ["♣3"], "reset_reason": null, "policy": {"♣3": 0.11019319480247922, "♥4": 0.09393335927978436, "♣8": 0.09735475150089823, "♦8": 0.09911636363081246, "♣9": 0.10427184467656885, "♦10": 0.12036347432763209, "♦8|♣8": 0.08272240649388395, "♣J|♥J": 0.09665529884170894, "♣J": 0.10678895575326028, "♥J": 0.08860035069297176}, "value": 0.48393189907073975}}
{"step": {"step": 15, "player_id": 0, "played": ["♥6"], "field_after": ["♥6"], "reset_reason": null, "policy": {"♠4": 0.09728326496749069, "♣5": 0.09167983686429305, "♥5": 0.0978822388034858, "♥6": 0.0911255693721177, "♥7": 0.08844376401516656, "♠9": 0.11533930990176217, "♠10": 0.07428516060904347, "♠J": 0.09640500062017991, "♠K": 0.09501120446311585, "♠Q": 0.07479713978531886, "pass": 0.07774751059802594}, "value": 0.42772719264030457}}
{"step": {"step": 16, "player_id": 1, "played": ["♦K"], "field_after": ["♦K"], "reset_reason": null, "policy": {"♠2": 0.1812996196934215, "♥A": 0.16095000390260353, "♥K": 0.1703364542209059, "♦K": 0.16129851380315116, "♦Q": 0.1436000880734947, "pass": 0.18251532030642323}, "value": 0.4842206835746765}}
{"step": {"step": 17, "player_id": 2, "played": ["♠A"], "field_after": ["♠A"], "reset_reason": null, "policy": {"♦2": 0.36292195120617, "♠A": 0.304739713496081, "pass": 0.3323383352977491}, "value": 0.5369996428489685}}
{"step": {"step": 18, "player_id": 3, "played": null, "field_after": ["♠A"], "reset_reason": null, "policy": {"pass": 1.0}, "value": 0.47933313250541687}}
{"step": {"step": 19, "player_id": 0, "played": null, "field_after": ["♠A"], "reset_reason": null, "policy": {"pass": 1.0}, "value": 0.43691641092300415}}
{"step": {"step": 20, "player_id": 1, "played": ["♠2"], "field_after": ["♠2"], "reset_reason": null, "policy": {"♠2": 0.5293136384474711, "pass": 0.47068636155252885}, "value": 0.4690293073654175}}
{"step": {"step": 21, "player_id": 2, "played": null, "field_after": ["♠2"], "reset_reason": null, "policy": {"pass": 1.0}, "value": 0.5518673062324524}}
{"step": {"step": 22, "player_id": 3, "played": null, "field_after": ["♠2"], "reset_reason": null, "policy": {"pass": 1.0}, "value": 0.48434245586395264}}
{"step": {"step": 23, "player_id": 0, "played": null, "field_after": [], "reset_reason": "all_pass", "policy": {"pass": 1.0}, "value": 0.43179431557655334}}
{"step": {"step": 24, "player_id": 1, "played": ["♥K"], "field_after": ["♥K"], "reset_reason": null, "policy": {"♠3": 0.1841283632533859, "♦5": 0.15936197209769354, "♦6": 0.15852252713642576, "♥A": 0.16404162448413953, "♥K": 0.14204335448730074, "♦Q": 0.19190215854105455}, "value": 0.48409503698349}}
{"step": {"step": 25, "player_id": 2, "played": ["♦2"], "field_after": ["♦2"], "reset_reason": null, "policy": {"♦2": 0.5418715127939246, "pass": 0.45812848720607535}, "value": 0.5347146391868591}}
{"step": {"step": 26, "player_id": 3, "played": null, "field_after": ["♦2"], "reset_reason": null, "policy": {"pass": 1.0}, "value": 0.4846086800098419}}
{"step": {"step": 27, "player_id": 0, "played": null, "field_after": ["♦2"], "reset_reason": null, "policy": {"pass": 1.0}, "value": 0.43859994411468506}}
{"step": {"step": 28, "player_id": 1, "played": null, "field_after": [], "reset_reason": "all_pass", "policy": {"pass": 1.0}, "value": 0.45720574259757996}}
{"step": {"step": 29, "player_id": 2, "played": ["♠8"], "field_after": [], "reset_reason": "eight_cut", "policy": {"♣4": 0.12734402781179835, "♠5": 0.09845095488896648, "♠6": 0.10490720423841801, "♠8": 0.10767855165257531, "♥9": 0.10240046175515036, "♦9": 0.13124376912925434, "♥9|♦9": 0.10012871521486685, "♣K": 0.10817053608068596, "♦J": 0.11967577922828435}, "value": 0.5406296253204346}}
{"step": {"step": 30, "player_id": 2, "played": ["♣K"], "field_after": ["♣K"], "reset_reason": null, "policy": {"♣4": 0.14689738179917478, "♠5": 0.11331718755274504, "♠6": 0.11934049676004911, "♥9": 0.12063222071631684, "♦9": 0.1133325325152459, "♥9|♦9": 0.14892832627572095, "♣K": 0.11396393023863653, "♦J": 0.1235879241421108}, "value": 0.5344921946525574}}
{"step": {"step": 31, "player_id": 3, "played": null, "field_after": ["♣K"], "reset_reason": null, "policy": {"pass": 1.0}, "value": 0.47820815443992615}}
{"step": {"step": 32, "player_id": 0, "played": null, "field_after": ["♣K"], "reset_reason": null, "policy": {"pass": 1.0}, "value": 0.43357956409454346}}
{"step": {"step": 33, "player_id": 1, "played": ["♥A"], "field_after": ["♥A"], "reset_reason": null, "policy": {"♥A": 0.5329502560444764, "pass": 0.4670497439555235}, "value": 0.4605157673358917}}
{"step": {"step": 34, "player_id": 2, "played": null, "field_after": ["♥A"], "reset_reason": null, "policy": {"pass": 1.0}, "value": 0.5410594344139099}}
{"step": {"step": 35, "player_id": 3, "played": null, "field_after": ["♥A"], "reset_reason": null, "policy": {"pass": 1.0}, "value": 0.4768655002117157}}
{"step": {"step": 36, "player_id": 0, "played": null, "field_after": [], "reset_reason": "all_pass", "policy": {"pass": 1.0}, "value": 0.4371646046638489}}
{"step": {"step": 37, "player_id": 1, "played": ["♦Q"], "field_after": ["♦Q"], "reset_reason": null, "policy": {"♠3": 0.281121456662072, "♦5": 0.23430186066904332, "♦6": 0.24221290565538944, "♦Q": 0.24236377701349518}, "value": 0.47584712505340576}}
{"step": {"step": 38, "player_id": 2, "played": null, "field_after": ["♦Q"], "reset_reason": null, "policy": {"pass": 1.0}, "value": 0.537593424320221}}
{"step": {"step": 39, "player_id": 3, "played": null, "field_after": ["♦Q"], "reset_reason": null, "policy": {"pass": 1.0}, "value": 0.4820168614387512}}
{"step": {"step": 40, "player_id": 0, "played": ["♠K"], "field_after": ["♠K"], "reset_reason": null, "policy": {"♠K": 0.506305349126362, "pass": 0.493694650873638}, "value": 0.4417210519313812}}
{"step": {"step": 41, "player_id": 1, "played": null, "field_after": ["♠K"], "reset_reason": null, "policy": {"pass": 1.0}, "value": 0.47056469321250916}}
{"step": {"step": 42, "player_id": 2, "played": null, "field_after": ["♠K"], "reset_reason": null, "policy": {"pass": 1.0}, "value": 0.5322137475013733}}
{"step": {"step": 43, "player_id": 3, "played": null, "field_after": [], "reset_reason": "all_pass", "policy": {"pass": 1.0}, "value": 0.46860507130622864}}
{"step": {"step": 44, "player_id": 0, "played": ["♠9"], "field_after": ["♠9"], "reset_reason": null, "policy": {"♠4": 0.09277561394378747, "♣5": 0.08260773133687767, "♥5": 0.0815485385775576, "♥7": 0.08412510725327407, "♠9": 0.08397710326410951, "♠10": 0.1065850214873463, "♥5|♣5": 0.06862778189445817, "♠9|♠10|♠J": 0.08417259554357776, "♠10|♠J|♠Q": 0.09533106274308471, "♠9|♠10|♠J|♠Q": 0.07309407893735351, "♠J": 0.06575385816237023, "♠Q": 0.08140150685620293}, "value": 0.4405050277709961}}
{"step": {"step": 45, "player_id": 1, "played": null, "field_after": ["♠9"], "reset_reason": null, "policy": {"pass": 1.0}, "value": 0.4645909070968628}}
{"step": {"step": 46, "player_id": 2, "played": ["♦J"], "field_after": ["♦J"], "reset_reason": null, "policy": {"♦J": 0.5655009382845989, "pass": 0.43449906171540104}, "value": 0.5487031936645508}}
{"step": {"step": 47, "player_id": 3, "played": null, "field_after": ["♦J"], "reset_reason": null, "policy": {"pass": 1.0}, "value": 0.4751719534397125}}
{"step": {"step": 48, "player_id": 0, "played": ["♠Q"], "field_after": ["♠Q"], "reset_reason": null, "policy": {"♠Q": 0.5058638605421871, "pass": 0.4941361394578129}, "value": 0.46079570055007935}}
{"step": {"step": 49, "player_id": 1, "played": null, "field_after": ["♠Q"], "reset_reason": null, "policy": {"pass": 1.0}, "value": 0.47809097170829773}}
{"step": {"step": 50, "player_id": 2, "played": null, "field_after": ["♠Q"], "reset_reason": null, "policy": {"pass": 1.0}, "value": 0.5457531809806824}}
{"step": {"step": 51, "player_id": 3, "played": null, "field_after": [], "reset_reason": "all_pass", "policy": {"pass": 1.0}, "value": 0.481092631816864}}
{"step": {"step": 52, "player_id": 0, "played": ["♠4"], "field_after": ["♠4"], "reset_reason": null, "policy": {"♠4": 0.15492576270195912, "♣5": 0.13494449223445565, "♥5": 0.13589428396572598, "♥7": 0.14113298710801916, "♠10": 0.14129461292372067, "♥5|♣5": 0.17741602003674503, "♠J": 0.1143918410293744}, "value": 0.43924376368522644}}
{"step": {"step": 53, "player_id": 1, "played": ["♦5"], "field_after": ["♦5"], "reset_reason": null, "policy": {"♦5": 0.34216090376614966, "♦6": 0.31438586456671963, "pass": 0.34345323166713065}, "value": 0.48735684156417847}}
{"step": {"step": 54, "player_id": 2, "played": ["♠6"], "field_after": ["♠6"], "reset_reason": null, "policy": {"♠6": 0.26548190518001863, "♥9": 0.23573826062669478, "♦9": 0.25165437250087613, "pass": 0.24712546169241045}, "value": 0.5429974794387817}}
{"step": {"step": 55, "player_id": 3, "played": ["♦8"], "field_after": [], "reset_reason": "eight_cut", "policy": {"♣8": 0.14921685188096168, "♦8": 0.13292436385062412, "♣9": 0.1330581490458265, "♦10": 0.1439943549606411, "♣J": 0.14363320014365377, "♥J": 0.17173781891558002, "pass": 0.1254352612027129}, "value": 0.4694347679615021}}
{"step": {"step": 56, "player_id": 3, "played": ["♦10"], "field_after": ["♦10"], "reset_reason": null, "policy": {"♥4": 0.15846250340845602, "♣8": 0.13430697295226002, "♣9": 0.13364514275529205, "♦10": 0.14043495878982049, "♣J|♥J": 0.1404832532818196, "♣J": 0.17560083110935282, "♥J": 0.11706633770299898}, "value": 0.486198753118515}}
{"step": {"step": 57, "player_id": 0, "played": ["♠J"], "field_after": ["♠J"], "reset_reason": null, "policy": {"♠J": 0.4977312932888015, "pass": 0.5022687067111985}, "value": 0.41896918416023254}}
{"step": {"step": 58, "player_id": 1, "played": null, "field_after": ["♠J"], "reset_reason": null, "policy": {"pass": 1.0}, "value": 0.4579637348651886}}
{"step": {"step": 59, "player_id": 2, "played": null, "field_after": ["♠J"], "reset_reason": null, "policy": {"pass": 1.0}, "value": 0.5526116490364075}}
{"step": {"step": 60, "player_id": 3, "played": null, "field_after": [], "reset_reason": "all_pass", "policy": {"pass": 1.0}, "value": 0.4781331419944763}}
{"step": {"step": 61, "player_id": 0, "played": ["♥5"], "field_after": ["♥5"], "reset_reason": null, "policy": {"♣5": 0.21814320514067773, "♥5": 0.19350911888716651, "♥7": 0.18862178589732564, "♠10": 0.1962898466485132, "♥5|♣5": 0.203436043426317}, "value": 0.4406535029411316}}
{"step": {"step": 62, "player_id": 1, "played": ["♦6"], "field_after": ["♦6"], "reset_reason": null, "policy": {"♦6": 0.5398785666248626, "pass": 0.4601214333751374}, "value": 0.47678327560424805}}
{"step": {"step": 63, "player_id": 2, "played": ["♥9"], "field_after": ["♥9"], "reset_reason": null, "policy": {"♥9": 0.35351727777299224, "♦9": 0.31340153117564146, "pass": 0.3330811910513663}, "value": 0.5408617854118347}}
{"step": {"step": 64, "player_id": 3, "played": ["♥J"], "field_after": ["♥J"], "reset_reason": null, "policy": {"♣J": 0.352952861351593, "♥J": 0.3137590808182298, "pass": 0.33328805783017723}, "value": 0.4651922583580017}}
{"step": {"step": 65, "player_id": 0, "played": null, "field_after": ["♥J"], "reset_reason": null, "policy": {"pass": 1.0}, "value": 0.4400010108947754}}
{"step": {"step": 66, "player_id": 1, "played": null, "field_after": ["♥J"], "reset_reason": null, "policy": {"pass": 1.0}, "value": 0.4536110460758209}}
{"step": {"step": 67, "player_id": 2, "played": null, "field_after": [], "reset_reason": "all_pass", "policy": {"pass": 1.0}, "value": 0.5438315272331238}}
{"step": {"step": 68, "player_id": 3, "played": ["♣J"], "field_after": ["♣J"], "reset_reason": null, "policy": {"♥4": 0.27672419964847467, "♣8": 0.23427498669966873, "♣9": 0.24085527481688457, "♣J": 0.24814553883497198}, "value": 0.47942671179771423}}
{"step": {"step": 69, "player_id": 0, "played": null, "field_after": ["♣J"], "reset_reason": null, "policy": {"pass": 1.0}, "value": 0.4299217760562897}}
{"step": {"step": 70, "player_id": 1, "played": null, "field_after": ["♣J"], "reset_reason": null, "policy": {"pass": 1.0}, "value": 0.46808868646621704}}
{"step": {"step": 71, "player_id": 2, "played": null, "field_after": [], "reset_reason": "all_pass", "policy": {"pass": 1.0}, "value": 0.5432296991348267}}
{"step": {"step": 72, "player_id": 3, "played": ["♣8"], "field_after": [], "reset_reason": "eight_cut", "policy": {"♥4": 0.3736920263286758, "♣8": 0.306388289286609, "♣9": 0.31991968438471513}, "value": 0.4848547577857971}}
{"step": {"step": 73, "player_id": 3, "played": ["♥4"], "field_after": ["♥4"], "reset_reason": null, "policy": {"♥4": 0.5425391894601019, "♣9": 0.45746081053989796}, "value": 0.48396411538124084}}
{"step": {"step": 74, "player_id": 0, "played": ["♣5"], "field_after": ["♣5"], "reset_reason": null, "policy": {"♣5": 0.24862296135955406, "♥7": 0.2590449789350927, "♠10": 0.248197674208703, "pass": 0.24413438549665023}, "value": 0.4395478367805481}}
{"step": {"step": 75, "player_id": 1, "played": null, "field_after": ["♣5"], "reset_reason": null, "policy": {"pass": 1.0}, "value": 0.4836551547050476}}
{"step": {"step": 76, "player_id": 2, "played": ["♦9"], "field_after": ["♦9"], "reset_reason": null, "policy": {"♦9": 0.5292411236986724, "pass": 0.4707588763013276}, "value": 0.5444977283477783}}
{"step": {"step": 77, "player_id": 3, "played": null, "field_after": ["♦9"], "reset_reason": null, "policy": {"pass": 1.0}, "value": 0.4711492955684662}}
{"step": {"step": 78, "player_id": 0, "played": ["♠10"], "field_after": ["♠10"], "reset_reason": null, "policy": {"♠10": 0.5154741092710905, "pass": 0.48452589072890945}, "value": 0.45434460043907166}}
{"step": {"step": 79, "player_id": 1, "played": null, "field_after": ["♠10"], "reset_reason": null, "policy": {"pass": 1.0}, "value": 0.4836868941783905}}
{"step": {"step": 80, "player_id": 2, "played": null, "field_after": ["♠10"], "reset_reason": null, "policy": {"pass": 1.0}, "value": 0.5367949604988098}}
{"step": {"step": 81, "player_id": 3, "played": null, "field_after": [], "reset_reason": "all_pass", "policy": {"pass": 1.0}, "value": 0.47896552085876465}}
{"step": {"step": 82, "player_id": 0, "played": ["♥7"], "field_after": ["♥7"], "reset_reason": null, "policy": {"♥7": 1.0}, "value": 0.44790923595428467}}
{"step": {"step": 83, "player_id": 1, "played": null, "field_after": ["♥7"], "reset_reason": null, "policy": {"pass": 1.0}, "value": 0.47332969307899475}}
{"step": {"step": 84, "player_id": 2, "played": null, "field_after": ["♥7"], "reset_reason": null, "policy": {"pass": 1.0}, "value": 0.547389030456543}}
{"step": {"step": 85, "player_id": 3, "played": ["♣9"], "field_after": ["♣9"], "reset_reason": null, "policy": {"♣9": 0.5251328633721652, "pass": 0.47486713662783464}, "value": 0.47228923439979553}}
{"step": {"step": 86, "player_id": 1, "played": null, "field_after": ["♣9"], "reset_reason": null, "policy": {"pass": 1.0}, "value": 0.4805906414985657}}
{"step": {"step": 87, "player_id": 2, "played": null, "field_after": [], "reset_reason": "all_pass", "policy": {"pass": 1.0}, "value": 0.5403504371643066}}
{"step": {"step": 88, "player_id": 3, "played": null, "field_after": [], "reset_reason": null, "policy": {}, "value": 1.0}}
{"step": {"step": 89, "player_id": 1, "played": ["♠3"], "field_after": ["♠3"], "reset_reason": null, "policy": {"♠3": 1.0}, "value": 0.48371338844299316}}
{"episode_end": {"episode": 19, "ended": true}}
{"episode_summary": {"episode": 20, "seed": 12365, "ended": true, "steps_count": 84, "winner": 0}}
{"initial_hands": [["♣8", "♦10", "♣K", "♦8", "♣Q", "♥A", "♣7", "♠8", "♦2", "♦Q", "♦J", "♦K", "♠K", "♥K"], ["♥9", "♠J", "♣J", "JOKER(♠4)", "♠Q", "♥6", "♦A", "♣A", "♠10", "♥8", "♠A", "♦3", "♥3"], ["♣4", "♦7", "♣5", "♠5", "♦5", "♣10", "♥J", "♠6", "♠3", "♥10", "♣9", "♦4", "♥5"], ["♠4", "♥4", "♠7", "♠9", "♣3", "♣6", "♠2", "♥2", "♦9", "♦6", "♥Q", "♥7", "♣2"]]}
{"step": {"step": 1, "player_id": 1, "played": ["♥8"], "field_after": [], "reset_reason": "eight_cut", "policy": {"♥3": 0.02773303765841144, "♦3": 0.024441327002114443, "♥6": 0.02387115147283331, "♥8": 0.024384386104570596, "♥9": 0.020952571311427984, "♠10": 0.030903591994542987, "♦3|♥3": 0.020048245802445495, "♥3|JOKER(♠4)": 0.023284841647165593, "♦3|JOKER(♠4)": 0.02711380032482853, "♥6|JOKER(♠4)": 0.020389306007995774, "♥8|JOKER(♠4)": 0.018959383133691853, "♥9|JOKER(♠4)": 0.023592644146105842, "♠10|JOKER(♠4)": 0.019682500333405063, "♠A|JOKER(♠4)": 0.026981281517517323, "♠J|JOKER(♠4)": 0.020917080091007442, "♠Q|JOKER(♠4)": 0.01918446943755827, "♣A|JOKER(♠4)": 0.02774302781774467, "♣J|JOKER(♠4)": 0.019768505551259946, "♦A|JOKER(♠4)": 0.01848739965247968, "♣A|♠A": 0.01789684488650011, "♦A|♠A": 0.02569131493478387, "♠J|♣J": 0.018340439719770906, "♦A|♣A": 0.016317614393829272, "♦3|♥3|JOKER(♠4)": 0.025748842475769734, "♣A|♠A|JOKER(♠4)": 0.024465078089944622, "♦A|♠A|JOKER(♠4)": 0.017512712258441723, "♠J|♠Q|JOKER(♠4)": 0.02555539424817897, "♠J|♣J|JOKER(♠4)": 0.020318084078215906, "♦A|♣A|JOKER(♠4)": 0.019459519522957536, "♦A|♣A|♠A": 0.02185240433686101, "♥6|JOKER(♠4)|♥8": 0.023727306170801606, "♥8|♥9|JOKER(♠4)": 0.028462319877619657, "JOKER(♠4)|♠10|♠J": 0.023128214846249624, "♠10|♠J|♠Q": 0.015699269767220584, "♦A|♣A|♠A|JOKER(♠4)": 0.025890455925461506, "♥6|JOKER(♠4)|♥8|♥9": 0.022598873540693266, "♠10|♠J|♠Q|JOKER(♠4)": 0.017546028280411154, "JOKER(♠4)": 0.029197213579839718, "♠A": 0.024433935413070738, "♠J": 0.022495289573125934, "♠Q": 0.023585765251011175, "♣A": 0.024842543165540725, "♣J": 0.028458566224732893, "♦A": 0.0183374184318617}, "value": 0.46646156907081604}}
{"step": {"step": 2, "player_id": 1, "played": ["♠J", "JOKER(♠4)"], "field_after": ["♠J", "JOKER(♠4)"], "reset_reason": null, "policy": {"♥3": 0.030720627018141943, "♦3": 0.027350846940162703, "♥6": 0.026920552733331143, "♥9": 0.027500967328662716, "♠10": 0.023977605828382313, "♦3|♥3": 0.03575284311965071, "♥3|JOKER(♠4)": 0.02237592906506333, "♦3|JOKER(♠4)": 0.026868950401437337, "♥6|JOKER(♠4)": 0.03066056510491808, "♥9|JOKER(♠4)": 0.02305721541401118, "♠10|JOKER(♠4)": 0.021278908286780803, "♠A|JOKER(♠4)": 0.025770954610162697, "♠J|JOKER(♠4)": 0.021790107258012194, "♠Q|JOKER(♠4)": 0.031032863887267323, "♣A|JOKER(♠4)": 0.02333043015843627, "♣J|JOKER(♠4)": 0.02200825711099063, "♦A|JOKER(♠4)": 0.03142015984131995, "♣A|♠A": 0.022958789633308378, "♦A|♠A": 0.020945991602061717, "♠J|♣J": 0.020718584061509816, "♦A|♣A": 0.02964926552889037, "♦3|♥3|JOKER(♠4)": 0.020342109221356496, "♣A|♠A|JOKER(♠4)": 0.018291860483556018, "♦A|♠A|JOKER(♠4)": 0.029311505093140466, "♠J|♠Q|JOKER(♠4)": 0.027730539473722962, "♠J|♣J|JOKER(♠4)": 0.01955464772168249, "♦A|♣A|JOKER(♠4)": 0.02940661623973859, "♦A|♣A|♠A": 0.023283729268181647, "JOKER(♠4)|♠10|♠J": 0.02160358447146313, "♠10|♠J|♠Q": 0.025008092899620322, "♦A|♣A|♠A|JOKER(♠4)": 0.02703934311002073, "♠10|♠J|♠Q|JOKER(♠4)": 0.032873220768048314, "JOKER(♠4)": 0.026417122363377368, "♠A": 0.017744160371618963, "♠J": 0.0290269943378721, "♠Q": 0.025124136087928153, "♣A": 0.020608929994288313, "♣J": 0.03371242013883647, "♦A": 0.02683057302304562}, "value": 0.4682919979095459}}
{"step": {"step": 3, "player_id": 2, "played": null, "field_after": ["♠J", "JOKER(♠4)"], "reset_reason": null, "policy": {"pass": 1.0}, "value": 0.556952178478241}}
{"step": {"step": 4, "player_id": 3, "played": ["♥2", "♣2"], "field_after": ["♥2", "♣2"], "reset_reason": null, "policy": {"♠2|♣2": 0.27807982760515493, "♠2|♥2": 0.22844951113724388, "♥2|♣2": 0.2490635269149873, "pass": 0.24440713434261382}, "value": 0.46802544593811035}}
{"step": {"step": 5, "player_id": 0, "played": null, "field_after": ["♥2", "♣2"], "reset_reason": null, "policy": {"pass": 1.0}, "value": 0.4457603394985199}}
{"step": {"step": 6, "player_id": 1, "played": null, "field_after": ["♥2", "♣2"], "reset_reason": null, "policy": {"pass": 1.0}, "value": 0.5001107454299927}}
{"step": {"step": 7, "player_id": 2, "played": null, "field_after": [], "reset_reason": "all_pass", "policy": {"pass": 1.0}, "value": 0.5486039519309998}}
{"step": {"step": 8, "player_id": 3, "played": ["♣6", "♦6"], "field_after": ["♣6", "♦6"], "reset_reason": null, "policy": {"♣3": 0.07766332409738838, "♠4": 0.0658411590619407, "♥4": 0.06444001885429676, "♣6": 0.06443623229417664, "♦6": 0.06507269139489312, "♠7": 0.0798071814618797, "♥7": 0.05703967380029233, "♠9": 0.06827245444144601, "♦9": 0.07468778559856425, "♠2": 0.05870866937344207, "♠4|♥4": 0.05868260618033877, "♣6|♦6": 0.06618996808514044, "♠7|♥7": 0.05688277621334881, "♠9|♦9": 0.0774338927479245, "♥Q": 0.06484156639492758}, "value": 0.46521180868148804}}
{"step": {"step": 9, "player_id": 0, "played": ["♣8", "♠8"], "field_after": [], "reset_reason": "eight_cut", "policy": {"♣8|♠8": 0.10446209066436407, "♦8|♠8": 0.10278504003015215, "♣8|♦8": 0.09663798643837533, "♣K|♠K": 0.0966641090187401, "♠K|♥K": 0.08520205104979786, "♦K|♠K": 0.10105529947598116, "♣K|♥K": 0.07695929928619019, "♣K|♦K": 0.08554992369099676, "♣Q|♦Q": 0.09487111546655735, "♦K|♥K": 0.07592352274626347, "pass": 0.07988956213258153}, "value": 0.46439385414123535}}
{"step": {"step": 10, "player_id": 0, "played": ["♦10", "♦J", "♦Q", "♦K"], "field_after": ["♦10", "♦J", "♦Q", "♦K"], "reset_reason": null, "policy": {"♣7": 0.04383990711302622, "♦8": 0.04044969207215272, "♦10": 0.03622437997021814, "♦2": 0.041109950346540684, "♣K|♠K": 0.03171130018676135, "♠K|♥K": 0.04458476367585323, "♦K|♠K": 0.03327434780889251, "♣K|♥K": 0.032980702889593254, "♣K|♦K": 0.04596728227960425, "♣Q|♦Q": 0.032183684500020036, "♦K|♥K": 0.03224479128355205, "♣K|♠K|♥K": 0.04080130707627961, "♣K|♦K|♠K": 0.03184997168015522, "♦K|♠K|♥K": 0.04524719830627501, "♣K|♦K|♥K": 0.039110705644917795, "♦J|♦Q|♦K": 0.03171186061845568, "♦10|♦J|♦Q": 0.04810956695725786, "♣K|♦K|♠K|♥K": 0.036944208118846564, "♦10|♦J|♦Q|♦K": 0.03313147513034931, "♠K": 0.030217503033618122, "♣K": 0.04116514798224388, "♣Q": 0.029590316658824455, "♥A": 0.029132494203612743, "♥K": 0.03912674016243261, "♦J": 0.03957036713287796, "♦K": 0.029548559206825493, "♦Q": 0.04017177596081317}, "value": 0.4496055841445923}}
{"step": {"step": 11, "player_id": 1, "played": null, "field_after": ["♦10", "♦J", "♦Q", "♦K"], "reset_reason": null, "policy": {"pass": 1.0}, "value": 0.5003117918968201}}
{"step": {"step": 12, "player_id": 2, "played": null, "field_after": ["♦10", "♦J", "♦Q", "♦K"], "reset_reason": null, "policy": {"pass": 1.0}, "value": 0.5391687154769897}}
{"step": {"step": 13, "player_id": 3, "played": null, "field_after": [], "reset_reason": "all_pass", "policy": {"pass": 1.0}, "value": 0.46763116121292114}}
{"step": {"step": 14, "player_id": 0, "played": ["♣K"], "field_after": ["♣K"], "reset_reason": null, "policy": {"♣7": 0.09980426218485246, "♦8": 0.08508671227556286, "♦2": 0.08052463486033551, "♣K|♠K": 0.08405334781707405, "♠K|♥K": 0.07263535329160875, "♣K|♥K": 0.10258536607634174, "♣K|♠K|♥K": 0.0722309802500735, "♠K": 0.07588062517867955, "♣K": 0.09984975705732425, "♣Q": 0.07116837772584496, "♥A": 0.06821212861562442, "♥K": 0.08796845466667806}, "value": 0.45226871967315674}}
{"step": {"step": 15, "player_id": 1, "played": ["♦A"], "field_after": ["♦A"], "reset_reason": null, "policy": {"♠A": 0.25199269834305693, "♣A": 0.25532392727987097, "♦A": 0.2587374448769761, "pass": 0.23394592950009607}, "value": 0.46497398614883423}}
{"step": {"step": 16, "player_id": 2, "played": null, "field_after": ["♦A"], "reset_reason": null, "policy": {"pass": 1.0}, "value": 0.5476738214492798}}
{"step": {"step": 17, "player_id": 3, "played": ["♠2"], "field_after": ["♠2"], "reset_reason": null, "policy": {"♠2": 0.5265290592229891, "pass": 0.47347094077701096}, "value": 0.46625572443008423}}
{"step": {"step": 18, "player_id": 0, "played": null, "field_after": ["♠2"], "reset_reason": null, "policy": {"pass": 1.0}, "value": 0.4323647618293762}}
{"step": {"step": 19, "player_id": 1, "played": null, "field_after": ["♠2"], "reset_reason": null, "policy": {"pass": 1.0}, "value": 0.47473493218421936}}
{"step": {"step": 20, "player_id": 2, "played": null, "field_after": [], "reset_reason": "all_pass", "policy": {"pass": 1.0}, "value": 0.5515276789665222}}
{"step": {"step": 21, "player_id": 3, "played": ["♥Q"], "field_after": ["♥Q"], "reset_reason": null, "policy": {"♣3": 0.10489501632771824, "♠4": 0.09050990869943563, "♥4": 0.08710675326231843, "♠7": 0.08917333860819054, "♥7": 0.0891026273916494, "♠9": 0.11382984559178877, "♦9": 0.07492816192308693, "♠4|♥4": 0.09081413278766151, "♠7|♥7": 0.10332696302667002, "♠9|♦9": 0.07848994552069032, "♥Q": 0.07782330686079013}, "value": 0.46767574548721313}}
{"step": {"step": 22, "player_id": 0, "played": ["♥K"], "field_after": ["♥K"], "reset_reason": null, "policy": {"♦2": 0.21671867611067464, "♠K": 0.19498883328066532, "♥A": 0.2123628266968099, "♥K": 0.20219074077948304, "pass": 0.17373892313236702}, "value": 0.44063231348991394}}
{"step": {"step": 23, "player_id": 1, "played": ["♣A"], "field_after": ["♣A"], "reset_reason": null, "policy": {"♠A": 0.3348501268806423, "♣A": 0.3330541067214808, "pass": 0.33209576639787686}, "value": 0.47820454835891724}}
{"step": {"step": 24, "player_id": 2, "played": null, "field_after": ["♣A"], "reset_reason": null, "policy": {"pass": 1.0}, "value": 0.5509064793586731}}
{"step": {"step": 25, "player_id": 3, "played": null, "field_after": ["♣A"], "reset_reason": null, "policy": {"pass": 1.0}, "value": 0.4617246687412262}}
{"step": {"step": 26, "player_id": 0, "played": ["♦2"], "field_after": ["♦2"], "reset_reason": null, "policy": {"♦2": 0.5175034301888073, "pass": 0.48249656981119277}, "value": 0.44419753551483154}}
{"step": {"step": 27, "player_id": 1, "played": null, "field_after": ["♦2"], "reset_reason": null, "policy": {"pass": 1.0}, "value": 0.4546944200992584}}
{"step": {"step": 28, "player_id": 2, "played": null, "field_after": ["♦2"], "reset_reason": null, "policy": {"pass": 1.0}, "value": 0.5583139061927795}}
{"step": {"step": 29, "player_id": 3, "played": null, "field_after": [], "reset_reason": "all_pass", "policy": {"pass": 1.0}, "value": 0.47121918201446533}}
{"step": {"step": 30, "player_id": 0, "played": ["♦8"], "field_after": [], "reset_reason": "eight_cut", "policy": {"♣7": 0.2387388538129982, "♦8": 0.19723477088258268, "♠K": 0.1956819908384561, "♣Q": 0.19311174591046687, "♥A": 0.17523263855549628}, "value": 0.4538068473339081}}
{"step": {"step": 31, "player_id": 0, "played": ["♠K"], "field_after": ["♠K"], "reset_reason": null, "policy": {"♣7": 0.290547065323635, "♠K": 0.23607708944967803, "♣Q": 0.2394304711190289, "♥A": 0.2339453741076582}, "value": 0.4573926031589508}}
{"step": {"step": 32, "player_id": 1, "played": ["♠A"], "field_after": ["♠A"], "reset_reason": null, "policy": {"♠A": 0.5181599112978699, "pass": 0.48184008870213013}, "value": 0.4716932475566864}}
{"step": {"step": 33, "player_id": 2, "played": null, "field_after": ["♠A"], "reset_reason": null, "policy": {"pass": 1.0}, "value": 0.5530773997306824}}
{"step": {"step": 34, "player_id": 3, "played": null, "field_after": ["♠A"], "reset_reason": null, "policy": {"pass": 1.0}, "value": 0.4634754955768585}}
{"step": {"step": 35, "player_id": 0, "played": null, "field_after": [], "reset_reason": "all_pass", "policy": {"pass": 1.0}, "value": 0.43914517760276794}}
{"step": {"step": 36, "player_id": 1, "played": ["♦3", "♥3"], "field_after": ["♦3", "♥3"], "reset_reason": null, "policy": {"♥3": 0.1431940268410143, "♦3": 0.11954895291461753, "♥6": 0.12371642395089923, "♥9": 0.12056375161602602, "♠10": 0.10631884421630149, "♦3|♥3": 0.15858493767104453, "♠Q": 0.1083797253193702, "♣J": 0.11969333747072669}, "value": 0.46749642491340637}}
{"step": {"step": 37, "player_id": 2, "played": ["♦5", "♥5"], "field_after": ["♦5", "♥5"], "reset_reason": null, "policy": {"♣4|♦4": 0.12451128790078055, "♣5|♠5": 0.0954075658541655, "♠5|♥5": 0.10665603705710151, "♠5|♦5": 0.10460755931972797, "♣5|♥5": 0.10074867775302147, "♣5|♦5": 0.13752794084974784, "♦5|♥5": 0.09761881632344158, "♣10|♥10": 0.11448266702663835, "pass": 0.11843944791537539}, "value": 0.5468184351921082}}
{"step": {"step": 38, "player_id": 3, "played": ["♠7", "♥7"], "field_after": ["♠7", "♥7"], "reset_reason": null, "policy": {"♠7|♥7": 0.3498032205253297, "♠9|♦9": 0.3026061388101714, "pass": 0.347590640664499}, "value": 0.4500187039375305}}
{"step": {"step": 39, "player_id": 0, "played": null, "field_after": ["♠7", "♥7"], "reset_reason": null, "policy": {"pass": 1.0}, "value": 0.4513043463230133}}
{"step": {"step": 40, "player_id": 1, "played": null, "field_after": ["♠7", "♥7"], "reset_reason": null, "policy": {"pass": 1.0}, "value": 0.48354363441467285}}
{"step": {"step": 41, "player_id": 2, "played": ["♣10", "♥10"], "field_after": ["♣10", "♥10"], "reset_reason": null, "policy": {"♣10|♥10": 0.5061205883606938, "pass": 0.4938794116393061}, "value": 0.5497322082519531}}
{"step": {"step": 42, "player_id": 3, "played": null, "field_after": ["♣10", "♥10"], "reset_reason": null, "policy": {"pass": 1.0}, "value": 0.4748786687850952}}
{"step": {"step": 43, "player_id": 0, "played": null, "field_after": ["♣10", "♥10"], "reset_reason": null, "policy": {"pass": 1.0}, "value": 0.46540242433547974}}
{"step": {"step": 44, "player_id": 1, "played": null, "field_after": [], "reset_reason": "all_pass", "policy": {"pass": 1.0}, "value": 0.4965924918651581}}
{"step": {"step": 45, "player_id": 2, "played": ["♠6"], "field_after": ["♠6"], "reset_reason": null, "policy": {"♠3": 0.10243784700721846, "♣4": 0.084109575837784, "♦4": 0.08268408745389483, "♠5": 0.09151027194378483, "♣5": 0.08906999636540493, "♠6": 0.11882830281045223, "♦7": 0.08033798631018807, "♣9": 0.09090161203367896, "♣4|♦4": 0.10024138866955984, "♣5|♠5": 0.0876620227503087, "♥J": 0.07221690881772515}, "value": 0.5503921508789062}}
{"step": {"step": 46, "player_id": 3, "played": ["♦9"], "field_after": ["♦9"], "reset_reason": null, "policy": {"♠9": 0.3576803912207172, "♦9": 0.3019342243700731, "pass": 0.3403853844092097}, "value": 0.45548900961875916}}
{"step": {"step": 47, "player_id": 0, "played": ["♥A"], "field_after": ["♥A"], "reset_reason": null, "policy": {"♣Q": 0.3568336017086678, "♥A": 0.32087628988960265, "pass": 0.3222901084017296}, "value": 0.4434380531311035}}
{"step": {"step": 48, "player_id": 1, "played": null, "field_after": ["♥A"], "reset_reason": null, "policy": {"pass": 1.0}, "value": 0.4712473452091217}}
{"step": {"step": 49, "player_id": 2, "played": null, "field_after": ["♥A"], "reset_reason": null, "policy": {"pass": 1.0}, "value": 0.5534399747848511}}
{"step": {"step": 50, "player_id": 3, "played": null, "field_after": [], "reset_reason": "all_pass", "policy": {"pass": 1.0}, "value": 0.4731568992137909}}
{"step": {"step": 51, "player_id": 0, "played": ["♣7"], "field_after": ["♣7"], "reset_reason": null, "policy": {"♣7": 0.5413857810854269, "♣Q": 0.4586142189145731}, "value": 0.45151254534721375}}
{"step": {"step": 52, "player_id": 1, "played": ["♠Q"], "field_after": ["♠Q"], "reset_reason": null, "policy": {"♥9": 0.22039316635989623, "♠10": 0.19634134858274938, "♠Q": 0.22057833348848344, "♣J": 0.1918107440146914, "pass": 0.1708764075541795}, "value": 0.47928428649902344}}
{"step": {"step": 53, "player_id": 2, "played": null, "field_after": ["♠Q"], "reset_reason": null, "policy": {"pass": 1.0}, "value": 0.5519826412200928}}
{"step": {"step": 54, "player_id": 3, "played": null, "field_after": ["♠Q"], "reset_reason": null, "policy": {"pass": 1.0}, "value": 0.4780801832675934}}
{"step": {"step": 55, "player_id": 0, "played": null, "field_after": [], "reset_reason": "all_pass", "policy": {"pass": 1.0}, "value": 0.44907233119010925}}
{"step": {"step": 56, "player_id": 1, "played": ["♣J"], "field_after": ["♣J"], "reset_reason": null, "policy": {"♥6": 0.2753774928732849, "♥9": 0.22774962207180022, "♠10": 0.2523129796707578, "♣J": 0.24455990538415717}, "value": 0.48114052414894104}}
{"step": {"step": 57, "player_id": 2, "played": null, "field_after": ["♣J"], "reset_reason": null, "policy": {"pass": 1.0}, "value": 0.5513406991958618}}
{"step": {"step": 58, "player_id": 3, "played": null, "field_after": ["♣J"], "reset_reason": null, "policy": {"pass": 1.0}, "value": 0.4760543406009674}}
{"step": {"step": 59, "player_id": 0, "played": ["♣Q"], "field_after": ["♣Q"], "reset_reason": null, "policy": {"♣Q": 0.526322784698417, "pass": 0.473677215301583}, "value": 0.45198988914489746}}
{"step": {"step": 60, "player_id": 1, "played": null, "field_after": ["♣Q"], "reset_reason": null, "policy": {"pass": 1.0}, "value": 0.47270768880844116}}
{"step": {"step": 61, "player_id": 2, "played": null, "field_after": ["♣Q"], "reset_reason": null, "policy": {"pass": 1.0}, "value": 0.546559751033783}}
{"step": {"step": 62, "player_id": 3, "played": null, "field_after": [], "reset_reason": "all_pass", "policy": {"pass": 1.0}, "value": 0.47324252128601074}}
{"step": {"step": 63, "player_id": 0, "played": null, "field_after": [], "reset_reason": null, "policy": {}, "value": 1.0}}
{"step": {"step": 64, "player_id": 1, "played": ["♠10"], "field_after": ["♠10"], "reset_reason": null, "policy": {"♥6": 0.36288836005442965, "♥9": 0.30205609232866915, "♠10": 0.33505554761690126}, "value": 0.4820122718811035}}
{"step": {"step": 65, "player_id": 2, "played": ["♥J"], "field_after": ["♥J"], "reset_reason": null, "policy": {"♥J": 0.4905765282880716, "pass": 0.5094234717119284}, "value": 0.5420871376991272}}
{"step": {"step": 66, "player_id": 3, "played": null, "field_after": ["♥J"], "reset_reason": null, "policy": {"pass": 1.0}, "value": 0.4680817425251007}}
{"step": {"step": 67, "player_id": 1, "played": null, "field_after": [], "reset_reason": "all_pass", "policy": {"pass": 1.0}, "value": 0.4365379214286804}}
{"step": {"step": 68, "player_id": 2, "played": ["♠3"], "field_after": ["♠3"], "reset_reason": null, "policy": {"♠3": 0.12260522547058952, "♣4": 0.10335948427528156, "♦4": 0.10025051778843495, "♠5": 0.10552300760740525, "♣5": 0.10523479216671323, "♦7": 0.14250897400316048, "♣9": 0.09116514263241131, "♣4|♦4": 0.10437968845232994, "♣5|♠5": 0.1249731676036737}, "value": 0.5492681264877319}}
{"step": {"step": 69, "player_id": 3, "played": ["♠4"], "field_after": ["♠4"], "reset_reason": null, "policy": {"♠4": 0.2849719570821847, "♥4": 0.23373082141569426, "♠9": 0.252798409891303, "pass": 0.22849881161081817}, "value": 0.4769884943962097}}
{"step": {"step": 70, "player_id": 1, "played": ["♥9"], "field_after": ["♥9"], "reset_reason": null, "policy": {"♥6": 0.3197307455937869, "♥9": 0.32950552930619076, "pass": 0.35076372510002235}, "value": 0.4991791546344757}}
{"step": {"step": 71, "player_id": 2, "played": null, "field_after": ["♥9"], "reset_reason": null, "policy": {"pass": 1.0}, "value": 0.5441538095474243}}
{"step": {"step": 72, "player_id": 3, "played": null, "field_after": [], "reset_reason": "all_pass", "policy": {"pass": 1.0}, "value": 0.48268336057662964}}
{"step": {"step": 73, "player_id": 1, "played": ["♥6"], "field_after": ["♥6"], "reset_reason": null, "policy": {"♥6": 1.0}, "value": 0.48808571696281433}}
{"step": {"step": 74, "player_id": 2, "played": ["♦7"], "field_after": ["♦7"], "reset_reason": null, "policy": {"♦7": 0.36199354868704825, "♣9": 0.31348888486703663, "pass": 0.3245175664459152}, "value": 0.5306470990180969}}
{"step": {"step": 75, "player_id": 3, "played": ["♠9"], "field_after": ["♠9"], "reset_reason": null, "policy": {"♠9": 0.5399558884715612, "pass": 0.4600441115284388}, "value": 0.466022789478302}}
{"step": {"step": 76, "player_id": 2, "played": null, "field_after": [], "reset_reason": "all_pass", "policy": {"pass": 1.0}, "value": 0.5346308350563049}}
{"step": {"step": 77, "player_id": 3, "played": ["♥4"], "field_after": ["♥4"], "reset_reason": null, "policy": {"♣3": 0.5399974484154824, "♥4": 0.46000255158451775}, "value": 0.4791924059391022}}
{"step": {"step": 78, "player_id": 2, "played": ["♣5"], "field_after": ["♣5"], "reset_reason": null, "policy": {"♠5": 0.25156772471712013, "♣5": 0.2447240644803042, "♣9": 0.25252515193335373, "pass": 0.25118305886922193}, "value": 0.532719612121582}}
{"step": {"step": 79, "player_id": 3, "played": null, "field_after": [], "reset_reason": "all_pass", "policy": {"pass": 1.0}, "value": 0.4655621647834778}}
{"step": {"step": 80, "player_id": 2, "played": ["♣4", "♦4"], "field_after": ["♣4", "♦4"], "reset_reason": null, "policy": {"♣4": 0.2222814607317164, "♦4": 0.1886632271621924, "♠5": 0.19138581442783986, "♣9": 0.1966915060069694, "♣4|♦4": 0.2009779916712819}, "value": 0.5409270524978638}}
{"step": {"step": 81, "player_id": 3, "played": null, "field_after": [], "reset_reason": "all_pass", "policy": {"pass": 1.0}, "value": 0.4763911962509155}}
{"step": {"step": 82, "player_id": 2, "played": ["♠5"], "field_after": ["♠5"], "reset_reason": null, "policy": {"♠5": 0.543749775651452, "♣9": 0.45625022434854806}, "value": 0.5432178974151611}}
{"step": {"step": 83, "player_id": 3, "played": null, "field_after": [], "reset_reason": "all_pass", "policy": {"pass": 1.0}, "value": 0.4631134271621704}}
{"step": {"step": 84, "player_id": 2, "played": ["♣9"], "field_after": ["♣9"], "reset_reason": null, "policy": {"♣9": 1.0}, "value": 0.5476150512695312}}
{"episode_end": {"episode": 20, "ended": true}}
{"episode_summary": {"episode": 21, "seed": 12366, "ended": true, "steps_count": 80, "winner": 2}}
{"initial_hands": [["♠10", "♥Q", "♠4", "♥6", "♦6", "♦9", "♥K", "♥8", "♣7", "♥A", "♦10", "♥3", "♠2", "♦2"], ["♥4", "♦4", "♦5", "♣J", "♠J", "♠8", "♣4", "♠7", "♣5", "JOKER(♠4)", "♠5", "♠Q", "♣2"], ["♣K", "♦A", "♣8", "♦K", "♥J", "♦7", "♠9", "♣Q", "♣9", "♠A", "♠K", "♠6", "♦3"], ["♥9", "♥5", "♥10", "♦Q", "♦8", "♣10", "♥7", "♥2", "♣6", "♣A", "♦J", "♠3", "♣3"]]}
{"step": {"step": 1, "player_id": 2, "played": ["♠6"], "field_after": ["♠6"], "reset_reason": null, "policy": {"♦3": 0.06389032855463933, "♠6": 0.053349295466364514, "♦7": 0.0536912399033648, "♣8": 0.054762350076148394, "♠9": 0.04779402439444387, "♣9": 0.06452821028643119, "♠9|♣9": 0.0488512302232419, "♦A|♠A": 0.05592952255940119, "♣K|♠K": 0.05926593760992388, "♦K|♠K": 0.044643104766485975, "♣K|♦K": 0.04339012384630262, "♣K|♦K|♠K": 0.05322515482134647, "♠A": 0.047179110447627355, "♠K": 0.06287021503768461, "♣K": 0.050014784626669674, "♣Q": 0.04236915171436262, "♥J": 0.0639864244649983, "♦A": 0.047407386066565776, "♦K": 0.04285240513399737}, "value": 0.540536105632782}}
{"step": {"step": 2, "player_id": 3, "played": ["♦Q"], "field_after": ["♦Q"], "reset_reason": null, "policy": {"♥7": 0.10951253926772378, "♦8": 0.09178806441440694, "♥9": 0.09642049024332999, "♣10": 0.10162479446127715, "♥10": 0.08957936183159172, "♥2": 0.123814146170953, "♣A": 0.09085008192467357, "♦J": 0.10879740768596431, "♦Q": 0.10149667573494106, "pass": 0.08611643826513832}, "value": 0.4698339104652405}}
{"step": {"step": 3, "player_id": 0, "played": ["♥A"], "field_after": ["♥A"], "reset_reason": null, "policy": {"♠2": 0.2178469057700356, "♦2": 0.2080162134628197, "♥A": 0.20235262291547498, "♥K": 0.20448150168051712, "pass": 0.16730275617115262}, "value": 0.4526960551738739}}
{"step": {"step": 4, "player_id": 1, "played": ["♣2"], "field_after": ["♣2"], "reset_reason": null, "policy": {"♣2": 0.5283472866634322, "pass": 0.47165271333656766}, "value": 0.4769534766674042}}
{"step": {"step": 5, "player_id": 2, "played": null, "field_after": ["♣2"], "reset_reason": null, "policy": {"pass": 1.0}, "value": 0.5312670469284058}}
{"step": {"step": 6, "player_id": 3, "played": null, "field_after": ["♣2"], "reset_reason": null, "policy": {"pass": 1.0}, "value": 0.46257567405700684}}
{"step": {"step": 7, "player_id": 0, "played": null, "field_after": [], "reset_reason": "all_pass", "policy": {"pass": 1.0}, "value": 0.4531285762786865}}
{"step": {"step": 8, "player_id": 1, "played": ["♣J", "♠J", "JOKER(♠4)"], "field_after": ["♣J", "♠J", "JOKER"], "reset_reason": null, "policy": {"♣4": 0.02437779484823357, "♥4": 0.022468812698941795, "♦4": 0.021885987145931173, "♠5": 0.02304135438453267, "♣5": 0.02426799149599439, "♦5": 0.027589631498472968, "♠7": 0.018169570598391156, "♠8": 0.02313612393132381, "♥4|♣4": 0.02348401442238461, "♦4|♣4": 0.020226161649199968, "♥4|♦4": 0.01739354313322919, "♣4|JOKER(♠4)": 0.022617252196567468, "♥4|JOKER(♠4)": 0.017843955551314242, "♦4|JOKER(♠4)": 0.02396622317776575, "♣5|♠5": 0.021730581729754644, "♦5|♠5": 0.01843156207713196, "♦5|♣5": 0.02661055798486157, "♠5|JOKER(♠4)": 0.019425676812000532, "♣5|JOKER(♠4)": 0.019120934330626074, "♦5|JOKER(♠4)": 0.016401145017643025, "♠7|JOKER(♠4)": 0.026051935854647504, "♠8|JOKER(♠4)": 0.016592812929063366, "♠J|JOKER(♠4)": 0.015796669891374123, "♠Q|JOKER(♠4)": 0.024839663159180472, "♣J|JOKER(♠4)": 0.022050659931464545, "♣J|♠J": 0.017003830355560936, "♥4|♦4|♣4": 0.024345959065415857, "♥4|♣4|JOKER(♠4)": 0.020388087584397193, "♦4|♣4|JOKER(♠4)": 0.0163398786738525, "♥4|♦4|JOKER(♠4)": 0.02322198224682717, "♦5|♣5|♠5": 0.021786587090294393, "♣5|♠5|JOKER(♠4)": 0.026604771681296015, "♦5|♠5|JOKER(♠4)": 0.02210417379174363, "♦5|♣5|JOKER(♠4)": 0.015319700658563735, "♥4|♦4|♣4|JOKER(♠4)": 0.02252262732875041, "♦5|♣5|♠5|JOKER(♠4)": 0.02239763620749165, "♠J|♠Q|JOKER(♠4)": 0.01654674764657451, "♣J|♠J|JOKER(♠4)": 0.028360908614962085, "♣4|♣5|JOKER(♠4)": 0.022255041464853645, "♦4|♦5|JOKER(♠4)": 0.018618766913325886, "♠5|JOKER(♠4)|♠7": 0.021234856860346287, "♠7|♠8|JOKER(♠4)": 0.022013529847755176, "♠5|JOKER(♠4)|♠7|♠8": 0.0269711207884146, "JOKER(♠4)": 0.01844482043475978, "♠J": 0.01782467869788221, "♠Q": 0.021278603023412765, "♣J": 0.01689507457348868}, "value": 0.4900226891040802}}
{"step": {"step": 9, "player_id": 2, "played": ["♣K", "♦K", "♠K"], "field_after": ["♣K", "♦K", "♠K"], "reset_reason": null, "policy": {"♣K|♦K|♠K": 0.5222399511804479, "pass": 0.4777600488195521}, "value": 0.5409805774688721}}
{"step": {"step": 10, "player_id": 3, "played": null, "field_after": ["♣K", "♦K", "♠K"], "reset_reason": null, "policy": {"pass": 1.0}, "value": 0.4622090458869934}}
{"step": {"step": 11, "player_id": 0, "played": null, "field_after": ["♣K", "♦K", "♠K"], "reset_reason": null, "policy": {"pass": 1.0}, "value": 0.4408610165119171}}
{"step": {"step": 12, "player_id": 1, "played": null, "field_after": [], "reset_reason": "all_pass", "policy": {"pass": 1.0}, "value": 0.4563411474227905}}
{"step": {"step": 13, "player_id": 2, "played": ["♣Q"], "field_after": ["♣Q"], "reset_reason": null, "policy": {"♦3": 0.10765030094782631, "♦7": 0.08686771181005554, "♣8": 0.09229683549015144, "♠9": 0.09057825623104662, "♣9": 0.08337292657474613, "♠9|♣9": 0.11587265122692907, "♦A|♠A": 0.07934986402890125, "♠A": 0.08861425567845563, "♣Q": 0.10163240936201945, "♥J": 0.08108381486583711, "♦A": 0.07268097378403153}, "value": 0.5517155528068542}}
{"step": {"step": 14, "player_id": 3, "played": ["♣A"], "field_after": ["♣A"], "reset_reason": null, "policy": {"♥2": 0.36458894089473054, "♣A": 0.3209968251719435, "pass": 0.31441423393332585}, "value": 0.4803007245063782}}
{"step": {"step": 15, "player_id": 0, "played": ["♦2"], "field_after": ["♦2"], "reset_reason": null, "policy": {"♠2": 0.3507950594822449, "♦2": 0.32679290471453387, "pass": 0.3224120358032212}, "value": 0.43887537717819214}}
{"step": {"step": 16, "player_id": 1, "played": null, "field_after": ["♦2"], "reset_reason": null, "policy": {"pass": 1.0}, "value": 0.46448734402656555}}
{"step": {"step": 17, "player_id": 2, "played": null, "field_after": ["♦2"], "reset_reason": null, "policy": {"pass": 1.0}, "value": 0.5654954314231873}}
{"step": {"step": 18, "player_id": 3, "played": null, "field_after": [], "reset_reason": "all_pass", "policy": {"pass": 1.0}, "value": 0.47892528772354126}}
{"step": {"step": 19, "player_id": 0, "played": ["♦6"], "field_after": ["♦6"], "reset_reason": null, "policy": {"♥3": 0.0865488596818523, "♠4": 0.07273159357536814, "♥6": 0.0681449841012673, "♦6": 0.07257505533343213, "♣7": 0.06551959054559979, "♥8": 0.08980151386041192, "♦9": 0.0618917130356468, "♠10": 0.06175578789782589, "♦10": 0.08670469237238046, "♠2": 0.062424901098050545, "♥6|♦6": 0.06174177618025523, "♠10|♦10": 0.06992405182433149, "♥K": 0.06186115325060247, "♥Q": 0.07837432724297547}, "value": 0.4655466079711914}}
{"step": {"step": 20, "player_id": 1, "played": ["♠7"], "field_after": ["♠7"], "reset_reason": null, "policy": {"♠7": 0.261860617777968, "♠8": 0.24270424704065244, "♠Q": 0.24392156199795118, "pass": 0.2515135731834283}, "value": 0.48410332202911377}}
{"step": {"step": 21, "player_id": 2, "played": ["♥J"], "field_after": ["♥J"], "reset_reason": null, "policy": {"♣8": 0.15392735016588402, "♠9": 0.14166961505092096, "♣9": 0.15118177529674307, "♠A": 0.14167881896424275, "♥J": 0.12803543598879336, "♦A": 0.16627940626426904, "pass": 0.11722759826914668}, "value": 0.547637939453125}}
{"step": {"step": 22, "player_id": 3, "played": ["♥2"], "field_after": ["♥2"], "reset_reason": null, "policy": {"♥2": 0.5435925079762632, "pass": 0.4564074920237368}, "value": 0.47138822078704834}}
{"step": {"step": 23, "player_id": 0, "played": null, "field_after": ["♥2"], "reset_reason": null, "policy": {"pass": 1.0}, "value": 0.4406837821006775}}
{"step": {"step": 24, "player_id": 1, "played": null, "field_after": ["♥2"], "reset_reason": null, "policy": {"pass": 1.0}, "value": 0.4734245240688324}}
{"step": {"step": 25, "player_id": 2, "played": null, "field_after": [], "reset_reason": "all_pass", "policy": {"pass": 1.0}, "value": 0.5607717037200928}}
{"step": {"step": 26, "player_id": 3, "played": ["♣3"], "field_after": ["♣3"], "reset_reason": null, "policy": {"♠3": 0.09542109993431606, "♣3": 0.0800596709961407, "♥5": 0.07396479794283994, "♣6": 0.07854969403532212, "♥7": 0.07784840214743419, "♦8": 0.10720080458455354, "♥9": 0.07302774959112807, "♣10": 0.08544449113263616, "♥10": 0.09534945245751753, "♠3|♣3": 0.076005785783399, "♥10|♣10": 0.07147902576456175, "♦J": 0.08564902563015112}, "value": 0.4646497368812561}}
{"step": {"step": 27, "player_id": 0, "played": ["♠10"], "field_after": ["♠10"], "reset_reason": null, "policy": {"♠4": 0.09791410461137517, "♥6": 0.09633386023111735, "♣7": 0.09317904031129644, "♥8": 0.09288759429777474, "♦9": 0.08611007522935091, "♠10": 0.11920306311189773, "♦10": 0.07191581223894947, "♠2": 0.09027291152969699, "♥K": 0.09500266261789445, "♥Q": 0.07660069078235401, "pass": 0.0805801850382927}, "value": 0.44890275597572327}}
{"step": {"step": 28, "player_id": 1, "played": ["♠Q"], "field_after": ["♠Q"], "reset_reason": null, "policy": {"♠Q": 0.48166647675778584, "pass": 0.5183335232422142}, "value": 0.48329758644104004}}
{"step": {"step": 29, "player_id": 2, "played": ["♦A"], "field_after": ["♦A"], "reset_reason": null, "policy": {"♠A": 0.3441353358202608, "♦A": 0.30479618910235456, "pass": 0.3510684750773847}, "value": 0.548154354095459}}
{"step": {"step": 30, "player_id": 3, "played": null, "field_after": ["♦A"], "reset_reason": null, "policy": {"pass": 1.0}, "value": 0.47222772240638733}}
{"step": {"step": 31, "player_id": 0, "played": ["♠2"], "field_after": ["♠2"], "reset_reason": null, "policy": {"♠2": 0.5189292330562999, "pass": 0.4810707669437001}, "value": 0.4402492642402649}}
{"step": {"step": 32, "player_id": 1, "played": null, "field_after": ["♠2"], "reset_reason": null, "policy": {"pass": 1.0}, "value": 0.4593546986579895}}
{"step": {"step": 33, "player_id": 2, "played": null, "field_after": ["♠2"], "reset_reason": null, "policy": {"pass": 1.0}, "value": 0.5580675601959229}}
{"step": {"step": 34, "player_id": 3, "played": null, "field_after": [], "reset_reason": "all_pass", "policy": {"pass": 1.0}, "value": 0.4702067971229553}}
{"step": {"step": 35, "player_id": 0, "played": ["♥Q"], "field_after": ["♥Q"], "reset_reason": null, "policy": {"♥3": 0.12372745439698299, "♠4": 0.11314636182654683, "♥6": 0.10432896297492344, "♣7": 0.10852956177591729, "♥8": 0.09998648319101065, "♦9": 0.13876509145018415, "♦10": 0.09099833446373545, "♥K": 0.09617452325779623, "♥Q": 0.12434322666290305}, "value": 0.4621894955635071}}
{"step": {"step": 36, "player_id": 1, "played": null, "field_after": ["♥Q"], "reset_reason": null, "policy": {"pass": 1.0}, "value": 0.4724865257740021}}
{"step": {"step": 37, "player_id": 2, "played": ["♠A"], "field_after": ["♠A"], "reset_reason": null, "policy": {"♠A": 0.5688234298418516, "pass": 0.4311765701581484}, "value": 0.5633282661437988}}
{"step": {"step": 38, "player_id": 3, "played": null, "field_after": ["♠A"], "reset_reason": null, "policy": {"pass": 1.0}, "value": 0.45806217193603516}}
{"step": {"step": 39, "player_id": 0, "played": null, "field_after": ["♠A"], "reset_reason": null, "policy": {"pass": 1.0}, "value": 0.4466981887817383}}
{"step": {"step": 40, "player_id": 1, "played": null, "field_after": [], "reset_reason": "all_pass", "policy": {"pass": 1.0}, "value": 0.4737973213195801}}
{"step": {"step": 41, "player_id": 2, "played": ["♠9", "♣9"], "field_after": ["♠9", "♣9"], "reset_reason": null, "policy": {"♦3": 0.18722517933058, "♦7": 0.14733798202393758, "♣8": 0.15926510904746974, "♠9": 0.16141206575165606, "♣9": 0.14759292891063072, "♠9|♣9": 0.19716673493572584}, "value": 0.5540790557861328}}
{"step": {"step": 42, "player_id": 3, "played": ["♥10", "♣10"], "field_after": ["♥10", "♣10"], "reset_reason": null, "policy": {"♥10|♣10": 0.532704440589227, "pass": 0.4672955594107731}, "value": 0.484436959028244}}
{"step": {"step": 43, "player_id": 0, "played": null, "field_after": ["♥10", "♣10"], "reset_reason": null, "policy": {"pass": 1.0}, "value": 0.46219077706336975}}
{"step": {"step": 44, "player_id": 1, "played": null, "field_after": ["♥10", "♣10"], "reset_reason": null, "policy": {"pass": 1.0}, "value": 0.4945501983165741}}
{"step": {"step": 45, "player_id": 2, "played": null, "field_after": [], "reset_reason": "all_pass", "policy": {"pass": 1.0}, "value": 0.5475829839706421}}
{"step": {"step": 46, "player_id": 3, "played": ["♠3"], "field_after": ["♠3"], "reset_reason": null, "policy": {"♠3": 0.1620791812063051, "♥5": 0.13324415834610143, "♣6": 0.12980304051845984, "♥7": 0.13539319869949457, "♦8": 0.1328062217386525, "♥9": 0.17906696453026993, "♦J": 0.12760723496071652}, "value": 0.46165046095848083}}
{"step": {"step": 47, "player_id": 0, "played": ["♠4"], "field_after": ["♠4"], "reset_reason": null, "policy": {"♠4": 0.13324730531716178, "♥6": 0.13045292215091522, "♣7": 0.1302413584676582, "♥8": 0.12399247060342714, "♦9": 0.11682847597198785, "♦10": 0.14886943276622025, "♥K": 0.10224954701198471, "pass": 0.11411848771064496}, "value": 0.4361567497253418}}
{"step": {"step": 48, "player_id": 1, "played": ["♦5"], "field_after": ["♦5"], "reset_reason": null, "policy": {"♠5": 0.19280886281244022, "♣5": 0.20550770602447618, "♦5": 0.19934544771415094, "♠8": 0.19950281892210564, "pass": 0.20283516452682693}, "value": 0.484182208776474}}
{"step": {"step": 49, "player_id": 2, "played": ["♦7"], "field_after": ["♦7"], "reset_reason": null, "policy": {"♦7": 0.365951526967201, "♣8": 0.31658138386335394, "pass": 0.3174670891694451}, "value": 0.5566837787628174}}
{"step": {"step": 50, "player_id": 3, "played": ["♥9"], "field_after": ["♥9"], "reset_reason": null, "policy": {"♦8": 0.26979687718790185, "♥9": 0.24080762593178548, "♦J": 0.23749635150869475, "pass": 0.251899145371618}, "value": 0.4540059566497803}}
{"step": {"step": 51, "player_id": 0, "played": ["♦10"], "field_after": ["♦10"], "reset_reason": null, "policy": {"♦10": 0.3317734574146586, "♥K": 0.3122100449838546, "pass": 0.3560164976014869}, "value": 0.4489561915397644}}
{"step": {"step": 52, "player_id": 1, "played": null, "field_after": ["♦10"], "reset_reason": null, "policy": {"pass": 1.0}, "value": 0.4754662811756134}}
{"step": {"step": 53, "player_id": 2, "played": null, "field_after": ["♦10"], "reset_reason": null, "policy": {"pass": 1.0}, "value": 0.5404468178749084}}
{"step": {"step": 54, "player_id": 3, "played": ["♦J"], "field_after": ["♦J"], "reset_reason": null, "policy": {"♦J": 0.5223781287585537, "pass": 0.4776218712414463}, "value": 0.4642767608165741}}
{"step": {"step": 55, "player_id": 0, "played": ["♥K"], "field_after": ["♥K"], "reset_reason": null, "policy": {"♥K": 0.4902605460431112, "pass": 0.5097394539568888}, "value": 0.4494236707687378}}
{"step": {"step": 56, "player_id": 1, "played": null, "field_after": ["♥K"], "reset_reason": null, "policy": {"pass": 1.0}, "value": 0.4612348973751068}}
{"step": {"step": 57, "player_id": 2, "played": null, "field_after": ["♥K"], "reset_reason": null, "policy": {"pass": 1.0}, "value": 0.5405175685882568}}
{"step": {"step": 58, "player_id": 3, "played": null, "field_after": [], "reset_reason": "all_pass", "policy": {"pass": 1.0}, "value": 0.4593987762928009}}
{"step": {"step": 59, "player_id": 0, "played": ["♥3"], "field_after": ["♥3"], "reset_reason": null, "policy": {"♥3": 0.22981961111770005, "♥6": 0.20450147487910994, "♣7": 0.19698628539024118, "♥8": 0.18863668285169324, "♦9": 0.18005594576125555}, "value": 0.4695908725261688}}
{"step": {"step": 60, "player_id": 1, "played": ["♦4"], "field_after": ["♦4"], "reset_reason": null, "policy": {"♣4": 0.15262542934387013, "♥4": 0.13962982489930392, "♦4": 0.1373412072318589, "♠5": 0.14360044886695777, "♣5": 0.13864532381559902, "♠8": 0.17283693168434358, "pass": 0.11532083415806664}, "value": 0.4547101855278015}}
{"step": {"step": 61, "player_id": 2, "played": ["♣8"], "field_after": [], "reset_reason": "eight_cut", "policy": {"♣8": 0.5288501493527806, "pass": 0.4711498506472193}, "value": 0.5548392534255981}}
{"step": {"step": 62, "player_id": 2, "played": ["♦3"], "field_after": ["♦3"], "reset_reason": null, "policy": {"♦3": 1.0}, "value": 0.548684298992157}}
{"step": {"step": 63, "player_id": 3, "played": ["♥5"], "field_after": ["♥5"], "reset_reason": null, "policy": {"♥5": 0.22209229060608726, "♣6": 0.20093005113386306, "♥7": 0.19088748657754434, "♦8": 0.1930935086584489, "pass": 0.19299666302405644}, "value": 0.45508503913879395}}
{"step": {"step": 64, "player_id": 0, "played": ["♥6"], "field_after": ["♥6"], "reset_reason": null, "policy": {"♥6": 0.2123687504396678, "♣7": 0.2012933175528977, "♥8": 0.2153956768765894, "♦9": 0.18083220711243297, "pass": 0.19011004801841214}, "value": 0.4374600648880005}}
{"step": {"step": 65, "player_id": 1, "played": ["♠8"], "field_after": [], "reset_reason": "eight_cut", "policy": {"♠8": 0.5207492322939417, "pass": 0.47925076770605834}, "value": 0.47124427556991577}}
{"step": {"step": 66, "player_id": 1, "played": ["♥4", "♣4"], "field_after": ["♥4", "♣4"], "reset_reason": null, "policy": {"♣4": 0.17526687369216284, "♥4": 0.1549741315688846, "♠5": 0.15889656839064306, "♣5": 0.1535042820636346, "♥4|♣4": 0.1606143239175696, "♣5|♠5": 0.1967438203671054}, "value": 0.47510355710983276}}
{"step": {"step": 67, "player_id": 3, "played": null, "field_after": ["♥4", "♣4"], "reset_reason": null, "policy": {"pass": 1.0}, "value": 0.4548419415950775}}
{"step": {"step": 68, "player_id": 0, "played": null, "field_after": [], "reset_reason": "all_pass", "policy": {"pass": 1.0}, "value": 0.45354360342025757}}
{"step": {"step": 69, "player_id": 1, "played": ["♠5"], "field_after": ["♠5"], "reset_reason": null, "policy": {"♠5": 0.35540846183825253, "♣5": 0.3156415463194747, "♣5|♠5": 0.32894999184227275}, "value": 0.4887383282184601}}
{"step": {"step": 70, "player_id": 3, "played": ["♦8"], "field_after": [], "reset_reason": "eight_cut", "policy": {"♣6": 0.23587801007281742, "♥7": 0.25437838423755266, "♦8": 0.2523696618287475, "pass": 0.2573739438608824}, "value": 0.453330397605896}}
{"step": {"step": 71, "player_id": 3, "played": ["♣6"], "field_after": ["♣6"], "reset_reason": null, "policy": {"♣6": 0.528333651577311, "♥7": 0.47166634842268895}, "value": 0.4567028284072876}}
{"step": {"step": 72, "player_id": 0, "played": ["♥8"], "field_after": [], "reset_reason": "eight_cut", "policy": {"♣7": 0.2713372613853529, "♥8": 0.2478588196565573, "♦9": 0.24872088494705363, "pass": 0.23208303401103608}, "value": 0.4543120861053467}}
{"step": {"step": 73, "player_id": 0, "played": ["♦9"], "field_after": ["♦9"], "reset_reason": null, "policy": {"♣7": 0.534592824455373, "♦9": 0.4654071755446269}, "value": 0.4562647342681885}}
{"step": {"step": 74, "player_id": 1, "played": null, "field_after": ["♦9"], "reset_reason": null, "policy": {"pass": 1.0}, "value": 0.4739445447921753}}
{"step": {"step": 75, "player_id": 3, "played": null, "field_after": [], "reset_reason": "all_pass", "policy": {"pass": 1.0}, "value": 0.468966543674469}}
{"step": {"step": 76, "player_id": 0, "played": ["♣7"], "field_after": ["♣7"], "reset_reason": null, "policy": {"♣7": 1.0}, "value": 0.4547803997993469}}
{"step": {"step": 77, "player_id": 1, "played": null, "field_after": ["♣7"], "reset_reason": null, "policy": {"pass": 1.0}, "value": 0.4837028980255127}}
{"step": {"step": 78, "player_id": 3, "played": null, "field_after": [], "reset_reason": "all_pass", "policy": {"pass": 1.0}, "value": 0.45773813128471375}}
{"step": {"step": 79, "player_id": 0, "played": null, "field_after": [], "reset_reason": null, "policy": {}, "value": 1.0}}
{"step": {"step": 80, "player_id": 1, "played": ["♣5"], "field_after": ["♣5"], "reset_reason": null, "policy": {"♣5": 1.0}, "value": 0.4887239336967468}}
{"episode_end": {"episode": 21, "ended": true}}
{"episode_summary": {"episode": 22, "seed": 12367, "ended": true, "steps_count": 75, "winner": 2}}
{"initial_hands": [["♦5", "♦A", "♥Q", "♠10", "♠3", "♦6", "♦Q", "♦K", "JOKER", "♠4", "♦9", "♥A", "♥9", "♠2"], ["♥5", "♠8", "♣K", "♣8", "♥7", "♣7", "♦4", "♣2", "♦7", "♠9", "♠7", "♣5", "♥3"], ["♦2", "♠K", "♣J", "♦8", "♠J", "♦10", "♦J", "♣10", "♣Q", "♠A", "♥8", "♥2", "♣A"], ["♠Q", "♥10", "♥K", "♥4", "♣3", "♠5", "♣4", "♣9", "♥J", "♣6", "♠6", "♦3", "♥6"]]}
{"step": {"step": 1, "player_id": 3, "played": ["♣9"], "field_after": ["♣9"], "reset_reason": null, "policy": {"♣3": 0.05960642361050376, "♦3": 0.05079850915148897, "♣4": 0.05266526376790384, "♥4": 0.05323749131397187, "♠5": 0.05357972386500631, "♠6": 0.06592252809805585, "♣6": 0.04619508176890687, "♥6": 0.05521616385619783, "♣9": 0.05585116838870102, "♥10": 0.05033917277936504, "♣3|♦3": 0.04452084066439391, "♥4|♣4": 0.05417417041446017, "♣6|♠6": 0.04622852133357017, "♠6|♥6": 0.0613301370636159, "♣6|♥6": 0.04834138342976205, "♣6|♠6|♥6": 0.0447029332490256, "♠Q": 0.06590005050474818, "♥J": 0.04720219443816465, "♥K": 0.04418824230215815}, "value": 0.48633873462677}}
{"step": {"step": 2, "player_id": 0, "played": ["♦A"], "field_after": ["♦A"], "reset_reason": null, "policy": {"♠10": 0.14015003111275987, "♠2": 0.12923092799237285, "♥A": 0.1299750026669304, "♥Q": 0.1197319310306275, "♦A": 0.10394469095616264, "♦K": 0.1534296928094848, "♦Q": 0.10547247547207239, "pass": 0.11806524795958956}, "value": 0.44622454047203064}}
{"step": {"step": 3, "player_id": 1, "played": ["♣2"], "field_after": ["♣2"], "reset_reason": null, "policy": {"♣2": 0.5353527957434913, "pass": 0.4646472042565088}, "value": 0.4557105302810669}}
{"step": {"step": 4, "player_id": 2, "played": null, "field_after": ["♣2"], "reset_reason": null, "policy": {"pass": 1.0}, "value": 0.5252538323402405}}
{"step": {"step": 5, "player_id": 3, "played": null, "field_after": ["♣2"], "reset_reason": null, "policy": {"pass": 1.0}, "value": 0.4857105612754822}}
{"step": {"step": 6, "player_id": 0, "played": null, "field_after": [], "reset_reason": "all_pass", "policy": {"pass": 1.0}, "value": 0.45583295822143555}}
{"step": {"step": 7, "player_id": 1, "played": ["♥3"], "field_after": ["♥3"], "reset_reason": null, "policy": {"♥3": 0.04516261842224832, "♦4": 0.04155602374095571, "♣5": 0.039712024367355964, "♥5": 0.042305454870171996, "♠7": 0.03812463650538388, "♣7": 0.050538976253363184, "♥7": 0.03331304428292819, "♦7": 0.04198000780189566, "♠8": 0.043561257624906875, "♣8": 0.03431619248667609, "♠9": 0.03305289089923778, "♥5|♣5": 0.04178471858026198, "♣7|♠7": 0.03295660213307094, "♥7|♠7": 0.041706510966187445, "♦7|♠7": 0.042111251675655166, "♥7|♣7": 0.03365575902026646, "♣7|♦7": 0.04819883421229957, "♥7|♦7": 0.0357589575507335, "♠8|♣8": 0.0346906622195443, "♥7|♣7|♠7": 0.030491685027440825, "♣7|♦7|♠7": 0.04438158830765023, "♥7|♦7|♠7": 0.027291722998459784, "♥7|♣7|♦7": 0.02829901919109602, "♥7|♣7|♦7|♠7": 0.04177328845830626, "♠7|♠8|♠9": 0.041292138092464875, "♣K": 0.031984134311439004}, "value": 0.47965341806411743}}
{"step": {"step": 8, "player_id": 2, "played": ["♣A"], "field_after": ["♣A"], "reset_reason": null, "policy": {"♥8": 0.08214486763488144, "♦8": 0.0703481643858639, "♣10": 0.07215906051609441, "♦10": 0.07417661685230673, "♥2": 0.06358958567174844, "♦2": 0.08451253135372248, "♠A": 0.06699623614599695, "♠J": 0.07327772355385848, "♠K": 0.07945699012944851, "♣A": 0.0596781273577003, "♣J": 0.062313487910667376, "♣Q": 0.07400836307057973, "♦J": 0.06022343929359765, "pass": 0.07711480612353365}, "value": 0.5258773565292358}}
{"step": {"step": 9, "player_id": 3, "played": null, "field_after": ["♣A"], "reset_reason": null, "policy": {"pass": 1.0}, "value": 0.48393887281417847}}
{"step": {"step": 10, "player_id": 0, "played": ["♠2"], "field_after": ["♠2"], "reset_reason": null, "policy": {"♠2": 0.5400003845904823, "pass": 0.4599996154095177}, "value": 0.4484367370605469}}
{"step": {"step": 11, "player_id": 1, "played": null, "field_after": ["♠2"], "reset_reason": null, "policy": {"pass": 1.0}, "value": 0.4562852084636688}}
{"step": {"step": 12, "player_id": 2, "played": null, "field_after": ["♠2"], "reset_reason": null, "policy": {"pass": 1.0}, "value": 0.5405786633491516}}
{"step": {"step": 13, "player_id": 3, "played": null, "field_after": [], "reset_reason": "all_pass", "policy": {"pass": 1.0}, "value": 0.48414120078086853}}
{"step": {"step": 14, "player_id": 0, "played": ["♠4", "JOKER"], "field_after": ["♠4", "JOKER"], "reset_reason": null, "policy": {"♠3": 0.04125921268250067, "♠4": 0.03439357675956003, "♦5": 0.034877296101267295, "♦6": 0.038239156924043595, "♥9": 0.0311468207847595, "♦9": 0.042894182979727066, "♠10": 0.02932287678837726, "♠3|JOKER": 0.033691221877311425, "♠4|JOKER": 0.04059579522755525, "♦5|JOKER": 0.027671134421419066, "♦6|JOKER": 0.027055603411753955, "♦9|♥9": 0.033016417450665504, "♥9|JOKER": 0.029813075745611973, "♦9|JOKER": 0.04134560821972527, "♠10|JOKER": 0.032240679977762844, "♥A|JOKER": 0.02830785939991376, "♥Q|JOKER": 0.043753598880163384, "♦K|JOKER": 0.031015659260875614, "♦Q|JOKER": 0.02841267995240851, "♥Q|♦Q": 0.026480844835469062, "♦9|♥9|JOKER": 0.03817532084778551, "♠3|♠4|JOKER": 0.027225099266412377, "♥Q|♦Q|JOKER": 0.024766767284358934, "JOKER|♦Q|♦K": 0.03807006930793849, "♦5|♦6|JOKER": 0.034890476413922046, "JOKER": 0.028271572835149233, "♥A": 0.03862290763198955, "♥Q": 0.02938597826009881, "♦K": 0.0274290355606962, "♦Q": 0.037629470910777944}, "value": 0.45504167675971985}}
{"step": {"step": 15, "player_id": 1, "played": ["♣7", "♦7"], "field_after": ["♣7", "♦7"], "reset_reason": null, "policy": {"♥5|♣5": 0.11588229987825231, "♣7|♠7": 0.11144488488729351, "♥7|♠7": 0.10836679634203493, "♦7|♠7": 0.11662711787833202, "♥7|♣7": 0.10418559171930424, "♣7|♦7": 0.1368727186972624, "♥7|♦7": 0.08840284029504447, "♠8|♣8": 0.11009856972689008, "pass": 0.10811918057558606}, "value": 0.48190250992774963}}
{"step": {"step": 16, "player_id": 2, "played": ["♦8", "♥8"], "field_after": [], "reset_reason": "eight_cut", "policy": {"♦8|♥8": 0.15405497015982206, "♦10|♣10": 0.13723403453826227, "♦2|♥2": 0.1492724103021254, "♣J|♠J": 0.1517555899353153, "♠J|♦J": 0.13308783214685024, "♣J|♦J": 0.156063330567818, "pass": 0.11853183234980678}, "value": 0.5277979373931885}}
{"step": {"step": 17, "player_id": 2, "played": ["♠J", "♦J"], "field_after": ["♠J", "♦J"], "reset_reason": null, "policy": {"♣10": 0.0679374250923434, "♦10": 0.052567673663145485, "♥2": 0.06118956380844744, "♦2": 0.059602447400177685, "♦10|♣10": 0.05629766554323248, "♦2|♥2": 0.06880490858567927, "♣J|♠J": 0.0532522181327046, "♠J|♦J": 0.058421318958036775, "♣J|♦J": 0.06570048443142563, "♣J|♠J|♦J": 0.05170430801380387, "♣10|♣J|♣Q": 0.046676114343063374, "♠A": 0.06044224087105037, "♠J": 0.05095298232095508, "♠K": 0.06746389671660374, "♣J": 0.05593903800088151, "♣Q": 0.052964880968484826, "♦J": 0.07008283314996439}, "value": 0.5378212928771973}}
{"step": {"step": 18, "player_id": 3, "played": null, "field_after": ["♠J", "♦J"], "reset_reason": null, "policy": {"pass": 1.0}, "value": 0.4870857894420624}}
{"step": {"step": 19, "player_id": 0, "played": ["♥Q", "♦Q"], "field_after": ["♥Q", "♦Q"], "reset_reason": null, "policy": {"♥Q|♦Q": 0.5174329444260616, "pass": 0.48256705557393836}, "value": 0.46742895245552063}}
{"step": {"step": 20, "player_id": 1, "played": null, "field_after": ["♥Q", "♦Q"], "reset_reason": null, "policy": {"pass": 1.0}, "value": 0.48264625668525696}}
{"step": {"step": 21, "player_id": 2, "played": ["♦2", "♥2"], "field_after": ["♦2", "♥2"], "reset_reason": null, "policy": {"♦2|♥2": 0.5200645184308533, "pass": 0.4799354815691467}, "value": 0.5403193831443787}}
{"step": {"step": 22, "player_id": 3, "played": null, "field_after": ["♦2", "♥2"], "reset_reason": null, "policy": {"pass": 1.0}, "value": 0.48370614647865295}}
{"step": {"step": 23, "player_id": 0, "played": null, "field_after": ["♦2", "♥2"], "reset_reason": null, "policy": {"pass": 1.0}, "value": 0.4652707278728485}}
{"step": {"step": 24, "player_id": 1, "played": null, "field_after": [], "reset_reason": "all_pass", "policy": {"pass": 1.0}, "value": 0.47733408212661743}}
{"step": {"step": 25, "player_id": 2, "played": ["♠A"], "field_after": ["♠A"], "reset_reason": null, "policy": {"♣10": 0.14760091079288706, "♦10": 0.11747801568590116, "♦10|♣10": 0.1251716047502844, "♣10|♣J|♣Q": 0.12074093040595102, "♠A": 0.11184486546081822, "♠K": 0.1494373171584706, "♣J": 0.11093140931912947, "♣Q": 0.11679494642655813}, "value": 0.544816255569458}}
{"step": {"step": 26, "player_id": 3, "played": null, "field_after": ["♠A"], "reset_reason": null, "policy": {"pass": 1.0}, "value": 0.4795754551887512}}
{"step": {"step": 27, "player_id": 0, "played": null, "field_after": ["♠A"], "reset_reason": null, "policy": {"pass": 1.0}, "value": 0.45090094208717346}}
{"step": {"step": 28, "player_id": 1, "played": null, "field_after": [], "reset_reason": "all_pass", "policy": {"pass": 1.0}, "value": 0.4695889949798584}}
{"step": {"step": 29, "player_id": 2, "played": ["♠K"], "field_after": ["♠K"], "reset_reason": null, "policy": {"♣10": 0.1651370351986134, "♦10": 0.13402672823712186, "♦10|♣10": 0.14138859377157098, "♣10|♣J|♣Q": 0.13772593826121662, "♠K": 0.12640490089689638, "♣J": 0.17003635636795497, "♣Q": 0.12528044726662585}, "value": 0.5441317558288574}}
{"step": {"step": 30, "player_id": 3, "played": null, "field_after": ["♠K"], "reset_reason": null, "policy": {"pass": 1.0}, "value": 0.47109195590019226}}
{"step": {"step": 31, "player_id": 0, "played": ["♥A"], "field_after": ["♥A"], "reset_reason": null, "policy": {"♥A": 0.5176625507954635, "pass": 0.48233744920453653}, "value": 0.457010418176651}}
{"step": {"step": 32, "player_id": 1, "played": null, "field_after": ["♥A"], "reset_reason": null, "policy": {"pass": 1.0}, "value": 0.46644291281700134}}
{"step": {"step": 33, "player_id": 2, "played": null, "field_after": ["♥A"], "reset_reason": null, "policy": {"pass": 1.0}, "value": 0.5475295782089233}}
{"step": {"step": 34, "player_id": 3, "played": null, "field_after": [], "reset_reason": "all_pass", "policy": {"pass": 1.0}, "value": 0.47952213883399963}}
{"step": {"step": 35, "player_id": 0, "played": ["♠10"], "field_after": ["♠10"], "reset_reason": null, "policy": {"♠3": 0.1475840671634504, "♦5": 0.12460297255080661, "♦6": 0.12443728433786061, "♥9": 0.1254948134354654, "♦9": 0.10964030071899977, "♠10": 0.14842689881267124, "♦9|♥9": 0.09947234287795174, "♦K": 0.12034132010279411}, "value": 0.46975991129875183}}
{"step": {"step": 36, "player_id": 1, "played": ["♣K"], "field_after": ["♣K"], "reset_reason": null, "policy": {"♣K": 0.4985474258548487, "pass": 0.5014525741451512}, "value": 0.4806915521621704}}
{"step": {"step": 37, "player_id": 2, "played": null, "field_after": ["♣K"], "reset_reason": null, "policy": {"pass": 1.0}, "value": 0.5450791120529175}}
{"step": {"step": 38, "player_id": 3, "played": null, "field_after": ["♣K"], "reset_reason": null, "policy": {"pass": 1.0}, "value": 0.4822871685028076}}
{"step": {"step": 39, "player_id": 0, "played": null, "field_after": [], "reset_reason": "all_pass", "policy": {"pass": 1.0}, "value": 0.45460131764411926}}
{"step": {"step": 40, "player_id": 1, "played": ["♠8", "♣8"], "field_after": [], "reset_reason": "eight_cut", "policy": {"♦4": 0.09141036209081332, "♣5": 0.08158264219151634, "♥5": 0.0821963771723347, "♠7": 0.08789933142846666, "♥7": 0.08518174895427535, "♠8": 0.10437244997650832, "♣8": 0.06949815067493062, "♠9": 0.085518398001998, "♥5|♣5": 0.08889657359460221, "♥7|♠7": 0.07186959501505723, "♠8|♣8": 0.06941011910776194, "♠7|♠8|♠9": 0.08216425179173537}, "value": 0.4834652245044708}}
{"step": {"step": 41, "player_id": 1, "played": ["♥5", "♣5"], "field_after": ["♥5", "♣5"], "reset_reason": null, "policy": {"♦4": 0.13810743663484232, "♣5": 0.11934129618709795, "♥5": 0.11996052817550945, "♠7": 0.12335067307914355, "♥7": 0.12130882495906703, "♠9": 0.15364713967293425, "♥5|♣5": 0.10073259103020064, "♥7|♠7": 0.12355151026120487}, "value": 0.4771878719329834}}
{"step": {"step": 42, "player_id": 2, "played": ["♦10", "♣10"], "field_after": ["♦10", "♣10"], "reset_reason": null, "policy": {"♦10|♣10": 0.5187850733868257, "pass": 0.4812149266131743}, "value": 0.5487847924232483}}
{"step": {"step": 43, "player_id": 3, "played": null, "field_after": ["♦10", "♣10"], "reset_reason": null, "policy": {"pass": 1.0}, "value": 0.4808379113674164}}
{"step": {"step": 44, "player_id": 0, "played": null, "field_after": ["♦10", "♣10"], "reset_reason": null, "policy": {"pass": 1.0}, "value": 0.46271228790283203}}
{"step": {"step": 45, "player_id": 1, "played": null, "field_after": [], "reset_reason": "all_pass", "policy": {"pass": 1.0}, "value": 0.4947165548801422}}
{"step": {"step": 46, "player_id": 2, "played": ["♣J"], "field_after": ["♣J"], "reset_reason": null, "policy": {"♣J": 0.5605741973070277, "♣Q": 0.4394258026929723}, "value": 0.54974365234375}}
{"step": {"step": 47, "player_id": 3, "played": ["♠Q"], "field_after": ["♠Q"], "reset_reason": null, "policy": {"♠Q": 0.3701180771555834, "♥K": 0.30446901603140736, "pass": 0.3254129068130093}, "value": 0.47810307145118713}}
{"step": {"step": 48, "player_id": 0, "played": ["♦K"], "field_after": ["♦K"], "reset_reason": null, "policy": {"♦K": 0.5277876638084892, "pass": 0.4722123361915109}, "value": 0.46050921082496643}}
{"step": {"step": 49, "player_id": 1, "played": null, "field_after": ["♦K"], "reset_reason": null, "policy": {"pass": 1.0}, "value": 0.4729568064212799}}
{"step": {"step": 50, "player_id": 2, "played": null, "field_after": ["♦K"], "reset_reason": null, "policy": {"pass": 1.0}, "value": 0.5402611494064331}}
{"step": {"step": 51, "player_id": 3, "played": null, "field_after": [], "reset_reason": "all_pass", "policy": {"pass": 1.0}, "value": 0.47103872895240784}}
{"step": {"step": 52, "player_id": 0, "played": ["♦9", "♥9"], "field_after": ["♦9", "♥9"], "reset_reason": null, "policy": {"♠3": 0.19277460305510127, "♦5": 0.1494323659787309, "♦6": 0.16255854804222247, "♥9": 0.15452659987788708, "♦9": 0.14657622823278194, "♦9|♥9": 0.19413165481327643}, "value": 0.47093665599823}}
{"step": {"step": 53, "player_id": 1, "played": null, "field_after": ["♦9", "♥9"], "reset_reason": null, "policy": {"pass": 1.0}, "value": 0.47485455870628357}}
{"step": {"step": 54, "player_id": 2, "played": null, "field_after": ["♦9", "♥9"], "reset_reason": null, "policy": {"pass": 1.0}, "value": 0.5478951334953308}}
{"step": {"step": 55, "player_id": 3, "played": null, "field_after": [], "reset_reason": "all_pass", "policy": {"pass": 1.0}, "value": 0.48612985014915466}}
{"step": {"step": 56, "player_id": 0, "played": ["♠3"], "field_after": ["♠3"], "reset_reason": null, "policy": {"♠3": 0.38101533433841644, "♦5": 0.3024359632525724, "♦6": 0.3165487024090111}, "value": 0.45560160279273987}}
{"step": {"step": 57, "player_id": 1, "played": ["♦4"], "field_after": ["♦4"], "reset_reason": null, "policy": {"♦4": 0.22216953267639797, "♠7": 0.19112733846762422, "♥7": 0.21144419969929465, "♠9": 0.1837229209191804, "pass": 0.19153600823750275}, "value": 0.47238701581954956}}
{"step": {"step": 58, "player_id": 2, "played": ["♣Q"], "field_after": ["♣Q"], "reset_reason": null, "policy": {"♣Q": 0.521322765836893, "pass": 0.47867723416310703}, "value": 0.5493111610412598}}
{"step": {"step": 59, "player_id": 3, "played": ["♥K"], "field_after": ["♥K"], "reset_reason": null, "policy": {"♥K": 0.5333100097131378, "pass": 0.46668999028686214}, "value": 0.47734352946281433}}
{"step": {"step": 60, "player_id": 0, "played": null, "field_after": ["♥K"], "reset_reason": null, "policy": {"pass": 1.0}, "value": 0.44170692563056946}}
{"step": {"step": 61, "player_id": 1, "played": null, "field_after": [], "reset_reason": "all_pass", "policy": {"pass": 1.0}, "value": 0.4849843680858612}}
{"step": {"step": 62, "player_id": 3, "played": ["♥J"], "field_after": ["♥J"], "reset_reason": null, "policy": {"♣3": 0.06984506598758783, "♦3": 0.059179439885502255, "♣4": 0.060757278604630205, "♥4": 0.06234308809131161, "♠5": 0.0633422720331415, "♠6": 0.07669798771592146, "♣6": 0.055795950986291046, "♥6": 0.06869491447914998, "♥10": 0.06673618644012366, "♣3|♦3": 0.06026851929338131, "♥4|♣4": 0.051728036057801664, "♣6|♠6": 0.06766141614840487, "♠6|♥6": 0.05412024726823023, "♣6|♥6": 0.07268124137742771, "♣6|♠6|♥6": 0.05716579245230197, "♥J": 0.05298256317879255}, "value": 0.48085808753967285}}
{"step": {"step": 63, "player_id": 0, "played": null, "field_after": ["♥J"], "reset_reason": null, "policy": {"pass": 1.0}, "value": 0.4543421268463135}}
{"step": {"step": 64, "player_id": 1, "played": null, "field_after": [], "reset_reason": "all_pass", "policy": {"pass": 1.0}, "value": 0.44778868556022644}}
{"step": {"step": 65, "player_id": 3, "played": ["♥4"], "field_after": ["♥4"], "reset_reason": null, "policy": {"♣3": 0.07616540629780384, "♦3": 0.06445858765156497, "♣4": 0.06523735688294152, "♥4": 0.06443296621667467, "♠5": 0.0672213796030523, "♠6": 0.08053581925869885, "♣6": 0.05833591140333824, "♥6": 0.07070281913255011, "♥10": 0.07100600117614962, "♣3|♦3": 0.06203730588216389, "♥4|♣4": 0.054224404068325356, "♣6|♠6": 0.06945481300914184, "♠6|♥6": 0.057414840417104394, "♣6|♥6": 0.07732291884974964, "♣6|♠6|♥6": 0.061449470150740655}, "value": 0.47660812735557556}}
{"step": {"step": 66, "player_id": 0, "played": ["♦5"], "field_after": ["♦5"], "reset_reason": null, "policy": {"♦5": 0.33834627934517497, "♦6": 0.3176379992829792, "pass": 0.3440157213718459}, "value": 0.45137181878089905}}
{"step": {"step": 67, "player_id": 1, "played": ["♠7"], "field_after": ["♠7"], "reset_reason": null, "policy": {"♠7": 0.26855690593822695, "♥7": 0.22850016280186256, "♠9": 0.26840357636550893, "pass": 0.2345393548944016}, "value": 0.4747447669506073}}
{"step": {"step": 68, "player_id": 3, "played": ["♥10"], "field_after": ["♥10"], "reset_reason": null, "policy": {"♥10": 0.5107194512072032, "pass": 0.48928054879279675}, "value": 0.4572083353996277}}
{"step": {"step": 69, "player_id": 0, "played": null, "field_after": ["♥10"], "reset_reason": null, "policy": {"pass": 1.0}, "value": 0.44360557198524475}}
{"step": {"step": 70, "player_id": 1, "played": null, "field_after": [], "reset_reason": "all_pass", "policy": {"pass": 1.0}, "value": 0.4831584095954895}}
{"step": {"step": 71, "player_id": 3, "played": ["♦3"], "field_after": ["♦3"], "reset_reason": null, "policy": {"♣3": 0.09565055791975487, "♦3": 0.0791627469490966, "♣4": 0.0821321966673114, "♠5": 0.08073877294336974, "♠6": 0.08187662465964705, "♣6": 0.09958028597537527, "♥6": 0.0733296047785236, "♣3|♦3": 0.08311055457938107, "♣6|♠6": 0.08910143069499304, "♠6|♥6": 0.07687813173662283, "♣6|♥6": 0.06867087433939292, "♣6|♠6|♥6": 0.08976821875653167}, "value": 0.46588319540023804}}
{"step": {"step": 72, "player_id": 0, "played": ["♦6"], "field_after": ["♦6"], "reset_reason": null, "policy": {"♦6": 0.5177172588983067, "pass": 0.48228274110169334}, "value": 0.4308236241340637}}
{"step": {"step": 73, "player_id": 1, "played": ["♠9"], "field_after": ["♠9"], "reset_reason": null, "policy": {"♥7": 0.3378389430845742, "♠9": 0.3153671906889178, "pass": 0.34679386622650804}, "value": 0.476040244102478}}
{"step": {"step": 74, "player_id": 3, "played": null, "field_after": [], "reset_reason": "all_pass", "policy": {"pass": 1.0}, "value": 0.4730636179447174}}
{"step": {"step": 75, "player_id": 1, "played": ["♥7"], "field_after": ["♥7"], "reset_reason": null, "policy": {"♥7": 1.0}, "value": 0.48412761092185974}}
{"episode_end": {"episode": 22, "ended": true}}
{"episode_summary": {"episode": 23, "seed": 12368, "ended": true, "steps_count": 87, "winner": 3}}
{"initial_hands": [["♠5", "♣10", "♣8", "♠6", "♥5", "♣K", "♣7", "♦2", "♦5", "♣J", "♠4", "♠J", "♣5", "♣2"], ["♠K", "♣9", "♦8", "♣A", "♦9", "♣3", "♦4", "♦A", "♠9", "♥2", "♣6", "♥10", "♠3"], ["♥7", "♠7", "♥J", "♠10", "♥9", "♥8", "JOKER", "♦7", "♣Q", "♦6", "♥K", "♠2", "♠A"], ["♦3", "♣4", "♦K", "♦Q", "♥A", "♥6", "♠Q", "♠8", "♥Q", "♦10", "♦J", "♥3", "♥4"]]}
{"step": {"step": 1, "player_id": 3, "played": ["♦10"], "field_after": ["♦10"], "reset_reason": null, "policy": {"♥3": 0.052646601051438084, "♦3": 0.04439079751150726, "♣4": 0.04527744517835551, "♥4": 0.04643589635278835, "♥6": 0.044830487770845445, "♠8": 0.059254792912107807, "♦10": 0.04181692006910628, "♦3|♥3": 0.04796363006622788, "♣4|♥4": 0.05340120765070748, "♠Q|♥Q": 0.041699049380127785, "♦Q|♠Q": 0.03719764042525255, "♦Q|♥Q": 0.04568507080416644, "♦Q|♠Q|♥Q": 0.03974984779704067, "♦J|♦Q|♦K": 0.052635088270145784, "♦10|♦J|♦Q": 0.04264813482055203, "♦10|♦J|♦Q|♦K": 0.039953313575888445, "♠Q": 0.054847294306642605, "♥A": 0.042561360252375016, "♥Q": 0.03853458671654795, "♦J": 0.03797457517281867, "♦K": 0.054056392145870734, "♦Q": 0.036439867769487155}, "value": 0.4762119650840759}}
{"step": {"step": 2, "player_id": 0, "played": ["♣K"], "field_after": ["♣K"], "reset_reason": null, "policy": {"♣2": 0.16876658737576145, "♦2": 0.15994042626790564, "♠J": 0.1566982200875664, "♣J": 0.16160939137072688, "♣K": 0.1636588201084766, "pass": 0.1893265547895632}, "value": 0.43632185459136963}}
{"step": {"step": 3, "player_id": 1, "played": ["♦A"], "field_after": ["♦A"], "reset_reason": null, "policy": {"♥2": 0.24816205573925507, "♣A": 0.24683450376837218, "♦A": 0.27856131413224694, "pass": 0.22644212636012578}, "value": 0.465393602848053}}
{"step": {"step": 4, "player_id": 2, "played": ["♠2"], "field_after": ["♠2"], "reset_reason": null, "policy": {"♠2": 0.5348760501339278, "pass": 0.4651239498660722}, "value": 0.5552936792373657}}
{"step": {"step": 5, "player_id": 3, "played": null, "field_after": ["♠2"], "reset_reason": null, "policy": {"pass": 1.0}, "value": 0.4746236205101013}}
{"step": {"step": 6, "player_id": 0, "played": null, "field_after": ["♠2"], "reset_reason": null, "policy": {"pass": 1.0}, "value": 0.4587019979953766}}
{"step": {"step": 7, "player_id": 1, "played": null, "field_after": [], "reset_reason": "all_pass", "policy": {"pass": 1.0}, "value": 0.46245887875556946}}
{"step": {"step": 8, "player_id": 2, "played": ["♥7", "♥8", "♥9", "JOKER"], "field_after": [], "reset_reason": "eight_cut", "policy": {"♦6": 0.03189781207720706, "♠7": 0.02424543706184659, "♥7": 0.024939499223706176, "♦7": 0.026887900366942365, "♥8": 0.022110469815946963, "♥9": 0.03318909155246787, "♠10": 0.023917727538971516, "♦6|JOKER": 0.02554070858789869, "♥7|♠7": 0.03176398221692664, "♠7|♦7": 0.022206781246152933, "♥7|♦7": 0.020207625471823552, "♠7|JOKER": 0.025628704597492162, "♥7|JOKER": 0.0227672337106818, "♦7|JOKER": 0.03239044553202454, "♥8|JOKER": 0.025872479076862773, "♥9|JOKER": 0.020783889337798102, "♠10|JOKER": 0.029512047042544468, "♠A|JOKER": 0.022348590547455516, "♣Q|JOKER": 0.020388795290826007, "♥J|JOKER": 0.019891941894551155, "♥K|JOKER": 0.02813654431762386, "♥7|♠7|♦7": 0.01965329986097004, "♥7|♠7|JOKER": 0.01841638007527019, "♠7|♦7|JOKER": 0.028765773481632555, "♥7|♦7|JOKER": 0.026580400152702535, "♥7|♠7|♦7|JOKER": 0.01997056569770168, "♥J|JOKER|♥K": 0.02859747396352448, "♦6|♦7|JOKER": 0.023644417136585733, "♥7|♥8|♥9": 0.020743788565496045, "JOKER|♥7|♥8": 0.027704049388043866, "♥8|♥9|JOKER": 0.02644351746130529, "♥9|JOKER|♥J": 0.030061646916795016, "♥7|♥8|♥9|JOKER": 0.02544455268719045, "♥8|♥9|JOKER|♥J": 0.017223834690637315, "♥7|♥8|♥9|JOKER|♥J": 0.02701436577893814, "JOKER": 0.0255429702264673, "♠A": 0.018678992821091284, "♣Q": 0.03307329098828448, "♥J": 0.02511074800971997, "♥K": 0.02270222558989296}, "value": 0.5456600785255432}}
{"step": {"step": 9, "player_id": 2, "played": ["♠A"], "field_after": ["♠A"], "reset_reason": null, "policy": {"♦6": 0.12957084848926093, "♠7": 0.09896094243229984, "♦7": 0.10620860225087354, "♠10": 0.10704870641982223, "♠7|♦7": 0.09362584103039782, "♠A": 0.13788848561058706, "♣Q": 0.09446243330345591, "♥J": 0.10082437348575585, "♥K": 0.1314097669775469}, "value": 0.5536348819732666}}
{"step": {"step": 10, "player_id": 3, "played": null, "field_after": ["♠A"], "reset_reason": null, "policy": {"pass": 1.0}, "value": 0.4729689359664917}}
{"step": {"step": 11, "player_id": 0, "played": ["♣2"], "field_after": ["♣2"], "reset_reason": null, "policy": {"♣2": 0.3494359896163911, "♦2": 0.3354959072030578, "pass": 0.31506810318055123}, "value": 0.45206964015960693}}
{"step": {"step": 12, "player_id": 1, "played": null, "field_after": ["♣2"], "reset_reason": null, "policy": {"pass": 1.0}, "value": 0.48066604137420654}}
{"step": {"step": 13, "player_id": 2, "played": null, "field_after": ["♣2"], "reset_reason": null, "policy": {"pass": 1.0}, "value": 0.5634053349494934}}
{"step": {"step": 14, "player_id": 3, "played": null, "field_after": [], "reset_reason": "all_pass", "policy": {"pass": 1.0}, "value": 0.47986915707588196}}
{"step": {"step": 15, "player_id": 0, "played": ["♠5", "♦5", "♣5"], "field_after": ["♠5", "♦5", "♣5"], "reset_reason": null, "policy": {"♠4": 0.04563846368785331, "♠5": 0.04405769807755856, "♣5": 0.039254978984945905, "♥5": 0.039454763913781485, "♦5": 0.04155294808533083, "♠6": 0.04988075372372655, "♣7": 0.031673188448034455, "♣8": 0.04011987018516265, "♣10": 0.048056617874993116, "♦2": 0.03874568158081469, "♠5|♣5": 0.03354376637377356, "♠5|♥5": 0.04267154823243854, "♠5|♦5": 0.03268980658668352, "♥5|♣5": 0.044650027259031506, "♦5|♣5": 0.04345387475840303, "♥5|♦5": 0.037013965903661045, "♣J|♠J": 0.05001042385264782, "♠5|♥5|♣5": 0.03739486384329644, "♠5|♦5|♣5": 0.03600105570821974, "♠5|♥5|♦5": 0.03078926499045537, "♥5|♦5|♣5": 0.047097759849025735, "♠5|♥5|♦5|♣5": 0.030478730156336863, "♠4|♠5|♠6": 0.03066178436558991, "♠J": 0.04459875456081759, "♣J": 0.04050940899741786}, "value": 0.4546419680118561}}
{"step": {"step": 16, "player_id": 1, "played": ["♣9", "♦9", "♠9"], "field_after": ["♣9", "♦9", "♠9"], "reset_reason": null, "policy": {"♣9|♦9|♠9": 0.5108131435005888, "pass": 0.4891868564994112}, "value": 0.48714253306388855}}
{"step": {"step": 17, "player_id": 2, "played": null, "field_after": ["♣9", "♦9", "♠9"], "reset_reason": null, "policy": {"pass": 1.0}, "value": 0.5576609373092651}}
{"step": {"step": 18, "player_id": 3, "played": ["♦Q", "♠Q", "♥Q"], "field_after": ["♦Q", "♠Q", "♥Q"], "reset_reason": null, "policy": {"♦Q|♠Q|♥Q": 0.5382688888546807, "pass": 0.46173111114531934}, "value": 0.4831523001194}}
{"step": {"step": 19, "player_id": 0, "played": null, "field_after": ["♦Q", "♠Q", "♥Q"], "reset_reason": null, "policy": {"pass": 1.0}, "value": 0.4667314887046814}}
{"step": {"step": 20, "player_id": 1, "played": null, "field_after": ["♦Q", "♠Q", "♥Q"], "reset_reason": null, "policy": {"pass": 1.0}, "value": 0.4924144446849823}}
{"step": {"step": 21, "player_id": 2, "played": null, "field_after": [], "reset_reason": "all_pass", "policy": {"pass": 1.0}, "value": 0.5428668856620789}}
{"step": {"step": 22, "player_id": 3, "played": ["♣4"], "field_after": ["♣4"], "reset_reason": null, "policy": {"♥3": 0.10061224753714113, "♦3": 0.08975079748597516, "♣4": 0.09268275605395167, "♥4": 0.08560520996935242, "♥6": 0.08449737891782094, "♠8": 0.11462324301399496, "♦3|♥3": 0.07936829589363031, "♣4|♥4": 0.08970801108907112, "♥A": 0.10891831643682508, "♦J": 0.08363641211428065, "♦K": 0.07059733148795659}, "value": 0.4783557951450348}}
{"step": {"step": 23, "player_id": 0, "played": ["♠J"], "field_after": ["♠J"], "reset_reason": null, "policy": {"♥5": 0.11857800678544493, "♠6": 0.11860058437117757, "♣7": 0.10730873479995037, "♣8": 0.10573700730258041, "♣10": 0.10522011063996577, "♦2": 0.1421964395231126, "♠J": 0.07941999856115196, "♣J": 0.10236721082821308, "pass": 0.12057190718840323}, "value": 0.4452243745326996}}
{"step": {"step": 24, "player_id": 1, "played": ["♠K"], "field_after": ["♠K"], "reset_reason": null, "policy": {"♥2": 0.25401677261471056, "♠K": 0.24319084170335722, "♣A": 0.25898836377719403, "pass": 0.2438040219047381}, "value": 0.46183207631111145}}
{"step": {"step": 25, "player_id": 2, "played": null, "field_after": ["♠K"], "reset_reason": null, "policy": {"pass": 1.0}, "value": 0.535778284072876}}
{"step": {"step": 26, "player_id": 3, "played": ["♥A"], "field_after": ["♥A"], "reset_reason": null, "policy": {"♥A": 0.5268013500801523, "pass": 0.47319864991984767}, "value": 0.47227877378463745}}
{"step": {"step": 27, "player_id": 0, "played": ["♦2"], "field_after": ["♦2"], "reset_reason": null, "policy": {"♦2": 0.5021364037317644, "pass": 0.49786359626823556}, "value": 0.45256152749061584}}
{"step": {"step": 28, "player_id": 1, "played": null, "field_after": ["♦2"], "reset_reason": null, "policy": {"pass": 1.0}, "value": 0.4690834581851959}}
{"step": {"step": 29, "player_id": 2, "played": null, "field_after": ["♦2"], "reset_reason": null, "policy": {"pass": 1.0}, "value": 0.5677073001861572}}
{"step": {"step": 30, "player_id": 3, "played": null, "field_after": [], "reset_reason": "all_pass", "policy": {"pass": 1.0}, "value": 0.480943888425827}}
{"step": {"step": 31, "player_id": 0, "played": ["♣8"], "field_after": [], "reset_reason": "eight_cut", "policy": {"♠4": 0.1597051091316885, "♥5": 0.15172800118482282, "♠6": 0.12706913032945222, "♣7": 0.13907106125779445, "♣8": 0.1342879425653343, "♣10": 0.1762496410785297, "♣J": 0.11188911445237802}, "value": 0.46948790550231934}}
{"step": {"step": 32, "player_id": 0, "played": ["♣J"], "field_after": ["♣J"], "reset_reason": null, "policy": {"♠4": 0.18018187525447665, "♥5": 0.16895007118943697, "♠6": 0.14375204718644485, "♣7": 0.15433211129185762, "♣10": 0.1522757700129273, "♣J": 0.2005081250648566}, "value": 0.4683341383934021}}
{"step": {"step": 33, "player_id": 1, "played": ["♥2"], "field_after": ["♥2"], "reset_reason": null, "policy": {"♥2": 0.35088541064246753, "♣A": 0.3069114604584916, "pass": 0.3422031288990409}, "value": 0.44808143377304077}}
{"step": {"step": 34, "player_id": 2, "played": null, "field_after": ["♥2"], "reset_reason": null, "policy": {"pass": 1.0}, "value": 0.5505455136299133}}
{"step": {"step": 35, "player_id": 3, "played": null, "field_after": ["♥2"], "reset_reason": null, "policy": {"pass": 1.0}, "value": 0.4795686900615692}}
{"step": {"step": 36, "player_id": 0, "played": null, "field_after": [], "reset_reason": "all_pass", "policy": {"pass": 1.0}, "value": 0.4642583429813385}}
{"step": {"step": 37, "player_id": 1, "played": ["♣A"], "field_after": ["♣A"], "reset_reason": null, "policy": {"♠3": 0.13901204283546256, "♣3": 0.12158122561313207, "♦4": 0.11797899798816076, "♣6": 0.12410374812380906, "♦8": 0.11262421567645026, "♥10": 0.1525587988125993, "♣3|♠3": 0.10494134133195626, "♣A": 0.12719962961842973}, "value": 0.4789911210536957}}
{"step": {"step": 38, "player_id": 2, "played": null, "field_after": ["♣A"], "reset_reason": null, "policy": {"pass": 1.0}, "value": 0.5511032342910767}}
{"step": {"step": 39, "player_id": 3, "played": null, "field_after": ["♣A"], "reset_reason": null, "policy": {"pass": 1.0}, "value": 0.47248178720474243}}
{"step": {"step": 40, "player_id": 0, "played": null, "field_after": [], "reset_reason": "all_pass", "policy": {"pass": 1.0}, "value": 0.45853370428085327}}
{"step": {"step": 41, "player_id": 1, "played": ["♥10"], "field_after": ["♥10"], "reset_reason": null, "policy": {"♠3": 0.15539685223526062, "♣3": 0.13754139501929458, "♦4": 0.13851151892398642, "♣6": 0.14157544753968182, "♦8": 0.13324923775120795, "♥10": 0.17301955247271766, "♣3|♠3": 0.12070599605785101}, "value": 0.4751172959804535}}
{"step": {"step": 42, "player_id": 2, "played": ["♥J"], "field_after": ["♥J"], "reset_reason": null, "policy": {"♣Q": 0.26407011643048883, "♥J": 0.24665972024344907, "♥K": 0.2511467507731226, "pass": 0.23812341255293948}, "value": 0.5356635451316833}}
{"step": {"step": 43, "player_id": 3, "played": ["♦K"], "field_after": ["♦K"], "reset_reason": null, "policy": {"♦K": 0.5444162243364465, "pass": 0.4555837756635535}, "value": 0.46538326144218445}}
{"step": {"step": 44, "player_id": 0, "played": null, "field_after": ["♦K"], "reset_reason": null, "policy": {"pass": 1.0}, "value": 0.4488767087459564}}
{"step": {"step": 45, "player_id": 1, "played": null, "field_after": ["♦K"], "reset_reason": null, "policy": {"pass": 1.0}, "value": 0.48126429319381714}}
{"step": {"step": 46, "player_id": 2, "played": null, "field_after": [], "reset_reason": "all_pass", "policy": {"pass": 1.0}, "value": 0.5309659838676453}}
{"step": {"step": 47, "player_id": 3, "played": ["♦3", "♥3"], "field_after": ["♦3", "♥3"], "reset_reason": null, "policy": {"♥3": 0.15593318450985838, "♦3": 0.13668170200450522, "♥4": 0.13825886398447929, "♥6": 0.1372244772741092, "♠8": 0.13801111379741407, "♦3|♥3": 0.17660758547706704, "♦J": 0.11728307295256678}, "value": 0.4818989634513855}}
{"step": {"step": 48, "player_id": 0, "played": null, "field_after": ["♦3", "♥3"], "reset_reason": null, "policy": {"pass": 1.0}, "value": 0.4521915912628174}}
{"step": {"step": 49, "player_id": 1, "played": null, "field_after": ["♦3", "♥3"], "reset_reason": null, "policy": {"pass": 1.0}, "value": 0.4682985842227936}}
{"step": {"step": 50, "player_id": 2, "played": ["♠7", "♦7"], "field_after": ["♠7", "♦7"], "reset_reason": null, "policy": {"♠7|♦7": 0.5387601600002461, "pass": 0.46123983999975393}, "value": 0.5511906743049622}}
{"step": {"step": 51, "player_id": 3, "played": null, "field_after": ["♠7", "♦7"], "reset_reason": null, "policy": {"pass": 1.0}, "value": 0.4739418029785156}}
{"step": {"step": 52, "player_id": 0, "played": null, "field_after": ["♠7", "♦7"], "reset_reason": null, "policy": {"pass": 1.0}, "value": 0.48051875829696655}}
{"step": {"step": 53, "player_id": 1, "played": null, "field_after": [], "reset_reason": "all_pass", "policy": {"pass": 1.0}, "value": 0.48603904247283936}}
{"step": {"step": 54, "player_id": 2, "played": ["♣Q"], "field_after": ["♣Q"], "reset_reason": null, "policy": {"♦6": 0.2930104567584657, "♠10": 0.22591734833298155, "♣Q": 0.24236384184109092, "♥K": 0.23870835306746188}, "value": 0.5539394021034241}}
{"step": {"step": 55, "player_id": 3, "played": null, "field_after": ["♣Q"], "reset_reason": null, "policy": {"pass": 1.0}, "value": 0.46180203557014465}}
{"step": {"step": 56, "player_id": 0, "played": null, "field_after": ["♣Q"], "reset_reason": null, "policy": {"pass": 1.0}, "value": 0.4729960560798645}}
{"step": {"step": 57, "player_id": 1, "played": null, "field_after": [], "reset_reason": "all_pass", "policy": {"pass": 1.0}, "value": 0.46844324469566345}}
{"step": {"step": 58, "player_id": 2, "played": ["♥K"], "field_after": ["♥K"], "reset_reason": null, "policy": {"♦6": 0.378152752508431, "♠10": 0.2999487294666134, "♥K": 0.32189851802495556}, "value": 0.5510686039924622}}
{"step": {"step": 59, "player_id": 3, "played": null, "field_after": ["♥K"], "reset_reason": null, "policy": {"pass": 1.0}, "value": 0.4612068831920624}}
{"step": {"step": 60, "player_id": 0, "played": null, "field_after": ["♥K"], "reset_reason": null, "policy": {"pass": 1.0}, "value": 0.46208977699279785}}
{"step": {"step": 61, "player_id": 1, "played": null, "field_after": [], "reset_reason": "all_pass", "policy": {"pass": 1.0}, "value": 0.4642579257488251}}
{"step": {"step": 62, "player_id": 2, "played": ["♠10"], "field_after": ["♠10"], "reset_reason": null, "policy": {"♦6": 0.5550080565194568, "♠10": 0.44499194348054316}, "value": 0.5453025102615356}}
{"step": {"step": 63, "player_id": 3, "played": ["♦J"], "field_after": ["♦J"], "reset_reason": null, "policy": {"♦J": 0.5279891348555634, "pass": 0.4720108651444366}, "value": 0.4660429060459137}}
{"step": {"step": 64, "player_id": 0, "played": null, "field_after": ["♦J"], "reset_reason": null, "policy": {"pass": 1.0}, "value": 0.47327932715415955}}
{"step": {"step": 65, "player_id": 1, "played": null, "field_after": ["♦J"], "reset_reason": null, "policy": {"pass": 1.0}, "value": 0.47099554538726807}}
{"step": {"step": 66, "player_id": 2, "played": null, "field_after": [], "reset_reason": "all_pass", "policy": {"pass": 1.0}, "value": 0.5474517345428467}}
{"step": {"step": 67, "player_id": 3, "played": ["♥4"], "field_after": ["♥4"], "reset_reason": null, "policy": {"♥4": 0.36771559552008576, "♥6": 0.30773653677817914, "♠8": 0.3245478677017351}, "value": 0.4843653440475464}}
{"step": {"step": 68, "player_id": 0, "played": ["♣10"], "field_after": ["♣10"], "reset_reason": null, "policy": {"♥5": 0.22339260485503254, "♠6": 0.20891068127340948, "♣7": 0.19839826731078158, "♣10": 0.1887565847376664, "pass": 0.1805418618231099}, "value": 0.4601321816444397}}
{"step": {"step": 69, "player_id": 1, "played": null, "field_after": ["♣10"], "reset_reason": null, "policy": {"pass": 1.0}, "value": 0.4737361967563629}}
{"step": {"step": 70, "player_id": 2, "played": null, "field_after": ["♣10"], "reset_reason": null, "policy": {"pass": 1.0}, "value": 0.5319096446037292}}
{"step": {"step": 71, "player_id": 3, "played": null, "field_after": [], "reset_reason": "all_pass", "policy": {"pass": 1.0}, "value": 0.4716832935810089}}
{"step": {"step": 72, "player_id": 0, "played": ["♠4"], "field_after": ["♠4"], "reset_reason": null, "policy": {"♠4": 0.2849912226897883, "♥5": 0.2496310432452957, "♠6": 0.22849129120056041, "♣7": 0.2368864428643556}, "value": 0.4669591784477234}}
{"step": {"step": 73, "player_id": 1, "played": ["♦8"], "field_after": [], "reset_reason": "eight_cut", "policy": {"♣6": 0.32860537393763334, "♦8": 0.3268671888916858, "pass": 0.3445274371706808}, "value": 0.4819193482398987}}
{"step": {"step": 74, "player_id": 1, "played": ["♣6"], "field_after": ["♣6"], "reset_reason": null, "policy": {"♠3": 0.22610698652238734, "♣3": 0.19562098250196028, "♦4": 0.1950560241675443, "♣6": 0.19539607326613226, "♣3|♠3": 0.18781993354197585}, "value": 0.47121715545654297}}
{"step": {"step": 75, "player_id": 2, "played": null, "field_after": ["♣6"], "reset_reason": null, "policy": {"pass": 1.0}, "value": 0.5394704341888428}}
{"step": {"step": 76, "player_id": 3, "played": ["♠8"], "field_after": [], "reset_reason": "eight_cut", "policy": {"♠8": 0.5312311827054477, "pass": 0.46876881729455233}, "value": 0.4650503098964691}}
{"step": {"step": 77, "player_id": 3, "played": ["♥6"], "field_after": ["♥6"], "reset_reason": null, "policy": {"♥6": 1.0}, "value": 0.48289161920547485}}
{"step": {"step": 78, "player_id": 0, "played": ["♣7"], "field_after": ["♣7"], "reset_reason": null, "policy": {"♣7": 0.5252975508922081, "pass": 0.474702449107792}, "value": 0.4511440098285675}}
{"step": {"step": 79, "player_id": 1, "played": null, "field_after": ["♣7"], "reset_reason": null, "policy": {"pass": 1.0}, "value": 0.4723965525627136}}
{"step": {"step": 80, "player_id": 2, "played": null, "field_after": [], "reset_reason": "all_pass", "policy": {"pass": 1.0}, "value": 0.547424852848053}}
{"step": {"step": 81, "player_id": 0, "played": ["♥5"], "field_after": ["♥5"], "reset_reason": null, "policy": {"♥5": 0.5550066472320138, "♠6": 0.4449933527679863}, "value": 0.45384907722473145}}
{"step": {"step": 82, "player_id": 1, "played": null, "field_after": ["♥5"], "reset_reason": null, "policy": {"pass": 1.0}, "value": 0.4685056209564209}}
{"step": {"step": 83, "player_id": 2, "played": ["♦6"], "field_after": ["♦6"], "reset_reason": null, "policy": {"♦6": 0.5384143716801663, "pass": 0.46158562831983374}, "value": 0.5469620227813721}}
{"step": {"step": 84, "player_id": 0, "played": null, "field_after": ["♦6"], "reset_reason": null, "policy": {"pass": 1.0}, "value": 0.46261483430862427}}
{"step": {"step": 85, "player_id": 1, "played": null, "field_after": [], "reset_reason": "all_pass", "policy": {"pass": 1.0}, "value": 0.4802769720554352}}
{"step": {"step": 86, "player_id": 2, "played": null, "field_after": [], "reset_reason": null, "policy": {}, "value": 1.0}}
{"step": {"step": 87, "player_id": 0, "played": ["♠6"], "field_after": ["♠6"], "reset_reason": null, "policy": {"♠6": 1.0}, "value": 0.46011829376220703}}
{"episode_end": {"episode": 23, "ended": true}}
{"episode_summary": {"episode": 24, "seed": 12369, "ended": true, "steps_count": 83, "winner": 1}}
{"initial_hands": [["♦4", "♥9", "♠8", "♦K", "♣3", "♥K", "♥8", "♥6", "♠10", "♣9", "♣Q", "♦8", "♥Q", "♠3"], ["♠J", "♦Q", "♣5", "♦3", "♠K", "♠6", "♠7", "♣4", "♣6", "JOKER(♥10)", "♣K", "♥3", "♥4"], ["♣2", "♠Q", "♠9", "♣7", "♦7", "♣10", "♦5", "♠A", "♥A", "♠5", "♥5", "♦A", "♠2"], ["♥J", "♣8", "♦J", "♦10", "♣J", "♦6", "♦9", "♥7", "♣A", "♠4", "♥10", "♥2", "♦2"]]}
{"step": {"step": 1, "player_id": 1, "played": ["♣4", "♣5", "♣6", "JOKER(♥10)"], "field_after": ["♣4", "♣5", "♣6", "JOKER(♣7)"], "reset_reason": null, "policy": {"♥3": 0.028950362517170248, "♦3": 0.024855870399442887, "♣4": 0.026447438086379324, "♥4": 0.02672421562517493, "♣5": 0.026463503620890023, "♠6": 0.03126958637605985, "♣6": 0.02262506364819278, "♠7": 0.02709865096297915, "♦3|♥3": 0.026237996029444557, "♥3|JOKER(♥10)": 0.02309916884687099, "♦3|JOKER(♥10)": 0.02128908393986759, "♣4|♥4": 0.028689076980879396, "♣4|JOKER(♥10)": 0.02219053324823651, "♥4|JOKER(♥10)": 0.028623152098999606, "♣5|JOKER(♥10)": 0.02567543443676004, "♠6|♣6": 0.022434665570234026, "♠6|JOKER(♥10)": 0.031087362329512685, "♣6|JOKER(♥10)": 0.023048376483018208, "♠7|JOKER(♥10)": 0.021751646368835593, "♠J|JOKER(♥10)": 0.019929601976095713, "♠K|JOKER(♥10)": 0.02972871309192406, "♣K|JOKER(♥10)": 0.019368409236571137, "♦Q|JOKER(♥10)": 0.018504870985865993, "♠K|♣K": 0.028133108884253327, "♦3|♥3|JOKER(♥10)": 0.02606726715713788, "♣4|♥4|JOKER(♥10)": 0.020414734513810023, "♠6|♣6|JOKER(♥10)": 0.027481800474884376, "♥3|♥4|JOKER(♥10)": 0.02245282772032911, "♠J|JOKER(♥10)|♠K": 0.021226456286251926, "♠K|♣K|JOKER(♥10)": 0.026728302788923408, "♣4|♣5|♣6": 0.027264962090680314, "JOKER(♥10)|♣4|♣5": 0.030147679915188613, "♣5|♣6|JOKER(♥10)": 0.025043195641297134, "♠6|♠7|JOKER(♥10)": 0.017227059761600633, "♣4|♣5|♣6|JOKER(♥10)": 0.028330333825762003, "JOKER(♥10)": 0.023736991168324794, "♠J": 0.018398129568423512, "♠K": 0.031660299951002134, "♣K": 0.02634025100086461, "♦Q": 0.023253816391860797}, "value": 0.4775707721710205}}
{"step": {"step": 2, "player_id": 2, "played": null, "field_after": ["♣4", "♣5", "♣6", "JOKER(♣7)"], "reset_reason": null, "policy": {"pass": 1.0}, "value": 0.5527299642562866}}
{"step": {"step": 3, "player_id": 3, "played": null, "field_after": ["♣4", "♣5", "♣6", "JOKER(♣7)"], "reset_reason": null, "policy": {"pass": 1.0}, "value": 0.47975969314575195}}
{"step": {"step": 4, "player_id": 0, "played": null, "field_after": [], "reset_reason": "all_pass", "policy": {"pass": 1.0}, "value": 0.45483553409576416}}
{"step": {"step": 5, "player_id": 1, "played": ["♦3", "♥3"], "field_after": ["♦3", "♥3"], "reset_reason": null, "policy": {"♥3": 0.10533095712943415, "♦3": 0.08619489979710528, "♥4": 0.09314966788845777, "♠6": 0.09009546367582867, "♠7": 0.08656374105963549, "♦3|♥3": 0.10926143153589965, "♠K|♣K": 0.0823759249390857, "♠J": 0.08895447351978428, "♠K": 0.10245351583315106, "♣K": 0.0794816057928886, "♦Q": 0.07613831882872918}, "value": 0.47644656896591187}}
{"step": {"step": 6, "player_id": 2, "played": ["♣2", "♠2"], "field_after": ["♣2", "♠2"], "reset_reason": null, "policy": {"♠5|♥5": 0.12475909294495045, "♦5|♠5": 0.10587449384255407, "♦5|♥5": 0.10826366273957325, "♣7|♦7": 0.10241642938148408, "♣2|♠2": 0.09637826833638097, "♠A|♥A": 0.13673724566726408, "♠A|♦A": 0.09495230615242536, "♥A|♦A": 0.1094163436316894, "pass": 0.12120215730367827}, "value": 0.5543543696403503}}
{"step": {"step": 7, "player_id": 3, "played": null, "field_after": ["♣2", "♠2"], "reset_reason": null, "policy": {"pass": 1.0}, "value": 0.4849163591861725}}
{"step": {"step": 8, "player_id": 0, "played": null, "field_after": ["♣2", "♠2"], "reset_reason": null, "policy": {"pass": 1.0}, "value": 0.45466044545173645}}
{"step": {"step": 9, "player_id": 1, "played": null, "field_after": [], "reset_reason": "all_pass", "policy": {"pass": 1.0}, "value": 0.47672176361083984}}
{"step": {"step": 10, "player_id": 2, "played": ["♦5", "♥5"], "field_after": ["♦5", "♥5"], "reset_reason": null, "policy": {"♠5": 0.05802276234199962, "♥5": 0.050760647560958126, "♦5": 0.04887066191058684, "♣7": 0.048962066730279134, "♦7": 0.04650971253567937, "♠9": 0.06783303053946696, "♣10": 0.044941587541372945, "♠5|♥5": 0.05014331336374872, "♦5|♠5": 0.059933998881177473, "♦5|♥5": 0.04655865503390327, "♣7|♦7": 0.04011308063642464, "♠A|♥A": 0.05166691931926726, "♠A|♦A": 0.04351392950639852, "♥A|♦A": 0.05870003584967072, "♦5|♠5|♥5": 0.05060338883679335, "♠A|♥A|♦A": 0.04576013485071984, "♠A": 0.057749046991304835, "♠Q": 0.04611858727936239, "♥A": 0.043187681482332506, "♦A": 0.04005075880855341}, "value": 0.5483323335647583}}
{"step": {"step": 11, "player_id": 3, "played": ["♥2", "♦2"], "field_after": ["♥2", "♦2"], "reset_reason": null, "policy": {"♦10|♥10": 0.16440719882775873, "♥2|♦2": 0.1508380712372567, "♥J|♣J": 0.16058588542085173, "♦J|♣J": 0.16674383877491045, "♥J|♦J": 0.16685396680831213, "pass": 0.19057103893091032}, "value": 0.4712930917739868}}
{"step": {"step": 12, "player_id": 0, "played": null, "field_after": ["♥2", "♦2"], "reset_reason": null, "policy": {"pass": 1.0}, "value": 0.4461826682090759}}
{"step": {"step": 13, "player_id": 1, "played": null, "field_after": ["♥2", "♦2"], "reset_reason": null, "policy": {"pass": 1.0}, "value": 0.47468024492263794}}
{"step": {"step": 14, "player_id": 2, "played": null, "field_after": [], "reset_reason": "all_pass", "policy": {"pass": 1.0}, "value": 0.5447949767112732}}
{"step": {"step": 15, "player_id": 3, "played": ["♥10"], "field_after": ["♥10"], "reset_reason": null, "policy": {"♠4": 0.06732908801501779, "♦6": 0.05878677004231521, "♥7": 0.056132240313609826, "♣8": 0.05911223773797012, "♦9": 0.05800304877278374, "♥10": 0.07136413369384911, "♦10": 0.049028509172049206, "♦10|♥10": 0.06034110682089824, "♥J|♣J": 0.06389741381036168, "♦J|♣J": 0.05569641893643019, "♥J|♦J": 0.048463927963856325, "♥J|♦J|♣J": 0.05988915572443925, "♦9|♦10|♦J": 0.04863808204423319, "♣A": 0.06624505401467201, "♣J": 0.0571913727970543, "♥J": 0.05059560538573849, "♦J": 0.06928583475472132}, "value": 0.4749503433704376}}
{"step": {"step": 16, "player_id": 0, "played": ["♥K"], "field_after": ["♥K"], "reset_reason": null, "policy": {"♣Q": 0.21057414780858727, "♥K": 0.21343711649697253, "♥Q": 0.20953233895948986, "♦K": 0.1989252380259615, "pass": 0.16753115870898874}, "value": 0.44239091873168945}}
{"step": {"step": 17, "player_id": 1, "played": null, "field_after": ["♥K"], "reset_reason": null, "policy": {"pass": 1.0}, "value": 0.4752857983112335}}
{"step": {"step": 18, "player_id": 2, "played": ["♦A"], "field_after": ["♦A"], "reset_reason": null, "policy": {"♠A": 0.2676953512596549, "♥A": 0.2564491033250157, "♦A": 0.25366697582423053, "pass": 0.2221885695910989}, "value": 0.5329298973083496}}
{"step": {"step": 19, "player_id": 3, "played": null, "field_after": ["♦A"], "reset_reason": null, "policy": {"pass": 1.0}, "value": 0.4735642969608307}}
{"step": {"step": 20, "player_id": 0, "played": null, "field_after": ["♦A"], "reset_reason": null, "policy": {"pass": 1.0}, "value": 0.44332650303840637}}
{"step": {"step": 21, "player_id": 1, "played": null, "field_after": [], "reset_reason": "all_pass", "policy": {"pass": 1.0}, "value": 0.4531729221343994}}
{"step": {"step": 22, "player_id": 2, "played": ["♠5"], "field_after": ["♠5"], "reset_reason": null, "policy": {"♠5": 0.11283748561805375, "♣7": 0.0975430494194005, "♦7": 0.09252003122668893, "♠9": 0.09296585043982701, "♣10": 0.08666900151616287, "♣7|♦7": 0.1313210817153352, "♠A|♥A": 0.0861095151002619, "♠A": 0.09414661691687204, "♠Q": 0.11650806343417108, "♥A": 0.0893793046132269}, "value": 0.5521491765975952}}
{"step": {"step": 23, "player_id": 3, "played": ["♦9"], "field_after": ["♦9"], "reset_reason": null, "policy": {"♦6": 0.10163193448257683, "♥7": 0.0968214266413349, "♣8": 0.0990291476953792, "♦9": 0.09592133772562064, "♦10": 0.1039043193152568, "♣A": 0.1233155481048176, "♣J": 0.07924535205888159, "♥J": 0.10376916217922762, "♦J": 0.10587087571104029, "pass": 0.09049089608586433}, "value": 0.46151402592658997}}
{"step": {"step": 24, "player_id": 0, "played": ["♠10"], "field_after": ["♠10"], "reset_reason": null, "policy": {"♠10": 0.21666720763887087, "♣Q": 0.20521101546452858, "♥Q": 0.20829129786561346, "♦K": 0.19784487662884595, "pass": 0.17198560240214109}, "value": 0.45331722497940063}}
{"step": {"step": 25, "player_id": 1, "played": ["♦Q"], "field_after": ["♦Q"], "reset_reason": null, "policy": {"♠J": 0.20976225183926253, "♠K": 0.18387781727755353, "♣K": 0.21342143408969858, "♦Q": 0.19489021349372804, "pass": 0.1980482832997572}, "value": 0.46685701608657837}}
{"step": {"step": 26, "player_id": 2, "played": ["♠A"], "field_after": ["♠A"], "reset_reason": null, "policy": {"♠A": 0.35281999402917197, "♥A": 0.32305458398782727, "pass": 0.32412542198300076}, "value": 0.5458042025566101}}
{"step": {"step": 27, "player_id": 3, "played": null, "field_after": ["♠A"], "reset_reason": null, "policy": {"pass": 1.0}, "value": 0.4645652770996094}}
{"step": {"step": 28, "player_id": 0, "played": null, "field_after": ["♠A"], "reset_reason": null, "policy": {"pass": 1.0}, "value": 0.44999706745147705}}
{"step": {"step": 29, "player_id": 1, "played": null, "field_after": [], "reset_reason": "all_pass", "policy": {"pass": 1.0}, "value": 0.46280574798583984}}
{"step": {"step": 30, "player_id": 2, "played": ["♠Q"], "field_after": ["♠Q"], "reset_reason": null, "policy": {"♣7": 0.16224310880628942, "♦7": 0.1407383826575059, "♠9": 0.12927093298122821, "♣10": 0.13562859783816478, "♣7|♦7": 0.11939304024057056, "♠Q": 0.18776285247916616, "♥A": 0.12496308499707491}, "value": 0.5571973919868469}}
{"step": {"step": 31, "player_id": 3, "played": ["♣A"], "field_after": ["♣A"], "reset_reason": null, "policy": {"♣A": 0.5531255861805897, "pass": 0.4468744138194103}, "value": 0.47112900018692017}}
{"step": {"step": 32, "player_id": 0, "played": null, "field_after": ["♣A"], "reset_reason": null, "policy": {"pass": 1.0}, "value": 0.4507201015949249}}
{"step": {"step": 33, "player_id": 1, "played": null, "field_after": ["♣A"], "reset_reason": null, "policy": {"pass": 1.0}, "value": 0.4626227021217346}}
{"step": {"step": 34, "player_id": 2, "played": null, "field_after": [], "reset_reason": "all_pass", "policy": {"pass": 1.0}, "value": 0.5572311282157898}}
{"step": {"step": 35, "player_id": 3, "played": ["♦10"], "field_after": ["♦10"], "reset_reason": null, "policy": {"♠4": 0.09393542816397565, "♦6": 0.08059672585628845, "♥7": 0.07677363205650137, "♣8": 0.08078461002103259, "♦10": 0.08079524043844258, "♥J|♣J": 0.10522117479686834, "♦J|♣J": 0.07006774753644651, "♥J|♦J": 0.08036727684333535, "♥J|♦J|♣J": 0.09602613098318533, "♣J": 0.0770945712226758, "♥J": 0.06998583328370112, "♦J": 0.08835162879754686}, "value": 0.46910515427589417}}
{"step": {"step": 36, "player_id": 0, "played": ["♥Q"], "field_after": ["♥Q"], "reset_reason": null, "policy": {"♣Q": 0.25144606912992223, "♥Q": 0.2518379037421369, "♦K": 0.25815628821811004, "pass": 0.23855973890983076}, "value": 0.441859632730484}}
{"step": {"step": 37, "player_id": 1, "played": ["♠K"], "field_after": ["♠K"], "reset_reason": null, "policy": {"♠K": 0.364789767654006, "♣K": 0.283885033461538, "pass": 0.35132519888445607}, "value": 0.4601361155509949}}
{"step": {"step": 38, "player_id": 2, "played": ["♥A"], "field_after": ["♥A"], "reset_reason": null, "policy": {"♥A": 0.5228857860457666, "pass": 0.4771142139542333}, "value": 0.5419409871101379}}
{"step": {"step": 39, "player_id": 3, "played": null, "field_after": ["♥A"], "reset_reason": null, "policy": {"pass": 1.0}, "value": 0.46401721239089966}}
{"step": {"step": 40, "player_id": 0, "played": null, "field_after": ["♥A"], "reset_reason": null, "policy": {"pass": 1.0}, "value": 0.4478699266910553}}
{"step": {"step": 41, "player_id": 1, "played": null, "field_after": [], "reset_reason": "all_pass", "policy": {"pass": 1.0}, "value": 0.47362852096557617}}
{"step": {"step": 42, "player_id": 2, "played": ["♠9"], "field_after": ["♠9"], "reset_reason": null, "policy": {"♣7": 0.23803639231163504, "♦7": 0.19591786802469957, "♠9": 0.18674758576840972, "♣10": 0.19643623236813335, "♣7|♦7": 0.18286192152712238}, "value": 0.5504299998283386}}
{"step": {"step": 43, "player_id": 3, "played": ["♦J"], "field_after": ["♦J"], "reset_reason": null, "policy": {"♣J": 0.26910769188880834, "♥J": 0.23508862266447553, "♦J": 0.2586434431767833, "pass": 0.23716024226993296}, "value": 0.468850314617157}}
{"step": {"step": 44, "player_id": 0, "played": ["♣Q"], "field_after": ["♣Q"], "reset_reason": null, "policy": {"♣Q": 0.3485855341398001, "♦K": 0.32403278519494516, "pass": 0.32738168066525464}, "value": 0.45973047614097595}}
{"step": {"step": 45, "player_id": 1, "played": ["♣K"], "field_after": ["♣K"], "reset_reason": null, "policy": {"♣K": 0.5396164238406699, "pass": 0.4603835761593301}, "value": 0.4632367491722107}}
{"step": {"step": 46, "player_id": 2, "played": null, "field_after": ["♣K"], "reset_reason": null, "policy": {"pass": 1.0}, "value": 0.5505880117416382}}
{"step": {"step": 47, "player_id": 3, "played": null, "field_after": ["♣K"], "reset_reason": null, "policy": {"pass": 1.0}, "value": 0.4535957872867584}}
{"step": {"step": 48, "player_id": 0, "played": null, "field_after": [], "reset_reason": "all_pass", "policy": {"pass": 1.0}, "value": 0.4507676661014557}}
{"step": {"step": 49, "player_id": 1, "played": ["♥4"], "field_after": ["♥4"], "reset_reason": null, "policy": {"♥4": 0.2835164916285182, "♠6": 0.23142129905540032, "♠7": 0.24730099285241094, "♠J": 0.2377612164636705}, "value": 0.47600847482681274}}
{"step": {"step": 50, "player_id": 2, "played": ["♣10"], "field_after": ["♣10"], "reset_reason": null, "policy": {"♣7": 0.2711741466554088, "♦7": 0.2541149756554004, "♣10": 0.23276498941985604, "pass": 0.24194588826933477}, "value": 0.5457486510276794}}
{"step": {"step": 51, "player_id": 3, "played": ["♣J"], "field_after": ["♣J"], "reset_reason": null, "policy": {"♣J": 0.3391540183858682, "♥J": 0.3215973734385213, "pass": 0.3392486081756104}, "value": 0.4581466317176819}}
{"step": {"step": 52, "player_id": 0, "played": ["♦K"], "field_after": ["♦K"], "reset_reason": null, "policy": {"♦K": 0.5297827861679657, "pass": 0.4702172138320343}, "value": 0.4518986940383911}}
{"step": {"step": 53, "player_id": 1, "played": null, "field_after": ["♦K"], "reset_reason": null, "policy": {"pass": 1.0}, "value": 0.46978527307510376}}
{"step": {"step": 54, "player_id": 2, "played": null, "field_after": ["♦K"], "reset_reason": null, "policy": {"pass": 1.0}, "value": 0.5442963242530823}}
{"step": {"step": 55, "player_id": 3, "played": null, "field_after": [], "reset_reason": "all_pass", "policy": {"pass": 1.0}, "value": 0.4747050702571869}}
{"step": {"step": 56, "player_id": 0, "played": ["♠8", "♥8"], "field_after": [], "reset_reason": "eight_cut", "policy": {"♠3": 0.07530633497037341, "♣3": 0.06292235419785361, "♦4": 0.06918143810001583, "♥6": 0.06729048653619601, "♠8": 0.06124933891409825, "♥8": 0.08583251153247447, "♦8": 0.06129945995411158, "♣9": 0.06589419750137143, "♥9": 0.0716286209284021, "♣3|♠3": 0.06037775728759754, "♠8|♥8": 0.05277037514641149, "♠8|♦8": 0.07000209334596158, "♥8|♦8": 0.05960401328822539, "♥9|♣9": 0.07751716266843656, "♠8|♥8|♦8": 0.05912385562847077}, "value": 0.46664103865623474}}
{"step": {"step": 57, "player_id": 0, "played": ["♦4"], "field_after": ["♦4"], "reset_reason": null, "policy": {"♠3": 0.12403884546105921, "♣3": 0.10380752733448564, "♦4": 0.11235107929365797, "♥6": 0.10657083348278992, "♦8": 0.10042246827050985, "♣9": 0.1353878420830444, "♥9": 0.09587547454257689, "♣3|♠3": 0.10738709474900386, "♥9|♣9": 0.11415883478287246}, "value": 0.4531421959400177}}
{"step": {"step": 58, "player_id": 1, "played": ["♠7"], "field_after": ["♠7"], "reset_reason": null, "policy": {"♠6": 0.28030962579642393, "♠7": 0.2254619006165399, "♠J": 0.252353003901245, "pass": 0.24187546968579118}, "value": 0.47115659713745117}}
{"step": {"step": 59, "player_id": 2, "played": null, "field_after": ["♠7"], "reset_reason": null, "policy": {"pass": 1.0}, "value": 0.5481435656547546}}
{"step": {"step": 60, "player_id": 3, "played": ["♥J"], "field_after": ["♥J"], "reset_reason": null, "policy": {"♣8": 0.32625256653791734, "♥J": 0.34526413949876217, "pass": 0.32848329396332043}, "value": 0.4612051248550415}}
{"step": {"step": 61, "player_id": 0, "played": null, "field_after": ["♥J"], "reset_reason": null, "policy": {"pass": 1.0}, "value": 0.4454996585845947}}
{"step": {"step": 62, "player_id": 1, "played": null, "field_after": ["♥J"], "reset_reason": null, "policy": {"pass": 1.0}, "value": 0.45157143473625183}}
{"step": {"step": 63, "player_id": 2, "played": null, "field_after": [], "reset_reason": "all_pass", "policy": {"pass": 1.0}, "value": 0.5419186353683472}}
{"step": {"step": 64, "player_id": 3, "played": ["♣8"], "field_after": [], "reset_reason": "eight_cut", "policy": {"♠4": 0.2770469515594015, "♦6": 0.23999908897012392, "♥7": 0.2379711522224041, "♣8": 0.24498280724807042}, "value": 0.47002798318862915}}
{"step": {"step": 65, "player_id": 3, "played": ["♠4"], "field_after": ["♠4"], "reset_reason": null, "policy": {"♠4": 0.37197178892912014, "♦6": 0.30998824174210315, "♥7": 0.3180399693287767}, "value": 0.4671194553375244}}
{"step": {"step": 66, "player_id": 0, "played": ["♥9"], "field_after": ["♥9"], "reset_reason": null, "policy": {"♥6": 0.1983323369428101, "♦8": 0.2025324056222772, "♣9": 0.2160665078348432, "♥9": 0.19148641440677483, "pass": 0.1915823351932947}, "value": 0.43943488597869873}}
{"step": {"step": 67, "player_id": 1, "played": ["♠J"], "field_after": ["♠J"], "reset_reason": null, "policy": {"♠J": 0.5435918489906568, "pass": 0.4564081510093433}, "value": 0.46517089009284973}}
{"step": {"step": 68, "player_id": 2, "played": null, "field_after": ["♠J"], "reset_reason": null, "policy": {"pass": 1.0}, "value": 0.5496347546577454}}
{"step": {"step": 69, "player_id": 3, "played": null, "field_after": ["♠J"], "reset_reason": null, "policy": {"pass": 1.0}, "value": 0.4724845588207245}}
{"step": {"step": 70, "player_id": 0, "played": null, "field_after": [], "reset_reason": "all_pass", "policy": {"pass": 1.0}, "value": 0.45005887746810913}}
{"step": {"step": 71, "player_id": 1, "played": ["♠6"], "field_after": ["♠6"], "reset_reason": null, "policy": {"♠6": 1.0}, "value": 0.478573203086853}}
{"step": {"step": 72, "player_id": 2, "played": ["♦7"], "field_after": ["♦7"], "reset_reason": null, "policy": {"♣7": 0.35978966125602835, "♦7": 0.32201032181752814, "pass": 0.3182000169264435}, "value": 0.5554071068763733}}
{"step": {"step": 73, "player_id": 3, "played": null, "field_after": ["♦7"], "reset_reason": null, "policy": {"pass": 1.0}, "value": 0.46085286140441895}}
{"step": {"step": 74, "player_id": 0, "played": ["♦8"], "field_after": [], "reset_reason": "eight_cut", "policy": {"♦8": 0.34319708299652957, "♣9": 0.3125244229399665, "pass": 0.34427849406350386}, "value": 0.4615362584590912}}
{"step": {"step": 75, "player_id": 0, "played": ["♠3"], "field_after": ["♠3"], "reset_reason": null, "policy": {"♠3": 0.22713617087475751, "♣3": 0.19183211541966433, "♥6": 0.20715243955537296, "♣9": 0.1923696753436402, "♣3|♠3": 0.18150959880656511}, "value": 0.4517202079296112}}
{"step": {"step": 76, "player_id": 2, "played": ["♣7"], "field_after": ["♣7"], "reset_reason": null, "policy": {"♣7": 0.5343625051326051, "pass": 0.465637494867395}, "value": 0.5422282218933105}}
{"step": {"step": 77, "player_id": 3, "played": null, "field_after": ["♣7"], "reset_reason": null, "policy": {"pass": 1.0}, "value": 0.4633530378341675}}
{"step": {"step": 78, "player_id": 0, "played": ["♣9"], "field_after": ["♣9"], "reset_reason": null, "policy": {"♣9": 0.5152977507516295, "pass": 0.48470224924837046}, "value": 0.4621375501155853}}
{"step": {"step": 79, "player_id": 3, "played": null, "field_after": [], "reset_reason": "all_pass", "policy": {"pass": 1.0}, "value": 0.465839684009552}}
{"step": {"step": 80, "player_id": 0, "played": ["♥6"], "field_after": ["♥6"], "reset_reason": null, "policy": {"♣3": 0.5470590059568388, "♥6": 0.4529409940431612}, "value": 0.4502561092376709}}
{"step": {"step": 81, "player_id": 3, "played": ["♥7"], "field_after": ["♥7"], "reset_reason": null, "policy": {"♥7": 0.5152522971742687, "pass": 0.4847477028257313}, "value": 0.47857773303985596}}
{"step": {"step": 82, "player_id": 0, "played": null, "field_after": [], "reset_reason": "all_pass", "policy": {"pass": 1.0}, "value": 0.44821035861968994}}
{"step": {"step": 83, "player_id": 3, "played": ["♦6"], "field_after": ["♦6"], "reset_reason": null, "policy": {"♦6": 1.0}, "value": 0.47689545154571533}}
{"episode_end": {"episode": 24, "ended": true}}
{"episode_summary": {"episode": 25, "seed": 12370, "ended": true, "steps_count": 87, "winner": 2}}
{"initial_hands": [["♥9", "♦10", "♠10", "♠8", "♦7", "♠5", "♦Q", "♦4", "♣5", "♥3", "♣9", "♦3", "♦5", "♠6"], ["♦9", "♦8", "♦6", "JOKER(♣7)", "♦A", "♥2", "♥7", "♥6", "♣10", "♠K", "♥J", "♠2", "♥K"], ["♣7", "♣8", "♦K", "♣J", "♣6", "♣2", "♥A", "♠A", "♠7", "♥5", "♦2", "♣Q", "♣A"], ["♥4", "♠3", "♠9", "♣K", "♠4", "♥10", "♣3", "♥8", "♠Q", "♠J", "♦J", "♥Q", "♣4"]]}
{"step": {"step": 1, "player_id": 0, "played": ["♠8"], "field_after": [], "reset_reason": "eight_cut", "policy": {"♥3": 0.05190404594316777, "♦3": 0.04394389974049412, "♦4": 0.04519179449929024, "♠5": 0.04909976042276753, "♣5": 0.04587707247955195, "♦5": 0.05964999659761129, "♠6": 0.04269436543820847, "♦7": 0.04902071918835928, "♠8": 0.050903482232566306, "♣9": 0.04168981998643289, "♥9": 0.03831417440407681, "♠10": 0.04463905481118666, "♦10": 0.041144666862610785, "♥3|♦3": 0.05314396326981187, "♠5|♣5": 0.046348353987279, "♠5|♦5": 0.03665795793244131, "♣5|♦5": 0.056279416765060555, "♥9|♣9": 0.04105450411378944, "♦10|♠10": 0.03582654654941065, "♠5|♣5|♦5": 0.038738617507980744, "♦3|♦4|♦5": 0.05440466246295641, "♦Q": 0.03347312480494574}, "value": 0.4635906517505646}}
{"step": {"step": 2, "player_id": 0, "played": ["♦5"], "field_after": ["♦5"], "reset_reason": null, "policy": {"♥3": 0.05471596262012461, "♦3": 0.04424881834924376, "♦4": 0.04614413479556053, "♠5": 0.04999668685094543, "♣5": 0.04675055250835609, "♦5": 0.06309432850589478, "♠6": 0.0432415197517292, "♦7": 0.050616787308662904, "♣9": 0.052990771088345025, "♥9": 0.04333687496028253, "♠10": 0.03894095104113695, "♦10": 0.0474435446102763, "♥3|♦3": 0.042377013448041484, "♠5|♣5": 0.055104272354235005, "♠5|♦5": 0.0487221352231405, "♣5|♦5": 0.03826527353959812, "♥9|♣9": 0.059196973959642255, "♦10|♠10": 0.04272916911730428, "♠5|♣5|♦5": 0.037662055958483896, "♦3|♦4|♦5": 0.03978642272767848, "♦Q": 0.05463575128131788}, "value": 0.46279770135879517}}
{"step": {"step": 3, "player_id": 1, "played": ["♣10"], "field_after": ["♣10"], "reset_reason": null, "policy": {"♥6": 0.08462400175247702, "♦6": 0.07233524642575927, "♥7": 0.08668688274273079, "♦8": 0.07985932613326747, "♦9": 0.07952210576283618, "♣10": 0.09038874575839202, "♠2": 0.0719503963353423, "♥2": 0.0742413200679842, "♠K": 0.07635762566274752, "♥J": 0.06860200781080698, "♥K": 0.06807243436530493, "♦A": 0.08450828746845153, "pass": 0.06285161971389992}, "value": 0.49562016129493713}}
{"step": {"step": 4, "player_id": 2, "played": ["♦K"], "field_after": ["♦K"], "reset_reason": null, "policy": {"♣2": 0.11581903630883074, "♦2": 0.1160012796245307, "♠A": 0.11096636323035966, "♣A": 0.10903386580646053, "♣J": 0.09975396198512888, "♣Q": 0.12575470704478653, "♥A": 0.09005452670260672, "♦K": 0.10484245036799326, "pass": 0.12777380892930304}, "value": 0.5437893271446228}}
{"step": {"step": 5, "player_id": 3, "played": null, "field_after": ["♦K"], "reset_reason": null, "policy": {"pass": 1.0}, "value": 0.46128222346305847}}
{"step": {"step": 6, "player_id": 0, "played": null, "field_after": ["♦K"], "reset_reason": null, "policy": {"pass": 1.0}, "value": 0.46503642201423645}}
{"step": {"step": 7, "player_id": 1, "played": ["♦A"], "field_after": ["♦A"], "reset_reason": null, "policy": {"♠2": 0.2567631830394108, "♥2": 0.245078638211039, "♦A": 0.2596702229620831, "pass": 0.2384879557874671}, "value": 0.47464919090270996}}
{"step": {"step": 8, "player_id": 2, "played": ["♣2"], "field_after": ["♣2"], "reset_reason": null, "policy": {"♣2": 0.34898485120259176, "♦2": 0.3357382124640215, "pass": 0.31527693633338677}, "value": 0.5517370104789734}}
{"step": {"step": 9, "player_id": 3, "played": null, "field_after": ["♣2"], "reset_reason": null, "policy": {"pass": 1.0}, "value": 0.46870267391204834}}
{"step": {"step": 10, "player_id": 0, "played": null, "field_after": ["♣2"], "reset_reason": null, "policy": {"pass": 1.0}, "value": 0.4757668077945709}}
{"step": {"step": 11, "player_id": 1, "played": null, "field_after": [], "reset_reason": "all_pass", "policy": {"pass": 1.0}, "value": 0.4961415231227875}}
{"step": {"step": 12, "player_id": 2, "played": ["♣6"], "field_after": ["♣6"], "reset_reason": null, "policy": {"♥5": 0.06971319497883151, "♣6": 0.05788594264036084, "♠7": 0.052049499789374454, "♣7": 0.057180465786974034, "♣8": 0.05234167715912268, "♦2": 0.07180873426406535, "♣7|♠7": 0.05111527873233401, "♠A|♣A": 0.05691891849872536, "♥A|♠A": 0.07392505772645039, "♥A|♣A": 0.05420405781404004, "♥A|♠A|♣A": 0.04937114051277531, "♣6|♣7|♣8": 0.05667710459969142, "♠A": 0.050988419157578915, "♣A": 0.06640549359280673, "♣J": 0.060949546033627594, "♣Q": 0.050381963395263095, "♥A": 0.06808350531797845}, "value": 0.560889720916748}}
{"step": {"step": 13, "player_id": 3, "played": ["♠9"], "field_after": ["♠9"], "reset_reason": null, "policy": {"♥8": 0.1187753649380478, "♠9": 0.10564670521366887, "♥10": 0.1146393280638016, "♠J": 0.11066752402503309, "♠Q": 0.10189359412311969, "♣K": 0.12483013270812818, "♥Q": 0.09636597706102713, "♦J": 0.11892018066425432, "pass": 0.10826119320291938}, "value": 0.45431527495384216}}
{"step": {"step": 14, "player_id": 0, "played": ["♠10"], "field_after": ["♠10"], "reset_reason": null, "policy": {"♠10": 0.2681849160517271, "♦10": 0.2346657942100819, "♦Q": 0.2458965211038689, "pass": 0.2512527686343221}, "value": 0.4697772264480591}}
{"step": {"step": 15, "player_id": 1, "played": ["♥2"], "field_after": ["♥2"], "reset_reason": null, "policy": {"♠2": 0.16529410792586438, "♥2": 0.155326751574601, "♠K": 0.1776410648572953, "♥J": 0.15789605532733095, "♥K": 0.1604646419066881, "pass": 0.18337737840822027}, "value": 0.49073371291160583}}
{"step": {"step": 16, "player_id": 2, "played": null, "field_after": ["♥2"], "reset_reason": null, "policy": {"pass": 1.0}, "value": 0.547816812992096}}
{"step": {"step": 17, "player_id": 3, "played": null, "field_after": ["♥2"], "reset_reason": null, "policy": {"pass": 1.0}, "value": 0.4755110442638397}}
{"step": {"step": 18, "player_id": 0, "played": null, "field_after": [], "reset_reason": "all_pass", "policy": {"pass": 1.0}, "value": 0.4747318625450134}}
{"step": {"step": 19, "player_id": 1, "played": ["♠K", "♥K", "JOKER(♣7)"], "field_after": ["♠K", "♥K", "JOKER"], "reset_reason": null, "policy": {"♥6": 0.04363055589742944, "♦6": 0.03769285336211003, "♥7": 0.039543339155961754, "♦8": 0.03798970735869246, "♦9": 0.036597468079355155, "♠2": 0.044827309313974974, "♦6|♥6": 0.030995863453043126, "♥6|JOKER(♣7)": 0.034246382363726804, "♦6|JOKER(♣7)": 0.040453449220859666, "♥7|JOKER(♣7)": 0.03259162742452868, "♦8|JOKER(♣7)": 0.03241353144891195, "♦9|JOKER(♣7)": 0.038998795080639435, "♠2|JOKER(♣7)": 0.031214934289247234, "♠K|JOKER(♣7)": 0.04148497772539999, "♥J|JOKER(♣7)": 0.035542566104946, "♥K|JOKER(♣7)": 0.030571533261707425, "♠K|♥K": 0.0438288321225647, "♦6|♥6|JOKER(♣7)": 0.032208218115135655, "♠K|♥K|JOKER(♣7)": 0.0312714364663181, "♥J|JOKER(♣7)|♥K": 0.029349144984729552, "♥6|♥7|JOKER(♣7)": 0.04005756659107446, "♦6|JOKER(♣7)|♦8": 0.02798646807591868, "♦8|♦9|JOKER(♣7)": 0.02601547756403719, "♦6|JOKER(♣7)|♦8|♦9": 0.040828438132534124, "JOKER(♣7)": 0.03731001273952421, "♠K": 0.029276429209920227, "♥J": 0.04045860020214704, "♥K": 0.03261448225556202}, "value": 0.48943132162094116}}
{"step": {"step": 20, "player_id": 2, "played": ["♥A", "♠A", "♣A"], "field_after": ["♥A", "♠A", "♣A"], "reset_reason": null, "policy": {"♥A|♠A|♣A": 0.503785999775493, "pass": 0.496214000224507}, "value": 0.5508078336715698}}
{"step": {"step": 21, "player_id": 3, "played": null, "field_after": ["♥A", "♠A", "♣A"], "reset_reason": null, "policy": {"pass": 1.0}, "value": 0.47204336524009705}}
{"step": {"step": 22, "player_id": 0, "played": null, "field_after": ["♥A", "♠A", "♣A"], "reset_reason": null, "policy": {"pass": 1.0}, "value": 0.47084856033325195}}
{"step": {"step": 23, "player_id": 1, "played": null, "field_after": [], "reset_reason": "all_pass", "policy": {"pass": 1.0}, "value": 0.47218093276023865}}
{"step": {"step": 24, "player_id": 2, "played": ["♦2"], "field_after": ["♦2"], "reset_reason": null, "policy": {"♥5": 0.14819928456379, "♠7": 0.11762234061920421, "♣7": 0.10796005519761577, "♣8": 0.1212849663031162, "♦2": 0.11682278096638596, "♣7|♠7": 0.15610900353529442, "♣J": 0.10759286420541612, "♣Q": 0.12440870460917725}, "value": 0.5544561743736267}}
{"step": {"step": 25, "player_id": 3, "played": null, "field_after": ["♦2"], "reset_reason": null, "policy": {"pass": 1.0}, "value": 0.4771770238876343}}
{"step": {"step": 26, "player_id": 0, "played": null, "field_after": ["♦2"], "reset_reason": null, "policy": {"pass": 1.0}, "value": 0.47447994351387024}}
{"step": {"step": 27, "player_id": 1, "played": null, "field_after": [], "reset_reason": "all_pass", "policy": {"pass": 1.0}, "value": 0.4681437611579895}}
{"step": {"step": 28, "player_id": 2, "played": ["♣8"], "field_after": [], "reset_reason": "eight_cut", "policy": {"♥5": 0.16771828439753197, "♠7": 0.13433127057055597, "♣7": 0.12636451526680248, "♣8": 0.13859784292575494, "♣7|♠7": 0.13229908271670218, "♣J": 0.17848166820612985, "♣Q": 0.12220733591652244}, "value": 0.5510408878326416}}
{"step": {"step": 29, "player_id": 2, "played": ["♥5"], "field_after": ["♥5"], "reset_reason": null, "policy": {"♥5": 0.19282191629329903, "♠7": 0.15263435877224518, "♣7": 0.145191629656507, "♣7|♠7": 0.15653448699781286, "♣J": 0.14926349928547833, "♣Q": 0.20355410899465756}, "value": 0.5476775765419006}}
{"step": {"step": 30, "player_id": 3, "played": ["♦J"], "field_after": ["♦J"], "reset_reason": null, "policy": {"♥8": 0.13020320020568465, "♥10": 0.11006526216918366, "♠J": 0.13044399701511913, "♠Q": 0.12599584124564947, "♣K": 0.1233296475291304, "♥Q": 0.1342144621487988, "♦J": 0.10876885157934155, "pass": 0.1369787381070923}, "value": 0.45384231209754944}}
{"step": {"step": 31, "player_id": 0, "played": ["♦Q"], "field_after": ["♦Q"], "reset_reason": null, "policy": {"♦Q": 0.527447241990156, "pass": 0.4725527580098439}, "value": 0.47509855031967163}}
{"step": {"step": 32, "player_id": 1, "played": ["♠2"], "field_after": ["♠2"], "reset_reason": null, "policy": {"♠2": 0.5276469976154994, "pass": 0.4723530023845006}, "value": 0.4903843104839325}}
{"step": {"step": 33, "player_id": 2, "played": null, "field_after": ["♠2"], "reset_reason": null, "policy": {"pass": 1.0}, "value": 0.5553961992263794}}
{"step": {"step": 34, "player_id": 3, "played": null, "field_after": ["♠2"], "reset_reason": null, "policy": {"pass": 1.0}, "value": 0.484706848859787}}
{"step": {"step": 35, "player_id": 0, "played": null, "field_after": [], "reset_reason": "all_pass", "policy": {"pass": 1.0}, "value": 0.46810242533683777}}
{"step": {"step": 36, "player_id": 1, "played": ["♥6"], "field_after": ["♥6"], "reset_reason": null, "policy": {"♥6": 0.16050242599324396, "♦6": 0.1373957138235453, "♥7": 0.14742083677187043, "♦8": 0.1391772400579987, "♦9": 0.1300193423428801, "♦6|♥6": 0.16735597516127024, "♥J": 0.11812846584919129}, "value": 0.49485909938812256}}
{"step": {"step": 37, "player_id": 2, "played": ["♠7"], "field_after": ["♠7"], "reset_reason": null, "policy": {"♠7": 0.22329081159568936, "♣7": 0.19133456937870164, "♣J": 0.19720720049188367, "♣Q": 0.19828356707335937, "pass": 0.1898838514603659}, "value": 0.5465263724327087}}
{"step": {"step": 38, "player_id": 3, "played": ["♥8"], "field_after": [], "reset_reason": "eight_cut", "policy": {"♥8": 0.15493762604274222, "♥10": 0.1405952279262193, "♠J": 0.14285152227692008, "♠Q": 0.14604159165272063, "♣K": 0.13718446332166534, "♥Q": 0.15585608620433877, "pass": 0.12253348257539355}, "value": 0.46081647276878357}}
{"step": {"step": 39, "player_id": 3, "played": ["♣4"], "field_after": ["♣4"], "reset_reason": null, "policy": {"♠3": 0.07244902789551058, "♣3": 0.06213341687357009, "♠4": 0.06267300567845625, "♣4": 0.06369804066812731, "♥4": 0.0638506181058005, "♥10": 0.07718939728042237, "♠3|♣3": 0.053228880424310995, "♠4|♣4": 0.06926086001828015, "♥4|♠4": 0.06592710696841028, "♥4|♣4": 0.057946030757267834, "♠Q|♥Q": 0.049489067217221544, "♥4|♠4|♣4": 0.06458379651319805, "♠J": 0.05535787230740652, "♠Q": 0.07164585201414218, "♣K": 0.05789083255196133, "♥Q": 0.05267619472591409}, "value": 0.4829365611076355}}
{"step": {"step": 40, "player_id": 0, "played": ["♥9"], "field_after": ["♥9"], "reset_reason": null, "policy": {"♠5": 0.12898037835415166, "♣5": 0.12359489169810281, "♠6": 0.12248147792054619, "♦7": 0.12112463719037432, "♣9": 0.11894168362156846, "♥9": 0.16386421513156732, "♦10": 0.09804420974908472, "pass": 0.12296850633460452}, "value": 0.45806917548179626}}
{"step": {"step": 41, "player_id": 1, "played": ["♥J"], "field_after": ["♥J"], "reset_reason": null, "policy": {"♥J": 0.5295735184112835, "pass": 0.4704264815887165}, "value": 0.47358933091163635}}
{"step": {"step": 42, "player_id": 2, "played": ["♣Q"], "field_after": ["♣Q"], "reset_reason": null, "policy": {"♣Q": 0.5328548676125258, "pass": 0.4671451323874742}, "value": 0.5431522727012634}}
{"step": {"step": 43, "player_id": 3, "played": ["♣K"], "field_after": ["♣K"], "reset_reason": null, "policy": {"♣K": 0.5253462449117655, "pass": 0.4746537550882346}, "value": 0.4857691824436188}}
{"step": {"step": 44, "player_id": 0, "played": null, "field_after": ["♣K"], "reset_reason": null, "policy": {"pass": 1.0}, "value": 0.4481070637702942}}
{"step": {"step": 45, "player_id": 1, "played": null, "field_after": ["♣K"], "reset_reason": null, "policy": {"pass": 1.0}, "value": 0.4910261929035187}}
{"step": {"step": 46, "player_id": 2, "played": null, "field_after": [], "reset_reason": "all_pass", "policy": {"pass": 1.0}, "value": 0.5451334714889526}}
{"step": {"step": 47, "player_id": 3, "played": ["♥Q"], "field_after": ["♥Q"], "reset_reason": null, "policy": {"♠3": 0.1030054546613189, "♣3": 0.08855795053375876, "♠4": 0.087516555664793, "♥4": 0.09170631365391708, "♥10": 0.09147798634519047, "♠3|♣3": 0.1154895553890045, "♥4|♠4": 0.07331674766377197, "♠Q|♥Q": 0.09729629331687063, "♠J": 0.09496232209485002, "♠Q": 0.08394507530720693, "♥Q": 0.07272574536931783}, "value": 0.49069708585739136}}
{"step": {"step": 48, "player_id": 0, "played": null, "field_after": ["♥Q"], "reset_reason": null, "policy": {"pass": 1.0}, "value": 0.460491418838501}}
{"step": {"step": 49, "player_id": 1, "played": null, "field_after": ["♥Q"], "reset_reason": null, "policy": {"pass": 1.0}, "value": 0.48690298199653625}}
{"step": {"step": 50, "player_id": 2, "played": null, "field_after": [], "reset_reason": "all_pass", "policy": {"pass": 1.0}, "value": 0.5536330342292786}}
{"step": {"step": 51, "player_id": 3, "played": ["♠3"], "field_after": ["♠3"], "reset_reason": null, "policy": {"♠3": 0.12113303799034289, "♣3": 0.10776433212001253, "♠4": 0.10509767448076643, "♥4": 0.10807038596595972, "♥10": 0.10723414321781441, "♠3|♣3": 0.1366976561357593, "♥4|♠4": 0.08533492409446658, "♠J": 0.11499248327345113, "♠Q": 0.11367536272142716}, "value": 0.490164577960968}}
{"step": {"step": 52, "player_id": 0, "played": ["♣9"], "field_after": ["♣9"], "reset_reason": null, "policy": {"♦4": 0.12993213172659415, "♠5": 0.12001131174304322, "♣5": 0.11953423618601886, "♠6": 0.12815373604694644, "♦7": 0.1230289605054022, "♣9": 0.1492649875809168, "♦10": 0.10518334269589594, "pass": 0.12489129351518242}, "value": 0.4538528323173523}}
{"step": {"step": 53, "player_id": 1, "played": null, "field_after": ["♣9"], "reset_reason": null, "policy": {"pass": 1.0}, "value": 0.4792163670063019}}
{"step": {"step": 54, "player_id": 2, "played": ["♣J"], "field_after": ["♣J"], "reset_reason": null, "policy": {"♣J": 0.5262697439823961, "pass": 0.47373025601760393}, "value": 0.5672440528869629}}
{"step": {"step": 55, "player_id": 3, "played": ["♠Q"], "field_after": ["♠Q"], "reset_reason": null, "policy": {"♠Q": 0.5391180931589625, "pass": 0.46088190684103747}, "value": 0.4875471293926239}}
{"step": {"step": 56, "player_id": 0, "played": null, "field_after": ["♠Q"], "reset_reason": null, "policy": {"pass": 1.0}, "value": 0.46129322052001953}}
{"step": {"step": 57, "player_id": 1, "played": null, "field_after": ["♠Q"], "reset_reason": null, "policy": {"pass": 1.0}, "value": 0.4952946901321411}}
{"step": {"step": 58, "player_id": 2, "played": null, "field_after": [], "reset_reason": "all_pass", "policy": {"pass": 1.0}, "value": 0.5457577109336853}}
{"step": {"step": 59, "player_id": 3, "played": ["♥10"], "field_after": ["♥10"], "reset_reason": null, "policy": {"♣3": 0.1825489977447853, "♠4": 0.15284682904886443, "♥4": 0.1530371065189437, "♥10": 0.1533482330707904, "♥4|♠4": 0.16017781158345584, "♠J": 0.19804102203316032}, "value": 0.4895974397659302}}
{"step": {"step": 60, "player_id": 0, "played": null, "field_after": ["♥10"], "reset_reason": null, "policy": {"pass": 1.0}, "value": 0.4589008390903473}}
{"step": {"step": 61, "player_id": 1, "played": null, "field_after": ["♥10"], "reset_reason": null, "policy": {"pass": 1.0}, "value": 0.4949381649494171}}
{"step": {"step": 62, "player_id": 2, "played": null, "field_after": [], "reset_reason": "all_pass", "policy": {"pass": 1.0}, "value": 0.5315702557563782}}
{"step": {"step": 63, "player_id": 3, "played": ["♠4"], "field_after": ["♠4"], "reset_reason": null, "policy": {"♣3": 0.22412378335776917, "♠4": 0.18814938621970034, "♥4": 0.19477598630692908, "♥4|♠4": 0.19105832918153018, "♠J": 0.20189251493407115}, "value": 0.48372822999954224}}
{"step": {"step": 64, "player_id": 0, "played": ["♦10"], "field_after": ["♦10"], "reset_reason": null, "policy": {"♠5": 0.1575333953338919, "♣5": 0.15907023957718414, "♠6": 0.15401612435159426, "♦7": 0.16320458760507064, "♦10": 0.1608761333488669, "pass": 0.20529951978339223}, "value": 0.45115208625793457}}
{"step": {"step": 65, "player_id": 1, "played": null, "field_after": ["♦10"], "reset_reason": null, "policy": {"pass": 1.0}, "value": 0.49410924315452576}}
{"step": {"step": 66, "player_id": 2, "played": null, "field_after": ["♦10"], "reset_reason": null, "policy": {"pass": 1.0}, "value": 0.5339053273200989}}
{"step": {"step": 67, "player_id": 3, "played": ["♠J"], "field_after": ["♠J"], "reset_reason": null, "policy": {"♠J": 0.5308683542914933, "pass": 0.4691316457085067}, "value": 0.47849392890930176}}
{"step": {"step": 68, "player_id": 0, "played": null, "field_after": ["♠J"], "reset_reason": null, "policy": {"pass": 1.0}, "value": 0.46375879645347595}}
{"step": {"step": 69, "player_id": 1, "played": null, "field_after": ["♠J"], "reset_reason": null, "policy": {"pass": 1.0}, "value": 0.4819625914096832}}
{"step": {"step": 70, "player_id": 2, "played": null, "field_after": [], "reset_reason": "all_pass", "policy": {"pass": 1.0}, "value": 0.5523743033409119}}
{"step": {"step": 71, "player_id": 3, "played": ["♣3"], "field_after": ["♣3"], "reset_reason": null, "policy": {"♣3": 0.5407550545445466, "♥4": 0.45924494545545347}, "value": 0.47975146770477295}}
{"step": {"step": 72, "player_id": 0, "played": ["♦7"], "field_after": ["♦7"], "reset_reason": null, "policy": {"♦4": 0.16771794927875955, "♠5": 0.15975253790404734, "♣5": 0.15536775982995296, "♠6": 0.15627054617625302, "♦7": 0.15695013019961004, "pass": 0.20394107661137714}, "value": 0.45491525530815125}}
{"step": {"step": 73, "player_id": 1, "played": ["♦9"], "field_after": ["♦9"], "reset_reason": null, "policy": {"♦8": 0.3415785574467221, "♦9": 0.3142440725926716, "pass": 0.3441773699606063}, "value": 0.5044211149215698}}
{"step": {"step": 74, "player_id": 2, "played": null, "field_after": ["♦9"], "reset_reason": null, "policy": {"pass": 1.0}, "value": 0.5516852736473083}}
{"step": {"step": 75, "player_id": 3, "played": null, "field_after": ["♦9"], "reset_reason": null, "policy": {"pass": 1.0}, "value": 0.4726414084434509}}
{"step": {"step": 76, "player_id": 0, "played": null, "field_after": [], "reset_reason": "all_pass", "policy": {"pass": 1.0}, "value": 0.46219325065612793}}
{"step": {"step": 77, "player_id": 1, "played": ["♥7"], "field_after": ["♥7"], "reset_reason": null, "policy": {"♦6": 0.3621831490144646, "♥7": 0.30724230044312206, "♦8": 0.3305745505424134}, "value": 0.4835425913333893}}
{"step": {"step": 78, "player_id": 2, "played": null, "field_after": ["♥7"], "reset_reason": null, "policy": {"pass": 1.0}, "value": 0.5455304980278015}}
{"step": {"step": 79, "player_id": 3, "played": null, "field_after": ["♥7"], "reset_reason": null, "policy": {"pass": 1.0}, "value": 0.4718809127807617}}
{"step": {"step": 80, "player_id": 0, "played": null, "field_after": [], "reset_reason": "all_pass", "policy": {"pass": 1.0}, "value": 0.46443235874176025}}
{"step": {"step": 81, "player_id": 1, "played": ["♦6"], "field_after": ["♦6"], "reset_reason": null, "policy": {"♦6": 0.5434679382712796, "♦8": 0.4565320617287205}, "value": 0.4887743890285492}}
{"step": {"step": 82, "player_id": 2, "played": ["♣7"], "field_after": ["♣7"], "reset_reason": null, "policy": {"♣7": 0.5287215812828799, "pass": 0.47127841871712}, "value": 0.5404739379882812}}
{"step": {"step": 83, "player_id": 3, "played": null, "field_after": ["♣7"], "reset_reason": null, "policy": {"pass": 1.0}, "value": 0.4717012643814087}}
{"step": {"step": 84, "player_id": 0, "played": null, "field_after": ["♣7"], "reset_reason": null, "policy": {"pass": 1.0}, "value": 0.46056073904037476}}
{"step": {"step": 85, "player_id": 1, "played": ["♦8"], "field_after": [], "reset_reason": "eight_cut", "policy": {"♦8": 0.5310564855422298, "pass": 0.46894351445777016}, "value": 0.49725598096847534}}
{"step": {"step": 86, "player_id": 1, "played": null, "field_after": [], "reset_reason": null, "policy": {}, "value": 1.0}}
{"step": {"step": 87, "player_id": 3, "played": ["♥4"], "field_after": ["♥4"], "reset_reason": null, "policy": {"♥4": 1.0}, "value": 0.4758804440498352}}
{"episode_end": {"episode": 25, "ended": true}}
{"episode_summary": {"episode": 26, "seed": 12371, "ended": true, "steps_count": 86, "winner": 2}}
{"initial_hands": [["♠A", "♠K", "♥J", "♠5", "♦8", "♠10", "♠2", "♠7", "♦6", "♥Q", "♣Q", "♥4", "♠3", "♣5"], ["♦9", "♥K", "♦7", "♣7", "♦K", "♠Q", "♠8", "♣4", "♥9", "♠4", "♣10", "♣2", "♦2"], ["♣A", "♦10", "♣K", "♦5", "♥A", "♥7", "♥8", "♣9", "♣J", "♦A", "♦Q", "JOKER", "♥2"], ["♦J", "♦4", "♣6", "♦3", "♥10", "♠9", "♠J", "♣8", "♥5", "♣3", "♠6", "♥6", "♥3"]]}
{"step": {"step": 1, "player_id": 3, "played": ["♦3", "♣3", "♥3"], "field_after": ["♦3", "♣3", "♥3"], "reset_reason": null, "policy": {"♣3": 0.05163224031805768, "♥3": 0.04060493335561288, "♦3": 0.044156037555741094, "♦4": 0.04694040886544358, "♥5": 0.04577007598457769, "♠6": 0.056251656620953286, "♣6": 0.04324302939000777, "♥6": 0.052368216904354795, "♣8": 0.045982382884360476, "♠9": 0.04453447135303881, "♥10": 0.037971752132611204, "♣3|♥3": 0.05163904978301949, "♦3|♣3": 0.0395959094270017, "♦3|♥3": 0.05040307536803314, "♣6|♠6": 0.043523011047727336, "♠6|♥6": 0.04197840867718162, "♣6|♥6": 0.05355722822770978, "♦J|♠J": 0.040611406507906525, "♦3|♣3|♥3": 0.039211960680694824, "♣6|♠6|♥6": 0.03745307239733842, "♠J": 0.05637234805181383, "♦J": 0.036199324466814196}, "value": 0.4708797037601471}}
{"step": {"step": 2, "player_id": 0, "played": null, "field_after": ["♦3", "♣3", "♥3"], "reset_reason": null, "policy": {"pass": 1.0}, "value": 0.45270296931266785}}
{"step": {"step": 3, "player_id": 1, "played": null, "field_after": ["♦3", "♣3", "♥3"], "reset_reason": null, "policy": {"pass": 1.0}, "value": 0.49374446272850037}}
{"step": {"step": 4, "player_id": 2, "played": ["♣A", "♥A", "JOKER(♥A)"], "field_after": ["♣A", "♥A", "JOKER"], "reset_reason": null, "policy": {"♣A|♥A|JOKER(♥A)": 0.22354756221232971, "♣A|♦A|JOKER(♥A)": 0.19213660068849037, "♥A|♦A|JOKER(♥A)": 0.21515160858083646, "♣A|♥A|♦A": 0.19629484638260575, "pass": 0.17286938213573771}, "value": 0.5390268564224243}}
{"step": {"step": 5, "player_id": 3, "played": null, "field_after": ["♣A", "♥A", "JOKER"], "reset_reason": null, "policy": {"pass": 1.0}, "value": 0.46215158700942993}}
{"step": {"step": 6, "player_id": 0, "played": null, "field_after": ["♣A", "♥A", "JOKER"], "reset_reason": null, "policy": {"pass": 1.0}, "value": 0.45551204681396484}}
{"step": {"step": 7, "player_id": 1, "played": null, "field_after": [], "reset_reason": "all_pass", "policy": {"pass": 1.0}, "value": 0.4827248454093933}}
{"step": {"step": 8, "player_id": 2, "played": ["♥7"], "field_after": ["♥7"], "reset_reason": null, "policy": {"♦5": 0.11541686923920132, "♥7": 0.08756947875048965, "♥8": 0.10507226205661331, "♣9": 0.10247768973884762, "♦10": 0.09025034298124898, "♥2": 0.11527537321347582, "♣J": 0.09550849819905138, "♣K": 0.10311369224537828, "♦A": 0.10550017773218075, "♦Q": 0.0798156158435126}, "value": 0.5306347012519836}}
{"step": {"step": 9, "player_id": 3, "played": ["♦J"], "field_after": ["♦J"], "reset_reason": null, "policy": {"♣8": 0.17134961113745456, "♠9": 0.14873812137178244, "♥10": 0.162508143638711, "♠J": 0.16853102504528428, "♦J": 0.14466501747602792, "pass": 0.2042080813307398}, "value": 0.4557252824306488}}
{"step": {"step": 10, "player_id": 0, "played": ["♠A"], "field_after": ["♠A"], "reset_reason": null, "policy": {"♠2": 0.177638248916381, "♠A": 0.15996513661284573, "♠K": 0.1539226988492347, "♣Q": 0.1631113718098322, "♥Q": 0.15260053602057888, "pass": 0.19276200779112762}, "value": 0.450541615486145}}
{"step": {"step": 11, "player_id": 1, "played": ["♦2"], "field_after": ["♦2"], "reset_reason": null, "policy": {"♣2": 0.3561077572075627, "♦2": 0.3348809861308428, "pass": 0.3090112566615945}, "value": 0.47804972529411316}}
{"step": {"step": 12, "player_id": 2, "played": null, "field_after": ["♦2"], "reset_reason": null, "policy": {"pass": 1.0}, "value": 0.5311917662620544}}
{"step": {"step": 13, "player_id": 3, "played": null, "field_after": ["♦2"], "reset_reason": null, "policy": {"pass": 1.0}, "value": 0.46789297461509705}}
{"step": {"step": 14, "player_id": 0, "played": null, "field_after": [], "reset_reason": "all_pass", "policy": {"pass": 1.0}, "value": 0.4600922465324402}}
{"step": {"step": 15, "player_id": 1, "played": ["♦K"], "field_after": ["♦K"], "reset_reason": null, "policy": {"♠4": 0.07580302756671528, "♣4": 0.07063259502318851, "♣7": 0.05966690955691714, "♦7": 0.06297445852241874, "♠8": 0.06027934739257879, "♥9": 0.07964715512626952, "♦9": 0.04939317331596836, "♣10": 0.06015141607709324, "♣2": 0.07629819268452294, "♣4|♠4": 0.05679937551427178, "♦7|♣7": 0.053101310973250736, "♦9|♥9": 0.0602136140184525, "♥K|♦K": 0.051015536249942414, "♠Q": 0.07163033118019688, "♥K": 0.061246344752029315, "♦K": 0.05114721204618389}, "value": 0.48735013604164124}}
{"step": {"step": 16, "player_id": 2, "played": ["♦A"], "field_after": ["♦A"], "reset_reason": null, "policy": {"♥2": 0.36159802913614475, "♦A": 0.299966781829734, "pass": 0.3384351890341213}, "value": 0.5163877606391907}}
{"step": {"step": 17, "player_id": 3, "played": null, "field_after": ["♦A"], "reset_reason": null, "policy": {"pass": 1.0}, "value": 0.46887871623039246}}
{"step": {"step": 18, "player_id": 0, "played": ["♠2"], "field_after": ["♠2"], "reset_reason": null, "policy": {"♠2": 0.520616275471691, "pass": 0.479383724528309}, "value": 0.4413784146308899}}
{"step": {"step": 19, "player_id": 1, "played": null, "field_after": ["♠2"], "reset_reason": null, "policy": {"pass": 1.0}, "value": 0.4671640992164612}}
{"step": {"step": 20, "player_id": 2, "played": null, "field_after": ["♠2"], "reset_reason": null, "policy": {"pass": 1.0}, "value": 0.5419723987579346}}
{"step": {"step": 21, "player_id": 3, "played": null, "field_after": [], "reset_reason": "all_pass", "policy": {"pass": 1.0}, "value": 0.47077932953834534}}
{"step": {"step": 22, "player_id": 0, "played": ["♠5", "♣5"], "field_after": ["♠5", "♣5"], "reset_reason": null, "policy": {"♠3": 0.08153760952425286, "♥4": 0.07361342409139231, "♠5": 0.06815681418427391, "♣5": 0.06952597923762747, "♦6": 0.07256274074173591, "♠7": 0.09222976843757834, "♦8": 0.055631039451328364, "♠10": 0.06643429958765172, "♠5|♣5": 0.08165915922868898, "♥Q|♣Q": 0.0668484552101673, "♠K": 0.060645704278727605, "♣Q": 0.07361430712171468, "♥J": 0.05701414818611624, "♥Q": 0.08052655071874414}, "value": 0.4595421850681305}}
{"step": {"step": 23, "player_id": 1, "played": ["♦9", "♥9"], "field_after": ["♦9", "♥9"], "reset_reason": null, "policy": {"♦7|♣7": 0.3399939839904718, "♦9|♥9": 0.3326415127265344, "pass": 0.3273645032829938}, "value": 0.49370089173316956}}
{"step": {"step": 24, "player_id": 2, "played": null, "field_after": ["♦9", "♥9"], "reset_reason": null, "policy": {"pass": 1.0}, "value": 0.5383651852607727}}
{"step": {"step": 25, "player_id": 3, "played": null, "field_after": ["♦9", "♥9"], "reset_reason": null, "policy": {"pass": 1.0}, "value": 0.4798070192337036}}
{"step": {"step": 26, "player_id": 0, "played": ["♥Q", "♣Q"], "field_after": ["♥Q", "♣Q"], "reset_reason": null, "policy": {"♥Q|♣Q": 0.5371285969775513, "pass": 0.4628714030224486}, "value": 0.46353015303611755}}
{"step": {"step": 27, "player_id": 1, "played": null, "field_after": ["♥Q", "♣Q"], "reset_reason": null, "policy": {"pass": 1.0}, "value": 0.4827951490879059}}
{"step": {"step": 28, "player_id": 2, "played": null, "field_after": ["♥Q", "♣Q"], "reset_reason": null, "policy": {"pass": 1.0}, "value": 0.544696033000946}}
{"step": {"step": 29, "player_id": 3, "played": null, "field_after": [], "reset_reason": "all_pass", "policy": {"pass": 1.0}, "value": 0.4797533452510834}}
{"step": {"step": 30, "player_id": 0, "played": ["♠3"], "field_after": ["♠3"], "reset_reason": null, "policy": {"♠3": 0.144481987392252, "♥4": 0.12137396310650783, "♦6": 0.12482326680996213, "♠7": 0.11767831281732138, "♦8": 0.11922690124578808, "♠10": 0.15223871084074914, "♠K": 0.10351214265467532, "♥J": 0.11666471513274397}, "value": 0.46583905816078186}}
{"step": {"step": 31, "player_id": 1, "played": ["♥K"], "field_after": ["♥K"], "reset_reason": null, "policy": {"♠4": 0.11206634489859194, "♣4": 0.10531499029680315, "♣7": 0.10039318747386482, "♦7": 0.09336316291257474, "♠8": 0.0944470825028013, "♣10": 0.1202398445962379, "♣2": 0.07920217080621708, "♠Q": 0.09062931464957938, "♥K": 0.11253431704323731, "pass": 0.0918095848200923}, "value": 0.4765676259994507}}
{"step": {"step": 32, "player_id": 2, "played": ["♥2"], "field_after": ["♥2"], "reset_reason": null, "policy": {"♥2": 0.5421698874364944, "pass": 0.4578301125635056}, "value": 0.5255019664764404}}
{"step": {"step": 33, "player_id": 3, "played": null, "field_after": ["♥2"], "reset_reason": null, "policy": {"pass": 1.0}, "value": 0.46731454133987427}}
{"step": {"step": 34, "player_id": 0, "played": null, "field_after": ["♥2"], "reset_reason": null, "policy": {"pass": 1.0}, "value": 0.4524480700492859}}
{"step": {"step": 35, "player_id": 1, "played": null, "field_after": [], "reset_reason": "all_pass", "policy": {"pass": 1.0}, "value": 0.47250232100486755}}
{"step": {"step": 36, "player_id": 2, "played": ["♥8"], "field_after": [], "reset_reason": "eight_cut", "policy": {"♦5": 0.1667295573808125, "♥8": 0.12208645455963717, "♣9": 0.14017738366372473, "♦10": 0.14363864789214173, "♣J": 0.1270777428472342, "♣K": 0.16640101548727518, "♦Q": 0.1338891981691745}, "value": 0.5367075800895691}}
{"step": {"step": 37, "player_id": 2, "played": ["♦5"], "field_after": ["♦5"], "reset_reason": null, "policy": {"♦5": 0.19323358200614224, "♣9": 0.1397031300482405, "♦10": 0.16263794594524586, "♣J": 0.16522922790626693, "♣K": 0.14686163856527448, "♦Q": 0.19233447552883}, "value": 0.540351390838623}}
{"step": {"step": 38, "player_id": 3, "played": ["♠6"], "field_after": ["♠6"], "reset_reason": null, "policy": {"♠6": 0.1283225949757173, "♣6": 0.10373393353247558, "♥6": 0.12120635210315764, "♣8": 0.12853168056653635, "♠9": 0.12124376342841763, "♥10": 0.15332935213466461, "♠J": 0.11415092381932805, "pass": 0.12948139943970283}, "value": 0.464890718460083}}
{"step": {"step": 39, "player_id": 0, "played": ["♦8"], "field_after": [], "reset_reason": "eight_cut", "policy": {"♠7": 0.1682616524943141, "♦8": 0.16007222834867013, "♠10": 0.16851066732678005, "♠K": 0.16480375630421698, "♥J": 0.15503059604532038, "pass": 0.1833210994806983}, "value": 0.445302277803421}}
{"step": {"step": 40, "player_id": 0, "played": ["♥J"], "field_after": ["♥J"], "reset_reason": null, "policy": {"♥4": 0.18445817932450626, "♦6": 0.15543032023340927, "♠7": 0.1576295351337364, "♠10": 0.1570232271162752, "♠K": 0.15188106633377427, "♥J": 0.19357767185829872}, "value": 0.4604889750480652}}
{"step": {"step": 41, "player_id": 1, "played": ["♠Q"], "field_after": ["♠Q"], "reset_reason": null, "policy": {"♣2": 0.3579066175041384, "♠Q": 0.31860932347018883, "pass": 0.3234840590256728}, "value": 0.4397100806236267}}
{"step": {"step": 42, "player_id": 2, "played": ["♣K"], "field_after": ["♣K"], "reset_reason": null, "policy": {"♣K": 0.5377544403675916, "pass": 0.4622455596324085}, "value": 0.5374788641929626}}
{"step": {"step": 43, "player_id": 3, "played": null, "field_after": ["♣K"], "reset_reason": null, "policy": {"pass": 1.0}, "value": 0.4707932472229004}}
{"step": {"step": 44, "player_id": 0, "played": null, "field_after": ["♣K"], "reset_reason": null, "policy": {"pass": 1.0}, "value": 0.43916162848472595}}
{"step": {"step": 45, "player_id": 1, "played": ["♣2"], "field_after": ["♣2"], "reset_reason": null, "policy": {"♣2": 0.5320090742676876, "pass": 0.46799092573231227}, "value": 0.46302545070648193}}
{"step": {"step": 46, "player_id": 2, "played": null, "field_after": ["♣2"], "reset_reason": null, "policy": {"pass": 1.0}, "value": 0.5448025465011597}}
{"step": {"step": 47, "player_id": 3, "played": null, "field_after": ["♣2"], "reset_reason": null, "policy": {"pass": 1.0}, "value": 0.4771289825439453}}
{"step": {"step": 48, "player_id": 0, "played": null, "field_after": [], "reset_reason": "all_pass", "policy": {"pass": 1.0}, "value": 0.44143199920654297}}
{"step": {"step": 49, "player_id": 1, "played": ["♠4"], "field_after": ["♠4"], "reset_reason": null, "policy": {"♠4": 0.1423963151103043, "♣4": 0.1281520388870273, "♣7": 0.12379192098281677, "♦7": 0.11976895584869823, "♠8": 0.11692021059978969, "♣10": 0.15614213545340616, "♣4|♠4": 0.09878305341033475, "♦7|♣7": 0.11404536970762284}, "value": 0.4793582260608673}}
{"step": {"step": 50, "player_id": 2, "played": ["♦10"], "field_after": ["♦10"], "reset_reason": null, "policy": {"♣9": 0.2001723136978428, "♦10": 0.19987018520207947, "♣J": 0.2078598052389519, "♦Q": 0.2011859766765632, "pass": 0.19091171918456248}, "value": 0.5428754687309265}}
{"step": {"step": 51, "player_id": 3, "played": ["♠J"], "field_after": ["♠J"], "reset_reason": null, "policy": {"♠J": 0.5485300254897901, "pass": 0.4514699745102099}, "value": 0.4676278233528137}}
{"step": {"step": 52, "player_id": 0, "played": ["♠K"], "field_after": ["♠K"], "reset_reason": null, "policy": {"♠K": 0.5069448122844773, "pass": 0.49305518771552265}, "value": 0.43973755836486816}}
{"step": {"step": 53, "player_id": 1, "played": null, "field_after": ["♠K"], "reset_reason": null, "policy": {"pass": 1.0}, "value": 0.4689216613769531}}
{"step": {"step": 54, "player_id": 2, "played": null, "field_after": ["♠K"], "reset_reason": null, "policy": {"pass": 1.0}, "value": 0.5249590277671814}}
{"step": {"step": 55, "player_id": 3, "played": null, "field_after": [], "reset_reason": "all_pass", "policy": {"pass": 1.0}, "value": 0.45519503951072693}}
{"step": {"step": 56, "player_id": 0, "played": ["♥4"], "field_after": ["♥4"], "reset_reason": null, "policy": {"♥4": 0.28435570811457017, "♦6": 0.23187180536085705, "♠7": 0.23914147748988474, "♠10": 0.244631009034688}, "value": 0.4517464339733124}}
{"step": {"step": 57, "player_id": 1, "played": ["♦7"], "field_after": ["♦7"], "reset_reason": null, "policy": {"♣7": 0.22245807458410696, "♦7": 0.2036955239317975, "♠8": 0.19620786391382164, "♣10": 0.19449558373879142, "pass": 0.18314295383148257}, "value": 0.47933194041252136}}
{"step": {"step": 58, "player_id": 2, "played": ["♦Q"], "field_after": ["♦Q"], "reset_reason": null, "policy": {"♣9": 0.26404612027297797, "♣J": 0.2423742041903615, "♦Q": 0.25289180598416855, "pass": 0.24068786955249202}, "value": 0.5423331260681152}}
{"step": {"step": 59, "player_id": 3, "played": null, "field_after": ["♦Q"], "reset_reason": null, "policy": {"pass": 1.0}, "value": 0.47215425968170166}}
{"step": {"step": 60, "player_id": 0, "played": null, "field_after": ["♦Q"], "reset_reason": null, "policy": {"pass": 1.0}, "value": 0.4454156458377838}}
{"step": {"step": 61, "player_id": 1, "played": null, "field_after": [], "reset_reason": "all_pass", "policy": {"pass": 1.0}, "value": 0.4779216945171356}}
{"step": {"step": 62, "player_id": 2, "played": ["♣9"], "field_after": ["♣9"], "reset_reason": null, "policy": {"♣9": 0.5546017771739127, "♣J": 0.4453982228260874}, "value": 0.5479094982147217}}
{"step": {"step": 63, "player_id": 3, "played": ["♥10"], "field_after": ["♥10"], "reset_reason": null, "policy": {"♥10": 0.5600356103520737, "pass": 0.4399643896479264}, "value": 0.4785776138305664}}
{"step": {"step": 64, "player_id": 0, "played": null, "field_after": ["♥10"], "reset_reason": null, "policy": {"pass": 1.0}, "value": 0.4452289342880249}}
{"step": {"step": 65, "player_id": 1, "played": null, "field_after": ["♥10"], "reset_reason": null, "policy": {"pass": 1.0}, "value": 0.488461434841156}}
{"step": {"step": 66, "player_id": 2, "played": ["♣J"], "field_after": ["♣J"], "reset_reason": null, "policy": {"♣J": 0.5021265989458866, "pass": 0.4978734010541134}, "value": 0.5342817902565002}}
{"step": {"step": 67, "player_id": 3, "played": null, "field_after": ["♣J"], "reset_reason": null, "policy": {"pass": 1.0}, "value": 0.4697578549385071}}
{"step": {"step": 68, "player_id": 0, "played": null, "field_after": ["♣J"], "reset_reason": null, "policy": {"pass": 1.0}, "value": 0.44646236300468445}}
{"step": {"step": 69, "player_id": 1, "played": null, "field_after": [], "reset_reason": "all_pass", "policy": {"pass": 1.0}, "value": 0.44872936606407166}}
{"step": {"step": 70, "player_id": 2, "played": null, "field_after": [], "reset_reason": null, "policy": {}, "value": 1.0}}
{"step": {"step": 71, "player_id": 3, "played": ["♥5"], "field_after": ["♥5"], "reset_reason": null, "policy": {"♦4": 0.1608418335305905, "♥5": 0.12712754096635004, "♣6": 0.1331712610749966, "♥6": 0.13851946401727777, "♣8": 0.1400406177420418, "♠9": 0.1777267090138896, "♣6|♥6": 0.1225725736548537}, "value": 0.48449045419692993}}
{"step": {"step": 72, "player_id": 0, "played": ["♠10"], "field_after": ["♠10"], "reset_reason": null, "policy": {"♦6": 0.2601280712910239, "♠7": 0.23891103118413815, "♠10": 0.26471656705447627, "pass": 0.23624433047036172}, "value": 0.4352261424064636}}
{"step": {"step": 73, "player_id": 1, "played": null, "field_after": ["♠10"], "reset_reason": null, "policy": {"pass": 1.0}, "value": 0.48355385661125183}}
{"step": {"step": 74, "player_id": 3, "played": null, "field_after": [], "reset_reason": "all_pass", "policy": {"pass": 1.0}, "value": 0.4675046503543854}}
{"step": {"step": 75, "player_id": 0, "played": ["♦6"], "field_after": ["♦6"], "reset_reason": null, "policy": {"♦6": 0.5537399271550982, "♠7": 0.44626007284490166}, "value": 0.4497005045413971}}
{"step": {"step": 76, "player_id": 1, "played": ["♣10"], "field_after": ["♣10"], "reset_reason": null, "policy": {"♣7": 0.26603650049657485, "♠8": 0.24324425608948308, "♣10": 0.24835318725012123, "pass": 0.24236605616382081}, "value": 0.4809838831424713}}
{"step": {"step": 77, "player_id": 3, "played": null, "field_after": ["♣10"], "reset_reason": null, "policy": {"pass": 1.0}, "value": 0.4710318446159363}}
{"step": {"step": 78, "player_id": 0, "played": null, "field_after": [], "reset_reason": "all_pass", "policy": {"pass": 1.0}, "value": 0.45092421770095825}}
{"step": {"step": 79, "player_id": 1, "played": ["♣7"], "field_after": ["♣7"], "reset_reason": null, "policy": {"♣4": 0.35830605205784194, "♣7": 0.3199681580365418, "♠8": 0.32172578990561623}, "value": 0.4817536175251007}}
{"step": {"step": 80, "player_id": 3, "played": ["♠9"], "field_after": ["♠9"], "reset_reason": null, "policy": {"♣8": 0.341557757222397, "♠9": 0.3205418669010461, "pass": 0.3379003758765569}, "value": 0.46244749426841736}}
{"step": {"step": 81, "player_id": 0, "played": null, "field_after": ["♠9"], "reset_reason": null, "policy": {"pass": 1.0}, "value": 0.4453088045120239}}
{"step": {"step": 82, "player_id": 1, "played": null, "field_after": [], "reset_reason": "all_pass", "policy": {"pass": 1.0}, "value": 0.47845330834388733}}
{"step": {"step": 83, "player_id": 3, "played": ["♦4"], "field_after": ["♦4"], "reset_reason": null, "policy": {"♦4": 0.22965461183060787, "♣6": 0.18947515995033842, "♥6": 0.19024220762196703, "♣8": 0.1998371776520898, "♣6|♥6": 0.19079084294499682}, "value": 0.47792214155197144}}
{"step": {"step": 84, "player_id": 0, "played": ["♠7"], "field_after": ["♠7"], "reset_reason": null, "policy": {"♠7": 0.5208717886566289, "pass": 0.47912821134337114}, "value": 0.4337398111820221}}
{"step": {"step": 85, "player_id": 1, "played": ["♠8"], "field_after": [], "reset_reason": "eight_cut", "policy": {"♠8": 0.5243692273777485, "pass": 0.4756307726222515}, "value": 0.4795410633087158}}
{"step": {"step": 86, "player_id": 1, "played": ["♣4"], "field_after": ["♣4"], "reset_reason": null, "policy": {"♣4": 1.0}, "value": 0.48640337586402893}}
{"episode_end": {"episode": 26, "ended": true}}
{"episode_summary": {"episode": 27, "seed": 12372, "ended": true, "steps_count": 89, "winner": 3}}
{"initial_hands": [["♦4", "♦7", "♣7", "♦A", "♦10", "JOKER", "♦2", "♥2", "♥7", "♠2", "♥6", "♣J", "♠9", "♥A"], ["♥4", "♠6", "♥8", "♦3", "♦9", "♦6", "♣A", "♥5", "♣10", "♥3", "♦5", "♠5", "♣3"], ["♦Q", "♣9", "♦J", "♠K", "♣5", "♣2", "♣Q", "♥9", "♣6", "♦K", "♠A", "♥K", "♣K"], ["♥10", "♠Q", "♥Q", "♠J", "♥J", "♠8", "♣8", "♠7", "♦8", "♠3", "♠10", "♠4", "♣4"]]}
{"step": {"step": 1, "player_id": 1, "played": ["♥3"], "field_after": ["♥3"], "reset_reason": null, "policy": {"♣3": 0.05168844836200876, "♥3": 0.04396556862884388, "♦3": 0.047500820601724274, "♥4": 0.04392948881641589, "♠5": 0.044882862672632064, "♥5": 0.05410045454721826, "♦5": 0.03788468168291889, "♠6": 0.04521942817996308, "♦6": 0.04948372571150556, "♥8": 0.04055406936203869, "♦9": 0.03608486324495872, "♣10": 0.04676091221326877, "♥3|♣3": 0.0380967653462982, "♦3|♣3": 0.05072515000979126, "♦3|♥3": 0.04288858917032282, "♥5|♠5": 0.03764425645600999, "♦5|♠5": 0.05437775616436907, "♥5|♦5": 0.03880882708902967, "♠6|♦6": 0.03911415735472795, "♦3|♥3|♣3": 0.03460427683920936, "♥5|♦5|♠5": 0.054571091082121444, "♥3|♥4|♥5": 0.03438351036676816, "♣A": 0.03273029609785502}, "value": 0.46964576840400696}}
{"step": {"step": 2, "player_id": 2, "played": ["♣2"], "field_after": ["♣2"], "reset_reason": null, "policy": {"♣5": 0.08679922829369298, "♣6": 0.06977626831834736, "♣9": 0.07697079275715572, "♥9": 0.07183601076802089, "♣2": 0.06047371688951398, "♠A": 0.08355274689649601, "♠K": 0.06877884200573126, "♣K": 0.07240533876462713, "♣Q": 0.07790850988292475, "♥K": 0.05834736901645559, "♦J": 0.059042816354952406, "♦K": 0.07312276983122096, "♦Q": 0.06328451679635592, "pass": 0.07770107342450527}, "value": 0.519016444683075}}
{"step": {"step": 3, "player_id": 3, "played": null, "field_after": ["♣2"], "reset_reason": null, "policy": {"pass": 1.0}, "value": 0.48507434129714966}}
{"step": {"step": 4, "player_id": 0, "played": null, "field_after": ["♣2"], "reset_reason": null, "policy": {"pass": 1.0}, "value": 0.43855559825897217}}
{"step": {"step": 5, "player_id": 1, "played": null, "field_after": [], "reset_reason": "all_pass", "policy": {"pass": 1.0}, "value": 0.4706896245479584}}
{"step": {"step": 6, "player_id": 2, "played": ["♠K", "♥K", "♣K"], "field_after": ["♠K", "♥K", "♣K"], "reset_reason": null, "policy": {"♣5": 0.046057191307140866, "♣6": 0.03775938424168928, "♣9": 0.040032488085831645, "♥9": 0.04154566702188154, "♣9|♥9": 0.03420525678669833, "♠K|♣K": 0.04646067674091943, "♠K|♥K": 0.03775655698771802, "♠K|♦K": 0.0404491279141184, "♥K|♣K": 0.045118852722382974, "♦K|♣K": 0.033020440647359144, "♦Q|♣Q": 0.031446651411824525, "♦K|♥K": 0.039985464079737056, "♠K|♥K|♣K": 0.03501978223106254, "♠K|♦K|♣K": 0.0493904424885249, "♠K|♦K|♥K": 0.03891139749815232, "♦K|♥K|♣K": 0.03303707982489681, "♦J|♦Q|♦K": 0.05195643882798965, "♠K|♦K|♥K|♣K": 0.03546027089390792, "♠A": 0.032319494765088254, "♠K": 0.03079603831966488, "♣K": 0.04533566511847341, "♣Q": 0.03243808184124516, "♥K": 0.029069375392208403, "♦J": 0.04144434745366431, "♦K": 0.04012547632072012, "♦Q": 0.03085835107710015}, "value": 0.5229170918464661}}
{"step": {"step": 7, "player_id": 3, "played": null, "field_after": ["♠K", "♥K", "♣K"], "reset_reason": null, "policy": {"pass": 1.0}, "value": 0.45944473147392273}}
{"step": {"step": 8, "player_id": 0, "played": ["♦A", "♥A", "JOKER(♥2)"], "field_after": ["♦A", "♥A", "JOKER"], "reset_reason": null, "policy": {"♦2|♥2|♠2": 0.17153129013841997, "♥2|♠2|JOKER(♥2)": 0.16788056562025727, "♦2|♠2|JOKER(♥2)": 0.17437230593095487, "♦2|♥2|JOKER(♥2)": 0.15795323850131993, "♦A|♥A|JOKER(♥2)": 0.14446126675874946, "pass": 0.18380133305029864}, "value": 0.4561862349510193}}
{"step": {"step": 9, "player_id": 1, "played": null, "field_after": ["♦A", "♥A", "JOKER"], "reset_reason": null, "policy": {"pass": 1.0}, "value": 0.45576608180999756}}
{"step": {"step": 10, "player_id": 2, "played": null, "field_after": ["♦A", "♥A", "JOKER"], "reset_reason": null, "policy": {"pass": 1.0}, "value": 0.5402907133102417}}
{"step": {"step": 11, "player_id": 3, "played": null, "field_after": [], "reset_reason": "all_pass", "policy": {"pass": 1.0}, "value": 0.4883870482444763}}
{"step": {"step": 12, "player_id": 0, "played": ["♦2", "♠2"], "field_after": ["♦2", "♠2"], "reset_reason": null, "policy": {"♦4": 0.06045395200857917, "♥6": 0.05041733263580723, "♣7": 0.04903377859959852, "♥7": 0.052215143846219975, "♦7": 0.04990612407419493, "♠9": 0.06347435354483169, "♦10": 0.04478844788286166, "♠2": 0.0552704223156492, "♥2": 0.05707436065085956, "♦2": 0.04944830675387148, "♣7|♥7": 0.039367451678260855, "♦7|♣7": 0.05442968482822661, "♦7|♥7": 0.045882560799127524, "♥2|♠2": 0.0642180580421015, "♦2|♠2": 0.05314230965137786, "♦2|♥2": 0.04810138775739776, "♦7|♣7|♥7": 0.06382609176381793, "♦2|♥2|♠2": 0.05072157815167949, "♣J": 0.048228655015537046}, "value": 0.4636000692844391}}
{"step": {"step": 13, "player_id": 1, "played": null, "field_after": ["♦2", "♠2"], "reset_reason": null, "policy": {"pass": 1.0}, "value": 0.4567575454711914}}
{"step": {"step": 14, "player_id": 2, "played": null, "field_after": ["♦2", "♠2"], "reset_reason": null, "policy": {"pass": 1.0}, "value": 0.5450522303581238}}
{"step": {"step": 15, "player_id": 3, "played": null, "field_after": [], "reset_reason": "all_pass", "policy": {"pass": 1.0}, "value": 0.49447739124298096}}
{"step": {"step": 16, "player_id": 0, "played": ["♥7"], "field_after": ["♥7"], "reset_reason": null, "policy": {"♦4": 0.08838848672855834, "♥6": 0.07671226431440518, "♣7": 0.07301369075354884, "♥7": 0.07639730937242588, "♦7": 0.07337654669317221, "♠9": 0.09581559925864871, "♦10": 0.06617360631907417, "♥2": 0.08009616205524779, "♣7|♥7": 0.08675155924148079, "♦7|♣7": 0.07220109612001596, "♦7|♥7": 0.06005964906716691, "♦7|♣7|♥7": 0.08493359239061306, "♣J": 0.06608043768564209}, "value": 0.4660913646221161}}
{"step": {"step": 17, "player_id": 1, "played": ["♦9"], "field_after": ["♦9"], "reset_reason": null, "policy": {"♥8": 0.21992776005957895, "♦9": 0.18847797171263123, "♣10": 0.2106719849086305, "♣A": 0.18878914779656825, "pass": 0.1921331355225911}, "value": 0.46670204401016235}}
{"step": {"step": 18, "player_id": 2, "played": ["♣Q"], "field_after": ["♣Q"], "reset_reason": null, "policy": {"♠A": 0.19122873634290113, "♣Q": 0.1561729097547692, "♦J": 0.165459929361675, "♦K": 0.15607609350911203, "♦Q": 0.13743684247965093, "pass": 0.19362548855189168}, "value": 0.5494661331176758}}
{"step": {"step": 19, "player_id": 3, "played": null, "field_after": ["♣Q"], "reset_reason": null, "policy": {"pass": 1.0}, "value": 0.4854128658771515}}
{"step": {"step": 20, "player_id": 0, "played": ["♥2"], "field_after": ["♥2"], "reset_reason": null, "policy": {"♥2": 0.5123834193729347, "pass": 0.48761658062706525}, "value": 0.4665704369544983}}
{"step": {"step": 21, "player_id": 1, "played": null, "field_after": ["♥2"], "reset_reason": null, "policy": {"pass": 1.0}, "value": 0.4429309070110321}}
{"step": {"step": 22, "player_id": 2, "played": null, "field_after": ["♥2"], "reset_reason": null, "policy": {"pass": 1.0}, "value": 0.557083010673523}}
{"step": {"step": 23, "player_id": 3, "played": null, "field_after": [], "reset_reason": "all_pass", "policy": {"pass": 1.0}, "value": 0.4831402599811554}}
{"step": {"step": 24, "player_id": 0, "played": ["♣7"], "field_after": ["♣7"], "reset_reason": null, "policy": {"♦4": 0.14205467158295473, "♥6": 0.12269085957107806, "♣7": 0.11330126912355512, "♦7": 0.1206051836841219, "♠9": 0.11620136833897445, "♦10": 0.15597914918963576, "♦7|♣7": 0.10464677422245344, "♣J": 0.12452072428722641}, "value": 0.4684464931488037}}
{"step": {"step": 25, "player_id": 1, "played": ["♥8"], "field_after": [], "reset_reason": "eight_cut", "policy": {"♥8": 0.27860336252891427, "♣10": 0.23291846333548555, "♣A": 0.25718866089222847, "pass": 0.23128951324337166}, "value": 0.4679877758026123}}
{"step": {"step": 26, "player_id": 1, "played": ["♦3"], "field_after": ["♦3"], "reset_reason": null, "policy": {"♣3": 0.07194840034273398, "♦3": 0.0638038372852637, "♥4": 0.06534999756303103, "♠5": 0.061483054514509, "♥5": 0.060624855309824206, "♦5": 0.078057503670767, "♠6": 0.053017402313448335, "♦6": 0.06131598523757281, "♣10": 0.07144001771991687, "♦3|♣3": 0.056287314177430596, "♥5|♠5": 0.05184165555533415, "♦5|♠5": 0.0652320223025594, "♥5|♦5": 0.05362453170303426, "♠6|♦6": 0.07185997631275343, "♥5|♦5|♠5": 0.061227441175526656, "♣A": 0.05288600481629446}, "value": 0.4654047191143036}}
{"step": {"step": 27, "player_id": 2, "played": ["♣5"], "field_after": ["♣5"], "reset_reason": null, "policy": {"♣5": 0.13134123094330058, "♣6": 0.10669586355796931, "♣9": 0.10537333816229012, "♥9": 0.10660430440252047, "♠A": 0.09443785926256978, "♦J": 0.12792881280008206, "♦K": 0.09688031312754564, "♦Q": 0.11466583820531377, "pass": 0.11607243953840825}, "value": 0.5583645105361938}}
{"step": {"step": 28, "player_id": 3, "played": ["♥10"], "field_after": ["♥10"], "reset_reason": null, "policy": {"♠7": 0.09397135146243121, "♠8": 0.08353804569109721, "♣8": 0.0914362125440458, "♦8": 0.0936837760323351, "♠10": 0.10111520029629016, "♥10": 0.10679798909568798, "♠J": 0.07869457736727499, "♠Q": 0.0980764607181303, "♥J": 0.09100557947125856, "♥Q": 0.08517156960919192, "pass": 0.07650923771225666}, "value": 0.46603211760520935}}
{"step": {"step": 29, "player_id": 0, "played": ["♣J"], "field_after": ["♣J"], "reset_reason": null, "policy": {"♣J": 0.5233767732299779, "pass": 0.47662322677002206}, "value": 0.45389991998672485}}
{"step": {"step": 30, "player_id": 1, "played": ["♣A"], "field_after": ["♣A"], "reset_reason": null, "policy": {"♣A": 0.5458285943840201, "pass": 0.45417140561598}, "value": 0.4336092472076416}}
{"step": {"step": 31, "player_id": 2, "played": null, "field_after": ["♣A"], "reset_reason": null, "policy": {"pass": 1.0}, "value": 0.5474995970726013}}
{"step": {"step": 32, "player_id": 3, "played": null, "field_after": ["♣A"], "reset_reason": null, "policy": {"pass": 1.0}, "value": 0.48149245977401733}}
{"step": {"step": 33, "player_id": 0, "played": null, "field_after": [], "reset_reason": "all_pass", "policy": {"pass": 1.0}, "value": 0.45243871212005615}}
{"step": {"step": 34, "player_id": 1, "played": ["♦5"], "field_after": ["♦5"], "reset_reason": null, "policy": {"♣3": 0.08760594633551791, "♥4": 0.07679721070427746, "♠5": 0.0806941198930692, "♥5": 0.07610798739817255, "♦5": 0.07848295280923465, "♠6": 0.09522064787136024, "♦6": 0.0638099357695418, "♣10": 0.0741269085517675, "♥5|♠5": 0.08722594620962426, "♦5|♠5": 0.06874417822473398, "♥5|♦5": 0.06440276819822001, "♠6|♦6": 0.08255799927236093, "♥5|♦5|♠5": 0.06422339876211963}, "value": 0.4602145552635193}}
{"step": {"step": 35, "player_id": 2, "played": ["♦Q"], "field_after": ["♦Q"], "reset_reason": null, "policy": {"♣6": 0.1442915894091729, "♣9": 0.11883554055946192, "♥9": 0.1245085026633272, "♠A": 0.12608472868710827, "♦J": 0.10625880280287706, "♦K": 0.14017452161286925, "♦Q": 0.11402467275091586, "pass": 0.12582164151426764}, "value": 0.5386111736297607}}
{"step": {"step": 36, "player_id": 3, "played": null, "field_after": ["♦Q"], "reset_reason": null, "policy": {"pass": 1.0}, "value": 0.4856642186641693}}
{"step": {"step": 37, "player_id": 0, "played": null, "field_after": ["♦Q"], "reset_reason": null, "policy": {"pass": 1.0}, "value": 0.47416314482688904}}
{"step": {"step": 38, "player_id": 1, "played": null, "field_after": [], "reset_reason": "all_pass", "policy": {"pass": 1.0}, "value": 0.4675482213497162}}
{"step": {"step": 39, "player_id": 2, "played": ["♣6"], "field_after": ["♣6"], "reset_reason": null, "policy": {"♣6": 0.1670471576943089, "♣9": 0.1316471680885465, "♥9": 0.14029864413288065, "♣9|♥9": 0.14036355699016737, "♠A": 0.12397488487092669, "♦J": 0.16762579305569775, "♦K": 0.12904279516747208}, "value": 0.5532505512237549}}
{"step": {"step": 40, "player_id": 3, "played": ["♠7"], "field_after": ["♠7"], "reset_reason": null, "policy": {"♠7": 0.1060405883456991, "♠8": 0.09295091018147048, "♣8": 0.09972913529212356, "♦8": 0.1002956660772465, "♠10": 0.10208018603192309, "♠J": 0.11432104286700547, "♠Q": 0.08443320629528533, "♥J": 0.10697398193069854, "♥Q": 0.1045143888144108, "pass": 0.08866089416413718}, "value": 0.4687129557132721}}
{"step": {"step": 41, "player_id": 0, "played": ["♦10"], "field_after": ["♦10"], "reset_reason": null, "policy": {"♠9": 0.35040648803603586, "♦10": 0.3180175813406191, "pass": 0.33157593062334506}, "value": 0.4571866989135742}}
{"step": {"step": 42, "player_id": 1, "played": null, "field_after": ["♦10"], "reset_reason": null, "policy": {"pass": 1.0}, "value": 0.46771401166915894}}
{"step": {"step": 43, "player_id": 2, "played": ["♠A"], "field_after": ["♠A"], "reset_reason": null, "policy": {"♠A": 0.26354602310197844, "♦J": 0.22926022000096236, "♦K": 0.27642267642607965, "pass": 0.2307710804709796}, "value": 0.5324632525444031}}
{"step": {"step": 44, "player_id": 3, "played": null, "field_after": ["♠A"], "reset_reason": null, "policy": {"pass": 1.0}, "value": 0.48122045397758484}}
{"step": {"step": 45, "player_id": 0, "played": null, "field_after": ["♠A"], "reset_reason": null, "policy": {"pass": 1.0}, "value": 0.45090851187705994}}
{"step": {"step": 46, "player_id": 1, "played": null, "field_after": [], "reset_reason": "all_pass", "policy": {"pass": 1.0}, "value": 0.4616451859474182}}
{"step": {"step": 47, "player_id": 2, "played": ["♦K"], "field_after": ["♦K"], "reset_reason": null, "policy": {"♣9": 0.23689466055609718, "♥9": 0.19006417735617886, "♣9|♥9": 0.20148553879634837, "♦J": 0.19865221587344542, "♦K": 0.17290340741793017}, "value": 0.544387698173523}}
{"step": {"step": 48, "player_id": 3, "played": null, "field_after": ["♦K"], "reset_reason": null, "policy": {"pass": 1.0}, "value": 0.4882490634918213}}
{"step": {"step": 49, "player_id": 0, "played": null, "field_after": ["♦K"], "reset_reason": null, "policy": {"pass": 1.0}, "value": 0.446901798248291}}
{"step": {"step": 50, "player_id": 1, "played": null, "field_after": [], "reset_reason": "all_pass", "policy": {"pass": 1.0}, "value": 0.46185848116874695}}
{"step": {"step": 51, "player_id": 2, "played": ["♦J"], "field_after": ["♦J"], "reset_reason": null, "policy": {"♣9": 0.28690980386188797, "♥9": 0.22254655715142746, "♣9|♥9": 0.24911375962241622, "♦J": 0.24142987936426835}, "value": 0.5423235297203064}}
{"step": {"step": 52, "player_id": 3, "played": ["♠Q"], "field_after": ["♠Q"], "reset_reason": null, "policy": {"♠Q": 0.3567351159795972, "♥Q": 0.3268017902739863, "pass": 0.31646309374641646}, "value": 0.4812755584716797}}
{"step": {"step": 53, "player_id": 0, "played": null, "field_after": ["♠Q"], "reset_reason": null, "policy": {"pass": 1.0}, "value": 0.45233651995658875}}
{"step": {"step": 54, "player_id": 1, "played": null, "field_after": ["♠Q"], "reset_reason": null, "policy": {"pass": 1.0}, "value": 0.4585907459259033}}
{"step": {"step": 55, "player_id": 2, "played": null, "field_after": [], "reset_reason": "all_pass", "policy": {"pass": 1.0}, "value": 0.5387671589851379}}
{"step": {"step": 56, "player_id": 3, "played": ["♠8", "♣8"], "field_after": [], "reset_reason": "eight_cut", "policy": {"♠3": 0.06921600948904787, "♠4": 0.061434867720067204, "♣4": 0.05998645361961087, "♠8": 0.06417463752728757, "♣8": 0.06387610863083619, "♦8": 0.07920743037595854, "♠10": 0.05305634584976136, "♠4|♣4": 0.06405875166998093, "♠8|♣8": 0.07454156547454754, "♠8|♦8": 0.05675873477189983, "♣8|♦8": 0.05148988122936868, "♠J|♥J": 0.06489979680832623, "♠8|♣8|♦8": 0.05299524624185912, "♠J": 0.07297320563425505, "♥J": 0.05908041562210498, "♥Q": 0.05225054933508808}, "value": 0.48595401644706726}}
{"step": {"step": 57, "player_id": 3, "played": ["♥Q"], "field_after": ["♥Q"], "reset_reason": null, "policy": {"♠3": 0.10826867140436701, "♠4": 0.09421383007431647, "♣4": 0.09383326984042822, "♦8": 0.09810363052891799, "♠10": 0.09886803961913533, "♠4|♣4": 0.1238445636711757, "♠J|♥J": 0.08094174289611544, "♠J": 0.09788436825560523, "♥J": 0.11522492698254394, "♥Q": 0.08881695672739479}, "value": 0.48616206645965576}}
{"step": {"step": 58, "player_id": 0, "played": null, "field_after": ["♥Q"], "reset_reason": null, "policy": {"pass": 1.0}, "value": 0.45166781544685364}}
{"step": {"step": 59, "player_id": 1, "played": null, "field_after": ["♥Q"], "reset_reason": null, "policy": {"pass": 1.0}, "value": 0.4644082486629486}}
{"step": {"step": 60, "player_id": 2, "played": null, "field_after": [], "reset_reason": "all_pass", "policy": {"pass": 1.0}, "value": 0.541092038154602}}
{"step": {"step": 61, "player_id": 3, "played": ["♠3"], "field_after": ["♠3"], "reset_reason": null, "policy": {"♠3": 0.1192422451550519, "♠4": 0.10255354449342885, "♣4": 0.1041419449770124, "♦8": 0.10694694302205236, "♠10": 0.10652668708111487, "♠4|♣4": 0.13596478868398956, "♠J|♥J": 0.0906905448382552, "♠J": 0.10808685586919652, "♥J": 0.1258464458798983}, "value": 0.48544150590896606}}
{"step": {"step": 62, "player_id": 0, "played": ["♥6"], "field_after": ["♥6"], "reset_reason": null, "policy": {"♦4": 0.217840321274091, "♥6": 0.19280176543948813, "♦7": 0.19916809168669514, "♠9": 0.20088186766789626, "pass": 0.18930795393182934}, "value": 0.4414754807949066}}
{"step": {"step": 63, "player_id": 1, "played": ["♣10"], "field_after": ["♣10"], "reset_reason": null, "policy": {"♣10": 0.5414452073237922, "pass": 0.4585547926762078}, "value": 0.4657987952232361}}
{"step": {"step": 64, "player_id": 2, "played": null, "field_after": ["♣10"], "reset_reason": null, "policy": {"pass": 1.0}, "value": 0.5321331024169922}}
{"step": {"step": 65, "player_id": 3, "played": ["♠J"], "field_after": ["♠J"], "reset_reason": null, "policy": {"♠J": 0.33808693528876704, "♥J": 0.3280671863676892, "pass": 0.3338458783435437}, "value": 0.48396310210227966}}
{"step": {"step": 66, "player_id": 0, "played": null, "field_after": ["♠J"], "reset_reason": null, "policy": {"pass": 1.0}, "value": 0.4571579098701477}}
{"step": {"step": 67, "player_id": 1, "played": null, "field_after": ["♠J"], "reset_reason": null, "policy": {"pass": 1.0}, "value": 0.4630829095840454}}
{"step": {"step": 68, "player_id": 2, "played": null, "field_after": [], "reset_reason": "all_pass", "policy": {"pass": 1.0}, "value": 0.5502353310585022}}
{"step": {"step": 69, "player_id": 3, "played": ["♣4"], "field_after": ["♣4"], "reset_reason": null, "policy": {"♠4": 0.17656960458732782, "♣4": 0.1559945010698417, "♦8": 0.14820784191239092, "♠10": 0.15864047304060233, "♠4|♣4": 0.15574101271452978, "♥J": 0.20484656667530746}, "value": 0.47300779819488525}}
{"step": {"step": 70, "player_id": 0, "played": ["♦7"], "field_after": ["♦7"], "reset_reason": null, "policy": {"♦7": 0.3551520928225998, "♠9": 0.3170940398319321, "pass": 0.32775386734546813}, "value": 0.4443424940109253}}
{"step": {"step": 71, "player_id": 1, "played": null, "field_after": ["♦7"], "reset_reason": null, "policy": {"pass": 1.0}, "value": 0.4694642126560211}}
{"step": {"step": 72, "player_id": 2, "played": ["♣9"], "field_after": ["♣9"], "reset_reason": null, "policy": {"♣9": 0.3381803253844018, "♥9": 0.3125205422291708, "pass": 0.3492991323864274}, "value": 0.5444741249084473}}
{"step": {"step": 73, "player_id": 3, "played": ["♠10"], "field_after": ["♠10"], "reset_reason": null, "policy": {"♠10": 0.3613107542451007, "♥J": 0.30584148602904054, "pass": 0.33284775972585884}, "value": 0.4692203998565674}}
{"step": {"step": 74, "player_id": 0, "played": null, "field_after": ["♠10"], "reset_reason": null, "policy": {"pass": 1.0}, "value": 0.44787731766700745}}
{"step": {"step": 75, "player_id": 1, "played": null, "field_after": ["♠10"], "reset_reason": null, "policy": {"pass": 1.0}, "value": 0.47471269965171814}}
{"step": {"step": 76, "player_id": 2, "played": null, "field_after": [], "reset_reason": "all_pass", "policy": {"pass": 1.0}, "value": 0.5453262329101562}}
{"step": {"step": 77, "player_id": 3, "played": ["♠4"], "field_after": ["♠4"], "reset_reason": null, "policy": {"♠4": 0.3656836143536072, "♦8": 0.3167392018246118, "♥J": 0.31757718382178096}, "value": 0.4736271798610687}}
{"step": {"step": 78, "player_id": 0, "played": ["♠9"], "field_after": ["♠9"], "reset_reason": null, "policy": {"♠9": 0.4921081864975553, "pass": 0.5078918135024446}, "value": 0.4478644132614136}}
{"step": {"step": 79, "player_id": 1, "played": null, "field_after": ["♠9"], "reset_reason": null, "policy": {"pass": 1.0}, "value": 0.4582013487815857}}
{"step": {"step": 80, "player_id": 2, "played": null, "field_after": ["♠9"], "reset_reason": null, "policy": {"pass": 1.0}, "value": 0.555081844329834}}
{"step": {"step": 81, "player_id": 3, "played": ["♥J"], "field_after": ["♥J"], "reset_reason": null, "policy": {"♥J": 0.5226385685913572, "pass": 0.4773614314086429}, "value": 0.4752565026283264}}
{"step": {"step": 82, "player_id": 0, "played": null, "field_after": ["♥J"], "reset_reason": null, "policy": {"pass": 1.0}, "value": 0.4560130834579468}}
{"step": {"step": 83, "player_id": 1, "played": null, "field_after": ["♥J"], "reset_reason": null, "policy": {"pass": 1.0}, "value": 0.4443401098251343}}
{"step": {"step": 84, "player_id": 2, "played": null, "field_after": [], "reset_reason": "all_pass", "policy": {"pass": 1.0}, "value": 0.5444285869598389}}
{"step": {"step": 85, "player_id": 3, "played": ["♦8"], "field_after": [], "reset_reason": "eight_cut", "policy": {"♦8": 1.0}, "value": 0.46837833523750305}}
{"step": {"step": 86, "player_id": 3, "played": null, "field_after": [], "reset_reason": null, "policy": {}, "value": 1.0}}
{"step": {"step": 87, "player_id": 0, "played": ["♦4"], "field_after": ["♦4"], "reset_reason": null, "policy": {"♦4": 1.0}, "value": 0.4539928138256073}}
{"step": {"step": 88, "player_id": 1, "played": ["♠5"], "field_after": ["♠5"], "reset_reason": null, "policy": {"♠5": 0.20778604237877984, "♥5": 0.19046746908214984, "♠6": 0.21179503825971666, "♦6": 0.1970043050506339, "pass": 0.19294714522871972}, "value": 0.46649736166000366}}
{"step": {"step": 89, "player_id": 2, "played": ["♥9"], "field_after": ["♥9"], "reset_reason": null, "policy": {"♥9": 0.5117299050566914, "pass": 0.48827009494330864}, "value": 0.5509543418884277}}
{"episode_end": {"episode": 27, "ended": true}}
{"episode_summary": {"episode": 28, "seed": 12373, "ended": true, "steps_count": 92, "winner": 3}}
{"initial_hands": [["♥6", "♠2", "♣A", "♠7", "♣5", "♣7", "♠10", "♦8", "♣J", "♦6", "♠Q", "♠A", "♥8", "♦2"], ["♦J", "♣8", "♥7", "♣2", "♦A", "♣Q", "♥5", "♦5", "♥Q", "♠9", "♥A", "♣3", "♥4"], ["♦4", "♥3", "♠4", "♦K", "♦9", "♠8", "♦7", "♦3", "♦10", "♣6", "♣4", "♠6", "♠3"], ["♦Q", "♣10", "♠J", "♠K", "♣K", "♥10", "♠5", "♥9", "♥J", "♥K", "♣9", "JOKER", "♥2"]]}
{"step": {"step": 1, "player_id": 2, "played": ["♥3"], "field_after": ["♥3"], "reset_reason": null, "policy": {"♠3": 0.05346754727578541, "♥3": 0.04630213288484797, "♦3": 0.04362305524107952, "♠4": 0.0485884290048212, "♣4": 0.04657402318949524, "♦4": 0.058278188163655646, "♠6": 0.040602130995147596, "♣6": 0.04953935411877158, "♦7": 0.05101961649504494, "♠8": 0.04511904186012374, "♦9": 0.037623945860287694, "♦10": 0.04684535674230678, "♥3|♠3": 0.041021925120431194, "♦3|♠3": 0.054584306158090505, "♥3|♦3": 0.04379333914372508, "♠4|♣4": 0.038080992780597796, "♦4|♠4": 0.053645848204864705, "♦4|♣4": 0.04271434669080272, "♣6|♠6": 0.03773309687884409, "♥3|♦3|♠3": 0.0384457766443229, "♦4|♠4|♣4": 0.04828474762320317, "♦K": 0.034112798923750534}, "value": 0.553206205368042}}
{"step": {"step": 2, "player_id": 3, "played": ["♦Q"], "field_after": ["♦Q"], "reset_reason": null, "policy": {"♠5": 0.08290250668574255, "♣9": 0.07636212602324713, "♥9": 0.08109426803949737, "♣10": 0.0787037457239431, "♥10": 0.07461376894501731, "♥2": 0.09190410312965475, "♠J": 0.07170323895267837, "♠K": 0.08644431576066004, "♣K": 0.08073936501252722, "♥J": 0.06640627689912754, "♥K": 0.06299727092439547, "♦Q": 0.0823152168052022, "pass": 0.06381379709830703}, "value": 0.45426055788993835}}
{"step": {"step": 3, "player_id": 0, "played": ["♠2"], "field_after": ["♠2"], "reset_reason": null, "policy": {"♠2": 0.23024166153421158, "♦2": 0.19982322256339832, "♠A": 0.19009249462381986, "♣A": 0.2033565677385753, "pass": 0.17648605353999497}, "value": 0.44054076075553894}}
{"step": {"step": 4, "player_id": 1, "played": null, "field_after": ["♠2"], "reset_reason": null, "policy": {"pass": 1.0}, "value": 0.4468182921409607}}
{"step": {"step": 5, "player_id": 2, "played": null, "field_after": ["♠2"], "reset_reason": null, "policy": {"pass": 1.0}, "value": 0.5564776659011841}}
{"step": {"step": 6, "player_id": 3, "played": null, "field_after": [], "reset_reason": "all_pass", "policy": {"pass": 1.0}, "value": 0.4722006022930145}}
{"step": {"step": 7, "player_id": 0, "played": ["♦8"], "field_after": [], "reset_reason": "eight_cut", "policy": {"♣5": 0.06970180794442717, "♥6": 0.05750201964246075, "♦6": 0.05537155181311808, "♠7": 0.060798341251999136, "♣7": 0.056722035787679585, "♥8": 0.07343017002361492, "♦8": 0.049470023426001854, "♠10": 0.056438736032523466, "♦2": 0.06966079070581382, "♥6|♦6": 0.048769058839911034, "♠7|♣7": 0.04750302702893965, "♦8|♥8": 0.05455991224557659, "♣A|♠A": 0.05013022721948184, "♠A": 0.0671322701533902, "♠Q": 0.059796869550987286, "♣A": 0.04770608120895974, "♣J": 0.07530707712511481}, "value": 0.44611892104148865}}
{"step": {"step": 8, "player_id": 0, "played": ["♣A"], "field_after": ["♣A"], "reset_reason": null, "policy": {"♣5": 0.07909563545293379, "♥6": 0.0646741984061289, "♦6": 0.06272890938210711, "♠7": 0.06880130838640165, "♣7": 0.06491986790864124, "♥8": 0.08470093233555546, "♠10": 0.055942165345970754, "♦2": 0.0655765654024562, "♥6|♦6": 0.07886923781855158, "♠7|♣7": 0.0552750139310292, "♣A|♠A": 0.053902196638494076, "♠A": 0.06218907771765019, "♠Q": 0.057097290952457525, "♣A": 0.07792574843501412, "♣J": 0.06830185188660827}, "value": 0.4489569067955017}}
{"step": {"step": 9, "player_id": 1, "played": ["♣2"], "field_after": ["♣2"], "reset_reason": null, "policy": {"♣2": 0.5376460673362952, "pass": 0.4623539326637047}, "value": 0.447960764169693}}
{"step": {"step": 10, "player_id": 2, "played": null, "field_after": ["♣2"], "reset_reason": null, "policy": {"pass": 1.0}, "value": 0.5558611750602722}}
{"step": {"step": 11, "player_id": 3, "played": null, "field_after": ["♣2"], "reset_reason": null, "policy": {"pass": 1.0}, "value": 0.4757338762283325}}
{"step": {"step": 12, "player_id": 0, "played": null, "field_after": [], "reset_reason": "all_pass", "policy": {"pass": 1.0}, "value": 0.4439708888530731}}
{"step": {"step": 13, "player_id": 1, "played": ["♣Q"], "field_after": ["♣Q"], "reset_reason": null, "policy": {"♣3": 0.07562653305618798, "♥4": 0.06331905362748358, "♥5": 0.07008966730920449, "♦5": 0.06770540397043806, "♥7": 0.06117389554345159, "♣8": 0.08187700669257904, "♠9": 0.06170745618028065, "♥5|♦5": 0.06956100681831504, "♣Q|♥Q": 0.07470895043687337, "♦A|♥A": 0.05508898026681923, "♣Q": 0.05362536667234733, "♥A": 0.06701280353226767, "♥Q": 0.05672058023981159, "♦A": 0.07757608916964899, "♦J": 0.06420720648429154}, "value": 0.46723446249961853}}
{"step": {"step": 14, "player_id": 2, "played": ["♦K"], "field_after": ["♦K"], "reset_reason": null, "policy": {"♦K": 0.5143889233800978, "pass": 0.48561107661990216}, "value": 0.5505405068397522}}
{"step": {"step": 15, "player_id": 3, "played": ["♥2"], "field_after": ["♥2"], "reset_reason": null, "policy": {"♥2": 0.49697393520910604, "pass": 0.503026064790894}, "value": 0.4693051874637604}}
{"step": {"step": 16, "player_id": 0, "played": null, "field_after": ["♥2"], "reset_reason": null, "policy": {"pass": 1.0}, "value": 0.43293923139572144}}
{"step": {"step": 17, "player_id": 1, "played": null, "field_after": ["♥2"], "reset_reason": null, "policy": {"pass": 1.0}, "value": 0.4613620340824127}}
{"step": {"step": 18, "player_id": 2, "played": null, "field_after": [], "reset_reason": "all_pass", "policy": {"pass": 1.0}, "value": 0.5537720918655396}}
{"step": {"step": 19, "player_id": 3, "played": ["♥10", "JOKER"], "field_after": ["♥10", "JOKER"], "reset_reason": null, "policy": {"♠5": 0.026107291923621975, "♣9": 0.023805069201745955, "♥9": 0.023696054203712683, "♣10": 0.023268905063857096, "♥10": 0.02328505155075008, "♠5|JOKER": 0.028948823544967056, "♥9|♣9": 0.020052011825318093, "♣9|JOKER": 0.02301285065777045, "♥9|JOKER": 0.025979748950827948, "♣10|♥10": 0.021639122810114698, "♣10|JOKER": 0.01830566877273499, "♥10|JOKER": 0.025108952224711847, "♠J|JOKER": 0.019870846128745536, "♠K|JOKER": 0.025822412660980214, "♣K|JOKER": 0.022841169753696162, "♥J|JOKER": 0.01970668100213005, "♥K|JOKER": 0.02757889765993523, "♠J|♥J": 0.020293158844024908, "♠K|♣K": 0.020389095483727387, "♠K|♥K": 0.01956377303103541, "♣K|♥K": 0.02652453807713121, "♥9|♣9|JOKER": 0.017652928190134844, "♣10|♥10|JOKER": 0.017587214343968656, "♠J|JOKER|♠K": 0.02483640872976714, "♠J|♥J|JOKER": 0.02281932297278392, "♠K|♣K|JOKER": 0.01793271056285066, "♠K|♥K|JOKER": 0.024222654766279203, "♣K|♥K|JOKER": 0.02046428689271562, "♥J|JOKER|♥K": 0.01870305177224837, "♠K|♣K|♥K": 0.023782757112715398, "♣9|♣10|JOKER": 0.02471612702837979, "JOKER|♥9|♥10": 0.028774958661100167, "♥9|♥10|♥J": 0.021868596831208235, "♥10|♥J|JOKER": 0.01644691572287039, "♠K|♣K|♥K|JOKER": 0.02623031796797406, "♥9|♥10|♥J|JOKER": 0.021986655744062288, "♥10|♥J|JOKER|♥K": 0.017808721183737504, "♥9|♥10|♥J|JOKER|♥K": 0.028624590339734073, "JOKER": 0.024380747943814004, "♠J": 0.02096198025433084, "♠K": 0.022984494190779352, "♣K": 0.02270590430105132, "♥J": 0.02886123958226968, "♥K": 0.019847291533685717}, "value": 0.47180813550949097}}
{"step": {"step": 20, "player_id": 0, "played": null, "field_after": ["♥10", "JOKER"], "reset_reason": null, "policy": {"pass": 1.0}, "value": 0.44744187593460083}}
{"step": {"step": 21, "player_id": 1, "played": ["♦A", "♥A"], "field_after": ["♦A", "♥A"], "reset_reason": null, "policy": {"♦A|♥A": 0.5244013336117005, "pass": 0.4755986663882995}, "value": 0.4754035174846649}}
{"step": {"step": 22, "player_id": 2, "played": null, "field_after": ["♦A", "♥A"], "reset_reason": null, "policy": {"pass": 1.0}, "value": 0.5480183362960815}}
{"step": {"step": 23, "player_id": 3, "played": null, "field_after": ["♦A", "♥A"], "reset_reason": null, "policy": {"pass": 1.0}, "value": 0.47786644101142883}}
{"step": {"step": 24, "player_id": 0, "played": null, "field_after": [], "reset_reason": "all_pass", "policy": {"pass": 1.0}, "value": 0.4395240247249603}}
{"step": {"step": 25, "player_id": 1, "played": ["♥5"], "field_after": ["♥5"], "reset_reason": null, "policy": {"♣3": 0.10771512119299206, "♥4": 0.09420741141267598, "♥5": 0.10184821819178792, "♦5": 0.09921241732885007, "♥7": 0.09367960270641715, "♣8": 0.12093722693301644, "♠9": 0.08448951071853364, "♥5|♦5": 0.09912550633367077, "♥Q": 0.11369503397027046, "♦J": 0.0850899512117855}, "value": 0.4710906744003296}}
{"step": {"step": 26, "player_id": 2, "played": ["♠8"], "field_after": [], "reset_reason": "eight_cut", "policy": {"♠6": 0.14768861377024076, "♣6": 0.13421103918548596, "♦7": 0.13576184467325975, "♠8": 0.14386109343649944, "♦9": 0.1396138589023449, "♦10": 0.17055697471569714, "pass": 0.12830657531647205}, "value": 0.5528391003608704}}
{"step": {"step": 27, "player_id": 2, "played": ["♠6"], "field_after": ["♠6"], "reset_reason": null, "policy": {"♠3": 0.07096208288070772, "♦3": 0.05844463174900844, "♠4": 0.060682384256443705, "♣4": 0.06250479734769814, "♦4": 0.0610828169775334, "♠6": 0.07599516526180489, "♣6": 0.0573280165281777, "♦7": 0.06657444620565334, "♦9": 0.0668838275905796, "♦10": 0.0626772217873198, "♦3|♠3": 0.051109136427236974, "♠4|♣4": 0.06557763489601137, "♦4|♠4": 0.055385898962036745, "♦4|♣4": 0.07111584969479048, "♣6|♠6": 0.060122811854075926, "♦4|♠4|♣4": 0.05355327758092199}, "value": 0.5476354360580444}}
{"step": {"step": 28, "player_id": 3, "played": ["♥K"], "field_after": ["♥K"], "reset_reason": null, "policy": {"♣9": 0.11498651832209597, "♥9": 0.10502874543273873, "♣10": 0.11505179292463355, "♠J": 0.11115475756752664, "♠K": 0.1041042233134065, "♣K": 0.12858656215609518, "♥J": 0.098857336071105, "♥K": 0.11072762727409097, "pass": 0.11150243693830744}, "value": 0.455687940120697}}
{"step": {"step": 29, "player_id": 0, "played": ["♠A"], "field_after": ["♠A"], "reset_reason": null, "policy": {"♦2": 0.3509029336342548, "♠A": 0.33567385529805843, "pass": 0.3134232110676868}, "value": 0.4254266321659088}}
{"step": {"step": 30, "player_id": 1, "played": null, "field_after": ["♠A"], "reset_reason": null, "policy": {"pass": 1.0}, "value": 0.46352046728134155}}
{"step": {"step": 31, "player_id": 2, "played": null, "field_after": ["♠A"], "reset_reason": null, "policy": {"pass": 1.0}, "value": 0.5554124712944031}}
{"step": {"step": 32, "player_id": 3, "played": null, "field_after": [], "reset_reason": "all_pass", "policy": {"pass": 1.0}, "value": 0.4703214466571808}}
{"step": {"step": 33, "player_id": 0, "played": ["♠7"], "field_after": ["♠7"], "reset_reason": null, "policy": {"♣5": 0.09667714853967219, "♥6": 0.08213581587409954, "♦6": 0.07798162882775377, "♠7": 0.08540492797571164, "♣7": 0.08213509345906779, "♥8": 0.10693272971164845, "♠10": 0.06977739931471667, "♦2": 0.08155486616925083, "♥6|♦6": 0.09794462383062125, "♠7|♣7": 0.07219991660280492, "♠Q": 0.06674866808747189, "♣J": 0.08050718160718107}, "value": 0.45099306106567383}}
{"step": {"step": 34, "player_id": 1, "played": ["♠9"], "field_after": ["♠9"], "reset_reason": null, "policy": {"♣8": 0.23061746844155473, "♠9": 0.19205041844102705, "♥Q": 0.21156000736591726, "♦J": 0.19213368621527724, "pass": 0.1736384195362238}, "value": 0.47424817085266113}}
{"step": {"step": 35, "player_id": 2, "played": ["♦10"], "field_after": ["♦10"], "reset_reason": null, "policy": {"♦10": 0.5422515729581627, "pass": 0.4577484270418372}, "value": 0.5429297089576721}}
{"step": {"step": 36, "player_id": 3, "played": ["♣K"], "field_after": ["♣K"], "reset_reason": null, "policy": {"♠J": 0.21107435377392136, "♠K": 0.19198857648959736, "♣K": 0.20787026284398574, "♥J": 0.19888529017050494, "pass": 0.19018151672199063}, "value": 0.47363296151161194}}
{"step": {"step": 37, "player_id": 0, "played": ["♦2"], "field_after": ["♦2"], "reset_reason": null, "policy": {"♦2": 0.494624106626945, "pass": 0.5053758933730549}, "value": 0.42404666543006897}}
{"step": {"step": 38, "player_id": 1, "played": null, "field_after": ["♦2"], "reset_reason": null, "policy": {"pass": 1.0}, "value": 0.4602447748184204}}
{"step": {"step": 39, "player_id": 2, "played": null, "field_after": ["♦2"], "reset_reason": null, "policy": {"pass": 1.0}, "value": 0.5646342039108276}}
{"step": {"step": 40, "player_id": 3, "played": null, "field_after": [], "reset_reason": "all_pass", "policy": {"pass": 1.0}, "value": 0.4758041501045227}}
{"step": {"step": 41, "player_id": 0, "played": ["♠10"], "field_after": ["♠10"], "reset_reason": null, "policy": {"♣5": 0.12288302814437091, "♥6": 0.10333701140365632, "♦6": 0.10336405657929973, "♣7": 0.11082710747582099, "♥8": 0.10622445928632805, "♠10": 0.13411129372957029, "♥6|♦6": 0.09140538188100514, "♠Q": 0.10617914788685905, "♣J": 0.12166851361308963}, "value": 0.44574347138404846}}
{"step": {"step": 42, "player_id": 1, "played": ["♦J"], "field_after": ["♦J"], "reset_reason": null, "policy": {"♥Q": 0.33580551504618367, "♦J": 0.3207480541991788, "pass": 0.3434464307546375}, "value": 0.48036807775497437}}
{"step": {"step": 43, "player_id": 2, "played": null, "field_after": ["♦J"], "reset_reason": null, "policy": {"pass": 1.0}, "value": 0.5670316815376282}}
{"step": {"step": 44, "player_id": 3, "played": ["♠K"], "field_after": ["♠K"], "reset_reason": null, "policy": {"♠K": 0.5177152239553467, "pass": 0.48228477604465325}, "value": 0.48549461364746094}}
{"step": {"step": 45, "player_id": 0, "played": null, "field_after": ["♠K"], "reset_reason": null, "policy": {"pass": 1.0}, "value": 0.42691221833229065}}
{"step": {"step": 46, "player_id": 1, "played": null, "field_after": ["♠K"], "reset_reason": null, "policy": {"pass": 1.0}, "value": 0.4764585793018341}}
{"step": {"step": 47, "player_id": 2, "played": null, "field_after": [], "reset_reason": "all_pass", "policy": {"pass": 1.0}, "value": 0.5417252779006958}}
{"step": {"step": 48, "player_id": 3, "played": ["♣10"], "field_after": ["♣10"], "reset_reason": null, "policy": {"♠5": 0.13781331439052735, "♣9": 0.1198398631449326, "♥9": 0.12163189389868048, "♣10": 0.12193772877672873, "♥9|♣9": 0.12451812669848895, "♠J|♥J": 0.1583768013619487, "♠J": 0.1004277243030436, "♥J": 0.11545454742564956}, "value": 0.48650243878364563}}
{"step": {"step": 49, "player_id": 0, "played": ["♠Q"], "field_after": ["♠Q"], "reset_reason": null, "policy": {"♠Q": 0.3367840049590605, "♣J": 0.3292520660008212, "pass": 0.33396392904011823}, "value": 0.44558185338974}}
{"step": {"step": 50, "player_id": 1, "played": null, "field_after": ["♠Q"], "reset_reason": null, "policy": {"pass": 1.0}, "value": 0.4779030978679657}}
{"step": {"step": 51, "player_id": 2, "played": null, "field_after": ["♠Q"], "reset_reason": null, "policy": {"pass": 1.0}, "value": 0.5482003092765808}}
{"step": {"step": 52, "player_id": 3, "played": null, "field_after": [], "reset_reason": "all_pass", "policy": {"pass": 1.0}, "value": 0.4798121750354767}}
{"step": {"step": 53, "player_id": 0, "played": ["♥8"], "field_after": [], "reset_reason": "eight_cut", "policy": {"♣5": 0.16415580595357626, "♥6": 0.136381180059925, "♦6": 0.13787039589591882, "♣7": 0.1416162931353786, "♥8": 0.13156547368504853, "♥6|♦6": 0.17056706839347746, "♣J": 0.11784378287667521}, "value": 0.4442353844642639}}
{"step": {"step": 54, "player_id": 0, "played": ["♣5"], "field_after": ["♣5"], "reset_reason": null, "policy": {"♣5": 0.18361883432202283, "♥6": 0.15472433630909813, "♦6": 0.15393464336269497, "♣7": 0.1581058832079902, "♥6|♦6": 0.1502910155945132, "♣J": 0.19932528720368078}, "value": 0.4457683563232422}}
{"step": {"step": 55, "player_id": 1, "played": ["♥7"], "field_after": ["♥7"], "reset_reason": null, "policy": {"♥7": 0.25040488593417226, "♣8": 0.23545959627343058, "♥Q": 0.272082660310668, "pass": 0.24205285748172914}, "value": 0.4812631905078888}}
{"step": {"step": 56, "player_id": 2, "played": ["♦9"], "field_after": ["♦9"], "reset_reason": null, "policy": {"♦9": 0.5274574842078275, "pass": 0.47254251579217255}, "value": 0.5498661398887634}}
{"step": {"step": 57, "player_id": 3, "played": ["♠J"], "field_after": ["♠J"], "reset_reason": null, "policy": {"♠J": 0.3591585947005793, "♥J": 0.3102823986954514, "pass": 0.3305590066039693}, "value": 0.4786606431007385}}
{"step": {"step": 58, "player_id": 0, "played": null, "field_after": ["♠J"], "reset_reason": null, "policy": {"pass": 1.0}, "value": 0.4381142556667328}}
{"step": {"step": 59, "player_id": 1, "played": ["♥Q"], "field_after": ["♥Q"], "reset_reason": null, "policy": {"♥Q": 0.5112317138144431, "pass": 0.4887682861855568}, "value": 0.47059550881385803}}
{"step": {"step": 60, "player_id": 2, "played": null, "field_after": ["♥Q"], "reset_reason": null, "policy": {"pass": 1.0}, "value": 0.5625688433647156}}
{"step": {"step": 61, "player_id": 3, "played": null, "field_after": ["♥Q"], "reset_reason": null, "policy": {"pass": 1.0}, "value": 0.4759339392185211}}
{"step": {"step": 62, "player_id": 0, "played": null, "field_after": [], "reset_reason": "all_pass", "policy": {"pass": 1.0}, "value": 0.44998279213905334}}
{"step": {"step": 63, "player_id": 1, "played": ["♣8"], "field_after": [], "reset_reason": "eight_cut", "policy": {"♣3": 0.2684857938855631, "♥4": 0.23337375188415735, "♦5": 0.2556367653928986, "♣8": 0.24250368883738097}, "value": 0.4894888401031494}}
{"step": {"step": 64, "player_id": 1, "played": ["♥4"], "field_after": ["♥4"], "reset_reason": null, "policy": {"♣3": 0.3559317977019296, "♥4": 0.30696755423004934, "♦5": 0.33710064806802115}, "value": 0.484538733959198}}
{"step": {"step": 65, "player_id": 2, "played": ["♦7"], "field_after": ["♦7"], "reset_reason": null, "policy": {"♣6": 0.35603417033949203, "♦7": 0.32668444906422006, "pass": 0.3172813805962879}, "value": 0.5539103746414185}}
{"step": {"step": 66, "player_id": 3, "played": ["♥J"], "field_after": ["♥J"], "reset_reason": null, "policy": {"♣9": 0.25979364369489555, "♥9": 0.2507954921150977, "♥J": 0.25120389612344235, "pass": 0.2382069680665645}, "value": 0.46927782893180847}}
{"step": {"step": 67, "player_id": 0, "played": null, "field_after": ["♥J"], "reset_reason": null, "policy": {"pass": 1.0}, "value": 0.4455159902572632}}
{"step": {"step": 68, "player_id": 1, "played": null, "field_after": ["♥J"], "reset_reason": null, "policy": {"pass": 1.0}, "value": 0.45504307746887207}}
{"step": {"step": 69, "player_id": 2, "played": null, "field_after": [], "reset_reason": "all_pass", "policy": {"pass": 1.0}, "value": 0.5467631816864014}}
{"step": {"step": 70, "player_id": 3, "played": ["♥9"], "field_after": ["♥9"], "reset_reason": null, "policy": {"♠5": 0.27522428188570885, "♣9": 0.23611834404651175, "♥9": 0.24960641972149175, "♥9|♣9": 0.23905095434628773}, "value": 0.47932153940200806}}
{"step": {"step": 71, "player_id": 0, "played": ["♣J"], "field_after": ["♣J"], "reset_reason": null, "policy": {"♣J": 0.5266976750459141, "pass": 0.47330232495408586}, "value": 0.44266554713249207}}
{"step": {"step": 72, "player_id": 1, "played": null, "field_after": ["♣J"], "reset_reason": null, "policy": {"pass": 1.0}, "value": 0.4406968355178833}}
{"step": {"step": 73, "player_id": 2, "played": null, "field_after": ["♣J"], "reset_reason": null, "policy": {"pass": 1.0}, "value": 0.5523049235343933}}
{"step": {"step": 74, "player_id": 3, "played": null, "field_after": [], "reset_reason": "all_pass", "policy": {"pass": 1.0}, "value": 0.47274625301361084}}
{"step": {"step": 75, "player_id": 0, "played": ["♣7"], "field_after": ["♣7"], "reset_reason": null, "policy": {"♥6": 0.2858102018375305, "♦6": 0.2388147849932052, "♣7": 0.23614448530117882, "♥6|♦6": 0.23923052786808552}, "value": 0.44882532954216003}}
{"step": {"step": 76, "player_id": 1, "played": null, "field_after": ["♣7"], "reset_reason": null, "policy": {"pass": 1.0}, "value": 0.47661733627319336}}
{"step": {"step": 77, "player_id": 2, "played": null, "field_after": ["♣7"], "reset_reason": null, "policy": {"pass": 1.0}, "value": 0.5560362935066223}}
{"step": {"step": 78, "player_id": 3, "played": ["♣9"], "field_after": ["♣9"], "reset_reason": null, "policy": {"♣9": 0.5337589572732367, "pass": 0.46624104272676337}, "value": 0.4649909436702728}}
{"step": {"step": 79, "player_id": 0, "played": null, "field_after": ["♣9"], "reset_reason": null, "policy": {"pass": 1.0}, "value": 0.43070486187934875}}
{"step": {"step": 80, "player_id": 1, "played": null, "field_after": ["♣9"], "reset_reason": null, "policy": {"pass": 1.0}, "value": 0.48075127601623535}}
{"step": {"step": 81, "player_id": 2, "played": null, "field_after": [], "reset_reason": "all_pass", "policy": {"pass": 1.0}, "value": 0.5546537637710571}}
{"step": {"step": 82, "player_id": 3, "played": ["♠5"], "field_after": ["♠5"], "reset_reason": null, "policy": {"♠5": 1.0}, "value": 0.4779207408428192}}
{"step": {"step": 83, "player_id": 0, "played": ["♥6"], "field_after": ["♥6"], "reset_reason": null, "policy": {"♥6": 0.32946139341788044, "♦6": 0.3205325031225971, "pass": 0.35000610345952243}, "value": 0.4543745219707489}}
{"step": {"step": 84, "player_id": 1, "played": null, "field_after": ["♥6"], "reset_reason": null, "policy": {"pass": 1.0}, "value": 0.483195036649704}}
{"step": {"step": 85, "player_id": 2, "played": null, "field_after": [], "reset_reason": "all_pass", "policy": {"pass": 1.0}, "value": 0.5601328611373901}}
{"step": {"step": 86, "player_id": 0, "played": ["♦6"], "field_after": ["♦6"], "reset_reason": null, "policy": {"♦6": 1.0}, "value": 0.4460161626338959}}
{"step": {"step": 87, "player_id": 1, "played": null, "field_after": ["♦6"], "reset_reason": null, "policy": {"pass": 1.0}, "value": 0.4787532389163971}}
{"step": {"step": 88, "player_id": 2, "played": null, "field_after": [], "reset_reason": "all_pass", "policy": {"pass": 1.0}, "value": 0.5526648759841919}}
{"step": {"step": 89, "player_id": 0, "played": null, "field_after": [], "reset_reason": null, "policy": {}, "value": 1.0}}
{"step": {"step": 90, "player_id": 1, "played": ["♣3"], "field_after": ["♣3"], "reset_reason": null, "policy": {"♣3": 0.5377506705683253, "♦5": 0.46224932943167474}, "value": 0.4832915961742401}}
{"step": {"step": 91, "player_id": 2, "played": ["♦4"], "field_after": ["♦4"], "reset_reason": null, "policy": {"♠4": 0.2273282106376773, "♣4": 0.192499976412669, "♦4": 0.20567738448098305, "♣6": 0.18865576096038544, "pass": 0.18583866750828515}, "value": 0.5604794025421143}}
{"step": {"step": 92, "player_id": 1, "played": ["♦5"], "field_after": ["♦5"], "reset_reason": null, "policy": {"♦5": 0.5397341180986381, "pass": 0.46026588190136186}, "value": 0.4834999442100525}}
{"episode_end": {"episode": 28, "ended": true}}
{"episode_summary": {"episode": 29, "seed": 12374, "ended": true, "steps_count": 76, "winner": 3}}
{"initial_hands": [["♥J", "♦5", "♦7", "♦2", "♣6", "♦Q", "♥6", "♠7", "♥K", "♣7", "♠Q", "JOKER", "♠9", "♥A"], ["♦4", "♦10", "♥3", "♠6", "♥4", "♥9", "♥10", "♣9", "♠5", "♦8", "♦6", "♣K", "♠3"], ["♣4", "♦A", "♠K", "♣A", "♣Q", "♠10", "♦K", "♦3", "♠J", "♠8", "♥8", "♣3", "♠4"], ["♣5", "♥Q", "♣J", "♣10", "♥7", "♣8", "♥2", "♦J", "♠2", "♦9", "♥5", "♣2", "♠A"]]}
{"step": {"step": 1, "player_id": 2, "played": ["♣3"], "field_after": ["♣3"], "reset_reason": null, "policy": {"♣3": 0.06732911994715182, "♦3": 0.05238213947526944, "♠4": 0.056795977425612675, "♣4": 0.056507748689975136, "♠8": 0.0535004673398548, "♥8": 0.06562418667015019, "♠10": 0.05156260733542091, "♦3|♣3": 0.05552346657680308, "♣4|♠4": 0.062032610800563236, "♠8|♥8": 0.046660031217752654, "♠K|♦K": 0.049782993565577645, "♦A|♣A": 0.055402398502055625, "♠J": 0.05012103192445775, "♠K": 0.06500873835987364, "♣A": 0.05078408063351056, "♣Q": 0.04719474166941091, "♦A": 0.06550586869418767, "♦K": 0.048281791172372454}, "value": 0.531603217124939}}
{"step": {"step": 2, "player_id": 3, "played": ["♦9"], "field_after": ["♦9"], "reset_reason": null, "policy": {"♣5": 0.07947050496320367, "♥5": 0.06888291007231209, "♥7": 0.0718603364292416, "♣8": 0.0733288205124483, "♦9": 0.07278757949868389, "♣10": 0.0908948703371734, "♠2": 0.05829108434119762, "♣2": 0.0788409260189983, "♥2": 0.07382717902555018, "♠A": 0.059423477930509803, "♣J": 0.05905777700362551, "♥Q": 0.06760408839469749, "♦J": 0.06312050949710832, "pass": 0.08260993597524993}, "value": 0.4666040241718292}}
{"step": {"step": 3, "player_id": 0, "played": ["♥A"], "field_after": ["♥A"], "reset_reason": null, "policy": {"♦2": 0.1439074630146539, "♠Q": 0.14675673689872765, "♥A": 0.12670201049000934, "♥J": 0.13960460018431722, "♥K": 0.1246475259938017, "♦Q": 0.19362852035015862, "pass": 0.12475314306833159}, "value": 0.45538613200187683}}
{"step": {"step": 4, "player_id": 1, "played": null, "field_after": ["♥A"], "reset_reason": null, "policy": {"pass": 1.0}, "value": 0.45919087529182434}}
{"step": {"step": 5, "player_id": 2, "played": null, "field_after": ["♥A"], "reset_reason": null, "policy": {"pass": 1.0}, "value": 0.5228215456008911}}
{"step": {"step": 6, "player_id": 3, "played": ["♣2"], "field_after": ["♣2"], "reset_reason": null, "policy": {"♠2": 0.27028808099933, "♣2": 0.235101311601613, "♥2": 0.2526404774619862, "pass": 0.24197012993707076}, "value": 0.4718758165836334}}
{"step": {"step": 7, "player_id": 0, "played": null, "field_after": ["♣2"], "reset_reason": null, "policy": {"pass": 1.0}, "value": 0.45467251539230347}}
{"step": {"step": 8, "player_id": 1, "played": null, "field_after": ["♣2"], "reset_reason": null, "policy": {"pass": 1.0}, "value": 0.4790053963661194}}
{"step": {"step": 9, "player_id": 2, "played": null, "field_after": [], "reset_reason": "all_pass", "policy": {"pass": 1.0}, "value": 0.53353351354599}}
{"step": {"step": 10, "player_id": 3, "played": ["♣5", "♥5"], "field_after": ["♣5", "♥5"], "reset_reason": null, "policy": {"♣5": 0.0814303712666764, "♥5": 0.06803912438507644, "♥7": 0.06679389047129762, "♣8": 0.0706213445767484, "♣10": 0.07045100023050713, "♠2": 0.08761493255400865, "♥2": 0.06004399621189827, "♣5|♥5": 0.07447847873403328, "♥2|♠2": 0.08309030171333659, "♣J|♦J": 0.06142393801704112, "♠A": 0.05829817162357515, "♣J": 0.07249187826515961, "♥Q": 0.06199354952566705, "♦J": 0.08322902242497415}, "value": 0.4714934527873993}}
{"step": {"step": 11, "player_id": 0, "played": ["♠9", "JOKER(♠9)"], "field_after": ["♠9", "JOKER(♠9)"], "reset_reason": null, "policy": {"♣6|♥6": 0.0574383398851792, "♣6|JOKER(♠9)": 0.06051017798581398, "♥6|JOKER(♠9)": 0.05746962162799062, "♠7|♣7": 0.0613271537070766, "♦7|♠7": 0.05886716975338494, "♦7|♣7": 0.07187758197904735, "♠7|JOKER(♠9)": 0.04940618035241191, "♣7|JOKER(♠9)": 0.06280820555534052, "♦7|JOKER(♠9)": 0.06226571285291802, "♠9|JOKER(♠9)": 0.0553336010084055, "♦2|JOKER(♠9)": 0.04683996974136092, "♠Q|JOKER(♠9)": 0.06160277666962767, "♥J|JOKER(♠9)": 0.047058878675897656, "♥K|JOKER(♠9)": 0.06976169591897133, "♦Q|JOKER(♠9)": 0.059386600618670064, "♦Q|♠Q": 0.04831111579610245, "pass": 0.06973521787180118}, "value": 0.462027907371521}}
{"step": {"step": 12, "player_id": 1, "played": ["♦10", "♥10"], "field_after": ["♦10", "♥10"], "reset_reason": null, "policy": {"♦10|♥10": 0.5072798641280076, "pass": 0.49272013587199237}, "value": 0.48102855682373047}}
{"step": {"step": 13, "player_id": 2, "played": ["♠K", "♦K"], "field_after": ["♠K", "♦K"], "reset_reason": null, "policy": {"♠K|♦K": 0.3492151555069748, "♦A|♣A": 0.31563494701903555, "pass": 0.33514989747398977}, "value": 0.5092396140098572}}
{"step": {"step": 14, "player_id": 3, "played": ["♥2", "♠2"], "field_after": ["♥2", "♠2"], "reset_reason": null, "policy": {"♥2|♠2": 0.5472072682583643, "pass": 0.45279273174163576}, "value": 0.4665829837322235}}
{"step": {"step": 15, "player_id": 0, "played": null, "field_after": ["♥2", "♠2"], "reset_reason": null, "policy": {"pass": 1.0}, "value": 0.46626949310302734}}
{"step": {"step": 16, "player_id": 1, "played": null, "field_after": ["♥2", "♠2"], "reset_reason": null, "policy": {"pass": 1.0}, "value": 0.46683362126350403}}
{"step": {"step": 17, "player_id": 2, "played": null, "field_after": [], "reset_reason": "all_pass", "policy": {"pass": 1.0}, "value": 0.547063410282135}}
{"step": {"step": 18, "player_id": 3, "played": ["♣8"], "field_after": [], "reset_reason": "eight_cut", "policy": {"♥7": 0.13758814634311994, "♣8": 0.12256137252229755, "♣10": 0.11334977515888703, "♣J|♦J": 0.1229432168981907, "♠A": 0.11475206969600968, "♣J": 0.1535696543878621, "♥Q": 0.10532621453456202, "♦J": 0.12990955045907107}, "value": 0.45972999930381775}}
{"step": {"step": 19, "player_id": 3, "played": ["♣10"], "field_after": ["♣10"], "reset_reason": null, "policy": {"♥7": 0.1601972952484988, "♣10": 0.13698191061171935, "♣J|♦J": 0.1304101157469005, "♠A": 0.14039824000337978, "♣J": 0.13212295262072032, "♥Q": 0.17727297990219593, "♦J": 0.12261650586658521}, "value": 0.45959022641181946}}
{"step": {"step": 20, "player_id": 0, "played": ["♠Q"], "field_after": ["♠Q"], "reset_reason": null, "policy": {"♦2": 0.17002946374438088, "♠Q": 0.16482938373865152, "♥J": 0.15548279759108719, "♥K": 0.16340638507273236, "♦Q": 0.1423433740370414, "pass": 0.20390859581610649}, "value": 0.45599669218063354}}
{"step": {"step": 21, "player_id": 1, "played": ["♣K"], "field_after": ["♣K"], "reset_reason": null, "policy": {"♣K": 0.5488676181775646, "pass": 0.4511323818224354}, "value": 0.4660246670246124}}
{"step": {"step": 22, "player_id": 2, "played": ["♣A"], "field_after": ["♣A"], "reset_reason": null, "policy": {"♣A": 0.341299153850115, "♦A": 0.32375652295923335, "pass": 0.33494432319065165}, "value": 0.5458177924156189}}
{"step": {"step": 23, "player_id": 3, "played": null, "field_after": ["♣A"], "reset_reason": null, "policy": {"pass": 1.0}, "value": 0.46417850255966187}}
{"step": {"step": 24, "player_id": 0, "played": ["♦2"], "field_after": ["♦2"], "reset_reason": null, "policy": {"♦2": 0.5439234743286855, "pass": 0.4560765256713146}, "value": 0.4503449499607086}}
{"step": {"step": 25, "player_id": 1, "played": null, "field_after": ["♦2"], "reset_reason": null, "policy": {"pass": 1.0}, "value": 0.45407578349113464}}
{"step": {"step": 26, "player_id": 2, "played": null, "field_after": ["♦2"], "reset_reason": null, "policy": {"pass": 1.0}, "value": 0.5613981485366821}}
{"step": {"step": 27, "player_id": 3, "played": null, "field_after": [], "reset_reason": "all_pass", "policy": {"pass": 1.0}, "value": 0.47430187463760376}}
{"step": {"step": 28, "player_id": 0, "played": ["♦Q"], "field_after": ["♦Q"], "reset_reason": null, "policy": {"♦5": 0.07773550388190192, "♣6": 0.07350679624592062, "♥6": 0.06555641504375366, "♠7": 0.07323454477985196, "♣7": 0.06205109798819199, "♦7": 0.08888783045560912, "♣6|♥6": 0.0626055611571447, "♠7|♣7": 0.07126409022928192, "♦7|♠7": 0.08312147605018395, "♦7|♣7": 0.06452880755197386, "♦7|♠7|♣7": 0.05935861704480405, "♥J": 0.07444417068872171, "♥K": 0.06264614173332213, "♦Q": 0.08105894714933834}, "value": 0.46735846996307373}}
{"step": {"step": 29, "player_id": 1, "played": null, "field_after": ["♦Q"], "reset_reason": null, "policy": {"pass": 1.0}, "value": 0.46781834959983826}}
{"step": {"step": 30, "player_id": 2, "played": ["♦A"], "field_after": ["♦A"], "reset_reason": null, "policy": {"♦A": 0.5468310534471649, "pass": 0.45316894655283513}, "value": 0.542644202709198}}
{"step": {"step": 31, "player_id": 3, "played": null, "field_after": ["♦A"], "reset_reason": null, "policy": {"pass": 1.0}, "value": 0.4680226743221283}}
{"step": {"step": 32, "player_id": 0, "played": null, "field_after": ["♦A"], "reset_reason": null, "policy": {"pass": 1.0}, "value": 0.4434109628200531}}
{"step": {"step": 33, "player_id": 1, "played": null, "field_after": [], "reset_reason": "all_pass", "policy": {"pass": 1.0}, "value": 0.4583590030670166}}
{"step": {"step": 34, "player_id": 2, "played": ["♦3"], "field_after": ["♦3"], "reset_reason": null, "policy": {"♦3": 0.11174097645965794, "♠4": 0.09382978110673461, "♣4": 0.09488113229618277, "♠8": 0.10004862421734938, "♥8": 0.09057242450425139, "♠10": 0.12427937330779365, "♣4|♠4": 0.08626278138177955, "♠8|♥8": 0.09350977902269215, "♠J": 0.11739650526370991, "♣Q": 0.08747862243984877}, "value": 0.5487006306648254}}
{"step": {"step": 35, "player_id": 3, "played": ["♣J"], "field_after": ["♣J"], "reset_reason": null, "policy": {"♥7": 0.18930135000386908, "♠A": 0.15942082843313893, "♣J": 0.15390703280262588, "♥Q": 0.152867884864639, "♦J": 0.15069802044753539, "pass": 0.1938048834481918}, "value": 0.45578837394714355}}
{"step": {"step": 36, "player_id": 0, "played": ["♥K"], "field_after": ["♥K"], "reset_reason": null, "policy": {"♥K": 0.5202925521213466, "pass": 0.47970744787865344}, "value": 0.44510480761528015}}
{"step": {"step": 37, "player_id": 1, "played": null, "field_after": ["♥K"], "reset_reason": null, "policy": {"pass": 1.0}, "value": 0.4542304575443268}}
{"step": {"step": 38, "player_id": 2, "played": null, "field_after": ["♥K"], "reset_reason": null, "policy": {"pass": 1.0}, "value": 0.5314221978187561}}
{"step": {"step": 39, "player_id": 3, "played": ["♠A"], "field_after": ["♠A"], "reset_reason": null, "policy": {"♠A": 0.5260060882070847, "pass": 0.47399391179291533}, "value": 0.4601327180862427}}
{"step": {"step": 40, "player_id": 0, "played": null, "field_after": ["♠A"], "reset_reason": null, "policy": {"pass": 1.0}, "value": 0.44462233781814575}}
{"step": {"step": 41, "player_id": 1, "played": null, "field_after": ["♠A"], "reset_reason": null, "policy": {"pass": 1.0}, "value": 0.4708806574344635}}
{"step": {"step": 42, "player_id": 2, "played": null, "field_after": [], "reset_reason": "all_pass", "policy": {"pass": 1.0}, "value": 0.54295414686203}}
{"step": {"step": 43, "player_id": 3, "played": ["♦J"], "field_after": ["♦J"], "reset_reason": null, "policy": {"♥7": 0.37426526921533776, "♥Q": 0.31147308774684723, "♦J": 0.31426164303781506}, "value": 0.4672424793243408}}
{"step": {"step": 44, "player_id": 0, "played": null, "field_after": ["♦J"], "reset_reason": null, "policy": {"pass": 1.0}, "value": 0.4525066316127777}}
{"step": {"step": 45, "player_id": 1, "played": null, "field_after": ["♦J"], "reset_reason": null, "policy": {"pass": 1.0}, "value": 0.4719860553741455}}
{"step": {"step": 46, "player_id": 2, "played": ["♣Q"], "field_after": ["♣Q"], "reset_reason": null, "policy": {"♣Q": 0.5116623634070407, "pass": 0.4883376365929593}, "value": 0.5474874973297119}}
{"step": {"step": 47, "player_id": 3, "played": null, "field_after": ["♣Q"], "reset_reason": null, "policy": {"pass": 1.0}, "value": 0.4663446247577667}}
{"step": {"step": 48, "player_id": 0, "played": null, "field_after": ["♣Q"], "reset_reason": null, "policy": {"pass": 1.0}, "value": 0.4623536467552185}}
{"step": {"step": 49, "player_id": 1, "played": null, "field_after": [], "reset_reason": "all_pass", "policy": {"pass": 1.0}, "value": 0.46720585227012634}}
{"step": {"step": 50, "player_id": 2, "played": ["♣4", "♠4"], "field_after": ["♣4", "♠4"], "reset_reason": null, "policy": {"♠4": 0.13541063311266907, "♣4": 0.11291084524991118, "♠8": 0.12157119265320236, "♥8": 0.12915966427067838, "♠10": 0.11922743929175739, "♣4|♠4": 0.1493341074566064, "♠8|♥8": 0.11198116096235451, "♠J": 0.12040495700282078}, "value": 0.5453298687934875}}
{"step": {"step": 51, "player_id": 3, "played": null, "field_after": ["♣4", "♠4"], "reset_reason": null, "policy": {"pass": 1.0}, "value": 0.4704681634902954}}
{"step": {"step": 52, "player_id": 0, "played": ["♣6", "♥6"], "field_after": ["♣6", "♥6"], "reset_reason": null, "policy": {"♣6|♥6": 0.21325306397481159, "♠7|♣7": 0.20027760842459952, "♦7|♠7": 0.19145256117220288, "♦7|♣7": 0.2046748135754883, "pass": 0.1903419528528976}, "value": 0.46039456129074097}}
{"step": {"step": 53, "player_id": 1, "played": ["♥9", "♣9"], "field_after": ["♥9", "♣9"], "reset_reason": null, "policy": {"♥9|♣9": 0.5212869387616883, "pass": 0.4787130612383117}, "value": 0.4819220006465912}}
{"step": {"step": 54, "player_id": 2, "played": null, "field_after": ["♥9", "♣9"], "reset_reason": null, "policy": {"pass": 1.0}, "value": 0.5513566732406616}}
{"step": {"step": 55, "player_id": 3, "played": null, "field_after": ["♥9", "♣9"], "reset_reason": null, "policy": {"pass": 1.0}, "value": 0.4735698401927948}}
{"step": {"step": 56, "player_id": 0, "played": null, "field_after": [], "reset_reason": "all_pass", "policy": {"pass": 1.0}, "value": 0.46057191491127014}}
{"step": {"step": 57, "player_id": 1, "played": ["♠3"], "field_after": ["♠3"], "reset_reason": null, "policy": {"♠3": 0.10142037977507774, "♥3": 0.089972346502789, "♥4": 0.09022146763645877, "♦4": 0.09135053090290088, "♠5": 0.09007194934845382, "♠6": 0.11251924297791813, "♦6": 0.0759547927169537, "♦8": 0.09041226635433915, "♥3|♠3": 0.10082496515921194, "♦4|♥4": 0.08394959064526798, "♠6|♦6": 0.07330246798062894}, "value": 0.47373950481414795}}
{"step": {"step": 58, "player_id": 2, "played": ["♠J"], "field_after": ["♠J"], "reset_reason": null, "policy": {"♠8": 0.2131028755349101, "♥8": 0.19585680762477958, "♠10": 0.19494962841655974, "♠J": 0.20659671872074198, "pass": 0.18949396970300847}, "value": 0.5355216860771179}}
{"step": {"step": 59, "player_id": 3, "played": ["♥Q"], "field_after": ["♥Q"], "reset_reason": null, "policy": {"♥Q": 0.5205874909097286, "pass": 0.47941250909027144}, "value": 0.47248759865760803}}
{"step": {"step": 60, "player_id": 0, "played": null, "field_after": ["♥Q"], "reset_reason": null, "policy": {"pass": 1.0}, "value": 0.44865256547927856}}
{"step": {"step": 61, "player_id": 1, "played": null, "field_after": ["♥Q"], "reset_reason": null, "policy": {"pass": 1.0}, "value": 0.4810243248939514}}
{"step": {"step": 62, "player_id": 2, "played": null, "field_after": [], "reset_reason": "all_pass", "policy": {"pass": 1.0}, "value": 0.5499686598777771}}
{"step": {"step": 63, "player_id": 3, "played": ["♥7"], "field_after": ["♥7"], "reset_reason": null, "policy": {"♥7": 1.0}, "value": 0.4660222828388214}}
{"step": {"step": 64, "player_id": 0, "played": ["♥J"], "field_after": ["♥J"], "reset_reason": null, "policy": {"♥J": 0.5290057780283685, "pass": 0.47099422197163154}, "value": 0.4542606472969055}}
{"step": {"step": 65, "player_id": 1, "played": null, "field_after": ["♥J"], "reset_reason": null, "policy": {"pass": 1.0}, "value": 0.4461641013622284}}
{"step": {"step": 66, "player_id": 2, "played": null, "field_after": [], "reset_reason": "all_pass", "policy": {"pass": 1.0}, "value": 0.5374813675880432}}
{"step": {"step": 67, "player_id": 0, "played": ["♦7", "♠7"], "field_after": ["♦7", "♠7"], "reset_reason": null, "policy": {"♦5": 0.1465638637120363, "♠7": 0.11668862933905144, "♣7": 0.11490267936317895, "♦7": 0.11798210582921397, "♠7|♣7": 0.11591918066439798, "♦7|♠7": 0.16179230594785257, "♦7|♣7": 0.10377957137117436, "♦7|♠7|♣7": 0.12237166377309451}, "value": 0.4626418948173523}}
{"step": {"step": 68, "player_id": 1, "played": null, "field_after": ["♦7", "♠7"], "reset_reason": null, "policy": {"pass": 1.0}, "value": 0.48647254705429077}}
{"step": {"step": 69, "player_id": 2, "played": ["♠8", "♥8"], "field_after": [], "reset_reason": "eight_cut", "policy": {"♠8|♥8": 0.5044895004901543, "pass": 0.49551049950984577}, "value": 0.552885890007019}}
{"step": {"step": 70, "player_id": 2, "played": ["♠10"], "field_after": ["♠10"], "reset_reason": null, "policy": {"♠10": 1.0}, "value": 0.5534409284591675}}
{"step": {"step": 71, "player_id": 0, "played": null, "field_after": ["♠10"], "reset_reason": null, "policy": {"pass": 1.0}, "value": 0.45068731904029846}}
{"step": {"step": 72, "player_id": 1, "played": null, "field_after": [], "reset_reason": "all_pass", "policy": {"pass": 1.0}, "value": 0.4803854525089264}}
{"step": {"step": 73, "player_id": 2, "played": null, "field_after": [], "reset_reason": null, "policy": {}, "value": 1.0}}
{"step": {"step": 74, "player_id": 0, "played": ["♦5"], "field_after": ["♦5"], "reset_reason": null, "policy": {"♦5": 0.5490527306269541, "♣7": 0.45094726937304586}, "value": 0.45585113763809204}}
{"step": {"step": 75, "player_id": 1, "played": ["♦6"], "field_after": ["♦6"], "reset_reason": null, "policy": {"♠6": 0.2568520082120378, "♦6": 0.24122698587446118, "♦8": 0.2450129355836448, "pass": 0.25690807032985624}, "value": 0.47511202096939087}}
{"step": {"step": 76, "player_id": 0, "played": ["♣7"], "field_after": ["♣7"], "reset_reason": null, "policy": {"♣7": 0.5033279575690979, "pass": 0.49667204243090224}, "value": 0.45736050605773926}}
{"episode_end": {"episode": 29, "ended": true}}
